team,raw_value,raw_rank,adjusted_value,adjusted_rank,delta,metric
ATL,81.58333333333333,6,81.63899058506607,6,0,pace_per40
CHI,82.83333333333333,3,82.64636134198136,3,0,pace_per40
CON,80.57870370370371,11,80.66401701898792,10,1,pace_per40
DAL,80.61574074074073,10,80.37157956347892,11,-1,pace_per40
GSV,77.2,15,77.40449599696113,15,0,pace_per40
IND,83.23148148148148,2,83.21630173401742,1,1,pace_per40
LAS,83.61352657004831,1,82.97826003787962,2,-1,pace_per40
LVA,80.74537037037037,9,80.85571936714487,9,0,pace_per40
MIN,81.8,5,81.82528350559218,5,0,pace_per40
NYL,80.75925925925925,8,81.11179644060628,8,0,pace_per40
PDX,79.57333333333334,14,79.54150893227825,14,0,pace_per40
PHX,80.15555555555555,12,79.87719418215971,13,-1,pace_per40
SEA,80.90598290598291,7,81.18185096793019,7,0,pace_per40
TOR,82.11574074074073,4,81.83677892404577,4,0,pace_per40
WAS,80.06280193236715,13,79.91141043345088,12,1,pace_per40
ATL,0.3768439734218608,9,0.3794005155338156,8,1,fg3a_rate
CHI,0.3354437835184549,12,0.33456188014133825,12,0,fg3a_rate
CON,0.26667740704615084,15,0.2698774163662335,15,0,fg3a_rate
DAL,0.3398958494501467,10,0.3384431396288266,11,-1,fg3a_rate
GSV,0.447567393915426,1,0.44476879898684474,1,0,fg3a_rate
IND,0.396953168780746,5,0.3907373932339466,5,0,fg3a_rate
LAS,0.3847354582040725,6,0.3854128776179958,6,0,fg3a_rate
LVA,0.3375165592741474,11,0.34233314387878216,10,1,fg3a_rate
MIN,0.3191093666184324,13,0.3227896043612729,13,0,fg3a_rate
NYL,0.44063780718758583,2,0.4345205980680261,2,0,fg3a_rate
PDX,0.41829884329296485,3,0.41908422627421604,3,0,fg3a_rate
PHX,0.3805651088154472,8,0.3810395450728583,7,1,fg3a_rate
SEA,0.38071033904275337,7,0.3793168625513716,9,-2,fg3a_rate
TOR,0.4107371789020958,4,0.40789157560126826,4,0,fg3a_rate
WAS,0.3068251270943698,14,0.3094367316939221,14,0,fg3a_rate
ATL,0.6448438157184941,12,0.6489674768378704,12,0,assisted_rate
CHI,0.6835379363607019,3,0.649378399450521,4,-1,assisted_rate
CON,0.6511032069178763,11,0.6490055915035722,11,0,assisted_rate
DAL,0.6573671514113818,10,0.6491891472087566,8,2,assisted_rate
GSV,0.6339357946655892,13,0.6489047445612351,13,0,assisted_rate
IND,0.6316039966401967,14,0.6488134308957829,15,-1,assisted_rate
LAS,0.6615844015824257,7,0.6492203971689944,7,0,assisted_rate
LVA,0.6857717651995788,2,0.6494172836601576,2,0,assisted_rate
MIN,0.6307376780813632,15,0.6488471543338088,14,1,assisted_rate
NYL,0.6860338965768099,1,0.6493987335952189,3,-2,assisted_rate
PDX,0.6784677840855784,5,0.6494622136886237,1,4,assisted_rate
PHX,0.6736869064589975,6,0.6493682399924634,5,1,assisted_rate
SEA,0.657827785603159,9,0.649131573424569,10,-1,assisted_rate
TOR,0.6613097391687748,8,0.6491531368010794,9,-1,assisted_rate
WAS,0.6818045681475845,4,0.6493609729980789,6,-2,assisted_rate
ATL,0.11294371540158964,1,0.10704916976041064,1,0,transition_share
CHI,0.08615590315997096,6,0.08520196101109224,6,0,transition_share
CON,0.08457188808446742,7,0.08288720052518125,8,-1,transition_share
DAL,0.11130313142106284,2,0.10675380094398301,2,0,transition_share
GSV,0.061917940391584575,14,0.06477219360557654,14,0,transition_share
IND,0.07621802139010236,12,0.07685866730311405,12,0,transition_share
LAS,0.08451349029640622,8,0.08381103722041226,7,1,transition_share
LVA,0.0816005796804473,10,0.08096506399563534,10,0,transition_share
MIN,0.1054209996186863,3,0.10159096316972038,3,0,transition_share
NYL,0.06634858858022662,13,0.06816496915952877,13,0,transition_share
PDX,0.07820175499409097,11,0.07826049751518922,11,0,transition_share
PHX,0.09688734161389786,4,0.0939618229751024,4,0,transition_share
SEA,0.08303427236407472,9,0.08256696069715176,9,0,transition_share
TOR,0.09065816421082722,5,0.08834223353807602,5,0,transition_share
WAS,0.05943631794418666,15,0.06194788691727045,15,0,transition_share
ATL,1.704808964183964,1,1.6112702597811701,1,0,transition_pts_per_poss
CHI,1.4149891774891774,11,1.46545159306405,9,2,transition_pts_per_poss
CON,1.3337540931290932,14,1.4222502459643123,15,-1,transition_pts_per_poss
DAL,1.5615410052910053,5,1.5442263992729703,4,1,transition_pts_per_poss
GSV,1.6112380952380951,4,1.500768923131207,7,-3,transition_pts_per_poss
IND,1.4363125300625301,10,1.4617004500936193,11,-1,transition_pts_per_poss
LAS,1.3990888054826673,12,1.4499146672341174,12,0,transition_pts_per_poss
LVA,1.5448378010878012,7,1.5215602691434078,5,2,transition_pts_per_poss
MIN,1.4553983268193795,9,1.4368168137179538,14,-5,transition_pts_per_poss
NYL,1.4603174603174602,8,1.492026716320659,8,0,transition_pts_per_poss
PDX,1.3656398046398046,13,1.4627379534522797,10,3,transition_pts_per_poss
PHX,1.6255252525252526,3,1.5562245610397623,3,0,transition_pts_per_poss
SEA,1.5587169774669776,6,1.5051895697761974,6,0,transition_pts_per_poss
TOR,1.6394615800865802,2,1.5971559918483542,2,0,transition_pts_per_poss
WAS,1.2624223602484472,15,1.442176080666565,13,2,transition_pts_per_poss
ATL,0.2139150644232465,1,0.1934379460795715,1,0,off_tov_share
CHI,0.1830184967633507,10,0.18411136714154233,10,0,off_tov_share
CON,0.20544798286868163,3,0.19051404959871898,3,0,off_tov_share
DAL,0.19284560002097537,5,0.18742992476408785,5,0,off_tov_share
GSV,0.19216631307022577,6,0.18674471301916856,6,0,off_tov_share
IND,0.1661442235646929,14,0.1786644763012628,14,0,off_tov_share
LAS,0.17100679494195756,12,0.18098891826645708,12,0,off_tov_share
LVA,0.17050903460260217,13,0.1805372894106687,13,0,off_tov_share
MIN,0.20648927825668595,2,0.19144886975369488,2,0,off_tov_share
NYL,0.15899957615558086,15,0.17574773021155576,15,0,off_tov_share
PDX,0.20370255622446418,4,0.19039398887633735,4,0,off_tov_share
PHX,0.1844244714623804,8,0.1856206685430042,7,1,off_tov_share
SEA,0.189433934693899,7,0.18541997618815195,8,-1,off_tov_share
TOR,0.1802844921325739,11,0.18179727240498383,11,0,off_tov_share
WAS,0.18313113315736815,9,0.18415927530509074,9,0,off_tov_share
ATL,0.17307924188610532,1,0.15412775290045172,1,0,secondchance_share
CHI,0.12092558786170722,13,0.1277698901228723,13,0,secondchance_share
CON,0.15259019362332749,4,0.14154228554307816,5,-1,secondchance_share
DAL,0.13586117674432577,6,0.13489274822049124,6,0,secondchance_share
GSV,0.14869345965928077,5,0.14388321438814175,3,2,secondchance_share
IND,0.1274964730376035,10,0.1315736314411341,10,0,secondchance_share
LAS,0.1244603370009599,12,0.13038200880997214,12,0,secondchance_share
LVA,0.13042957572476802,8,0.1342503461285291,7,1,secondchance_share
MIN,0.1575703200571516,2,0.14765151458202172,2,0,secondchance_share
NYL,0.1327996452242897,7,0.133351043356294,8,-1,secondchance_share
PDX,0.11660832458110866,15,0.1268144401214631,14,1,secondchance_share
PHX,0.11755685524492555,14,0.12586431738222315,15,-1,secondchance_share
SEA,0.12991034298741366,9,0.13318009076325377,9,0,secondchance_share
TOR,0.12555260729310325,11,0.1310414768240207,11,0,secondchance_share
WAS,0.15362714607106215,3,0.1427444897137055,4,-1,secondchance_share
ATL,0.7134917075169912,2,0.6996200516801264,2,0,paint_fgm_share
CHI,0.6826012268133256,3,0.6758758185765992,3,0,paint_fgm_share
CON,0.6756756279690103,4,0.6672605896626391,4,0,paint_fgm_share
DAL,0.5780371593438115,13,0.5840800633383242,13,0,paint_fgm_share
GSV,0.531321710203857,15,0.5404418430607384,15,0,paint_fgm_share
IND,0.5976107015270901,10,0.6021309987368075,10,0,paint_fgm_share
LAS,0.6553298742101009,5,0.6494908015657946,5,0,paint_fgm_share
LVA,0.6232526002486478,8,0.6212557980902541,8,0,paint_fgm_share
MIN,0.595053499054651,11,0.5979216666196621,11,0,paint_fgm_share
NYL,0.6104861395952293,9,0.6116988602262152,9,0,paint_fgm_share
PDX,0.6367865119657667,6,0.632751944278233,6,0,paint_fgm_share
PHX,0.5922144394253513,12,0.5930386318170828,12,0,paint_fgm_share
SEA,0.6248235469468717,7,0.6246299167678128,7,0,paint_fgm_share
TOR,0.5756216573105664,14,0.5798031033847323,14,0,paint_fgm_share
WAS,0.745253775143139,1,0.725278133031642,1,0,paint_fgm_share
ATL,0.42489292685542124,1,0.4099060578847311,1,0,ra_share
CHI,0.38624890626402053,3,0.3722792901382844,2,1,ra_share
CON,0.3767840091868465,4,0.3664367270309982,4,0,ra_share
DAL,0.27266299783858894,12,0.26999217588838126,12,0,ra_share
GSV,0.23096351374834612,14,0.22847999330912627,15,-1,ra_share
IND,0.3261618385973204,7,0.32415071801753587,6,1,ra_share
LAS,0.3296036560503263,6,0.31993990333114625,7,-1,ra_share
LVA,0.23092261556278884,15,0.2306258114443066,14,1,ra_share
MIN,0.33746161256826035,5,0.3301765302901324,5,0,ra_share
NYL,0.3031208679148934,10,0.29814347097727056,10,0,ra_share
PDX,0.318215419777384,8,0.30995821445483374,9,-1,ra_share
PHX,0.2795809289125244,11,0.27604729610628204,11,0,ra_share
SEA,0.27192302399203533,13,0.2687091025094454,13,0,ra_share
TOR,0.3179337158326071,9,0.31202695473873765,8,1,ra_share
WAS,0.39134025605091755,2,0.36852977044343194,3,-1,ra_share
ATL,0.15963089734481295,14,0.17185989238213983,14,0,paint_share
CHI,0.18618171986821005,10,0.19471854105621433,10,0,paint_share
CON,0.1844509389961705,11,0.1923182074307464,11,0,paint_share
DAL,0.21283525180827056,5,0.21432811447930208,4,1,paint_share
GSV,0.2055241838251004,7,0.20774678427132567,7,0,paint_share
IND,0.1697249011141618,12,0.1801423800549741,12,0,paint_share
LAS,0.2001231669958189,8,0.2033133990425645,8,0,paint_share
LVA,0.2663452223404527,1,0.25008641341270227,1,0,paint_share
MIN,0.16377426924621863,13,0.17574035757782283,13,0,paint_share
NYL,0.1892069523158568,9,0.19608309932711826,9,0,paint_share
PDX,0.21361110575671569,4,0.21231617103665024,5,-1,paint_share
PHX,0.20746169678067006,6,0.20793807948759985,6,0,paint_share
SEA,0.23086641215982,2,0.22653116033946724,2,0,paint_share
TOR,0.15601141833109702,15,0.17097217782334798,15,0,paint_share
WAS,0.22225503174989877,3,0.2233922793087799,3,0,paint_share
ATL,0.03863220237790497,15,0.043794535626304434,15,0,mid_share
CHI,0.09324420896793313,10,0.09815038921058761,10,0,mid_share
CON,0.1720876447708322,3,0.17408671246576635,3,0,mid_share
DAL,0.1746059009029938,2,0.1756894031278976,2,0,mid_share
GSV,0.1165509691171881,7,0.12034029797188106,7,0,mid_share
IND,0.10716009150777177,9,0.11152566983859453,9,0,mid_share
LAS,0.08553771874978229,11,0.08992831432188199,11,0,mid_share
LVA,0.165215602822611,4,0.16685307006059305,4,0,mid_share
MIN,0.17965475156708854,1,0.18073633804604147,1,0,mid_share
NYL,0.06703437258166396,13,0.07225405891194855,13,0,mid_share
PDX,0.049874631172935495,14,0.05471590463938749,14,0,mid_share
PHX,0.13239226549135835,5,0.13477072692260356,5,0,mid_share
SEA,0.11704967535484183,6,0.12041922753212227,6,0,mid_share
TOR,0.1158385202675334,8,0.11962151309905539,8,0,mid_share
WAS,0.07957958510481386,12,0.08627343473768173,12,0,mid_share
ATL,0.0345431473528236,9,0.03408173574357451,9,0,corner3_share
CHI,0.044014030235114236,5,0.04053169880811531,5,0,corner3_share
CON,0.017128502953503745,15,0.02116832348074701,15,0,corner3_share
DAL,0.020893989615676137,14,0.023858970575013454,14,0,corner3_share
GSV,0.0402463862733061,6,0.037921496123622556,6,0,corner3_share
IND,0.03583444678465433,8,0.034802197841356644,8,0,corner3_share
LAS,0.029278020508454638,13,0.03002083739465125,13,0,corner3_share
LVA,0.03726015615405216,7,0.0369641644675464,7,0,corner3_share
MIN,0.03285130717599232,12,0.03302381695635632,11,1,corner3_share
NYL,0.04698850957499883,3,0.04219799737257002,3,0,corner3_share
PDX,0.04408233949392399,4,0.04061694033070525,4,0,corner3_share
PHX,0.048802345085359786,2,0.04410191059104455,2,0,corner3_share
SEA,0.03417005070975945,10,0.03349599579466056,10,0,corner3_share
TOR,0.057852897407283686,1,0.050272105975585644,1,0,corner3_share
WAS,0.03287537434388403,11,0.03200060823852994,12,-1,corner3_share
ATL,0.3423008260690372,8,0.34558227775723155,8,0,atb3_share
CHI,0.290311134664722,12,0.2921112310805819,12,0,atb3_share
CON,0.24954890409264707,15,0.2558949876903668,15,0,atb3_share
DAL,0.3190018598344706,10,0.31983239626523285,10,0,atb3_share
GSV,0.40671494703605926,1,0.40431527046600096,1,0,atb3_share
IND,0.3611187219960917,4,0.35598873661719743,5,-1,atb3_share
LAS,0.3554574376956179,5,0.3573829789150461,4,1,atb3_share
LVA,0.30025640312009527,11,0.304316146160953,11,0,atb3_share
MIN,0.2862580594424401,13,0.29102173984499474,13,0,atb3_share
NYL,0.393649297612587,2,0.38946105579413837,2,0,atb3_share
PDX,0.37421650379904087,3,0.3760557695637828,3,0,atb3_share
PHX,0.3317627637300874,9,0.33421147441224036,9,0,atb3_share
SEA,0.3459908377835434,7,0.3459172498276666,7,0,atb3_share
TOR,0.3523634481614788,6,0.35142446768247476,6,0,atb3_share
WAS,0.2739497527504858,14,0.280598289014764,14,0,atb3_share
ATL,0.27813544949479513,1,0.27137483765102033,1,0,driving_share
CHI,0.26308215935083273,2,0.2585137394955141,2,0,driving_share
CON,0.23382808789922854,7,0.232903753834759,7,0,driving_share
DAL,0.18622326940889344,14,0.1897763074928799,14,0,driving_share
GSV,0.2597915026119546,4,0.25285040097922334,4,0,driving_share
IND,0.23254279418711807,8,0.2319201175287012,8,0,driving_share
LAS,0.24393960028090722,5,0.24075248763064866,5,0,driving_share
LVA,0.16058266155470735,15,0.16609856559619673,15,0,driving_share
MIN,0.20676825450202288,13,0.20478693658500355,13,0,driving_share
NYL,0.22892643453375064,9,0.22760435485892971,9,0,driving_share
PDX,0.24373088635866402,6,0.23612053718165046,6,0,driving_share
PHX,0.2069851647737475,12,0.2092605684734589,12,0,driving_share
SEA,0.22282379880588005,10,0.22089813818762818,10,0,driving_share
TOR,0.21572827822539622,11,0.213443514359264,11,0,driving_share
WAS,0.2601399671296691,3,0.25421649634850446,3,0,driving_share
ATL,0.08855692638136022,15,0.09833692943558,15,0,pullup_share
CHI,0.1498767106973821,7,0.1540046391005045,7,0,pullup_share
CON,0.17644522395233778,4,0.17831692991637868,4,0,pullup_share
DAL,0.19703439839980957,2,0.1955743138711507,2,0,pullup_share
GSV,0.1258473081374951,11,0.1308419903561096,11,0,pullup_share
IND,0.1309324854526359,10,0.13581305948437283,10,0,pullup_share
LAS,0.14751334435073588,8,0.15167528552942838,8,0,pullup_share
LVA,0.2045274366233265,1,0.20360301757271526,1,0,pullup_share
MIN,0.18515365132247058,3,0.18484351614160424,3,0,pullup_share
NYL,0.12022785303573318,12,0.12749457090155286,12,0,pullup_share
PDX,0.10348412118171975,13,0.11008031022584577,14,-1,pullup_share
PHX,0.15248395301452397,6,0.15540791873810497,6,0,pullup_share
SEA,0.135628560481285,9,0.14027937710863697,9,0,pullup_share
TOR,0.15575123881612174,5,0.15805005836877292,5,0,pullup_share
WAS,0.10184967607580009,14,0.11091333987095348,13,1,pullup_share
ATL,0.06546089028928964,6,0.06356689631098804,6,0,cutting_share
CHI,0.07966000195269121,3,0.07463441376584419,3,0,cutting_share
CON,0.05464272272761002,12,0.05479368813467776,12,0,cutting_share
DAL,0.06305083525535767,8,0.06230360557907388,8,0,cutting_share
GSV,0.03402701899408248,15,0.03799390554536154,15,0,cutting_share
IND,0.07264922140985867,4,0.06918881780463167,4,0,cutting_share
LAS,0.06791484377432817,5,0.06553729640485718,5,0,cutting_share
LVA,0.052583940526373434,14,0.052848211102437787,14,0,cutting_share
MIN,0.09364873852716192,1,0.08668839506989309,1,0,cutting_share
NYL,0.054091333168144864,13,0.05433359038181332,13,0,cutting_share
PDX,0.08498541140036017,2,0.08022418964279426,2,0,cutting_share
PHX,0.056858404561076686,11,0.05668426024835827,11,0,cutting_share
SEA,0.06245179255783751,9,0.06127007473201095,9,0,cutting_share
TOR,0.060487390686790994,10,0.059671346691699385,10,0,cutting_share
WAS,0.06505405660499362,7,0.06293469103076203,7,0,cutting_share
ATL,0.03368368747771563,3,0.029717732777549438,3,0,putback_share
CHI,0.028096627899573234,5,0.02594315841433033,6,-1,putback_share
CON,0.03966368727954755,1,0.0332415993903515,1,0,putback_share
DAL,0.01865652578491051,12,0.020615639396582792,14,-2,putback_share
GSV,0.01863190281045831,13,0.020892078617360216,13,0,putback_share
IND,0.01803726670010699,15,0.020485287902009715,15,0,putback_share
LAS,0.022604388339613903,9,0.022785208951036393,10,-1,putback_share
LVA,0.024440118187106022,7,0.024094308583279517,7,0,putback_share
MIN,0.02729735907042569,6,0.026330127476180083,5,1,putback_share
NYL,0.0295555515121898,4,0.0273257815564163,4,0,putback_share
PDX,0.01828780391531555,14,0.020981777032759424,12,2,putback_share
PHX,0.02053165213110448,11,0.021232566313473936,11,0,putback_share
SEA,0.023111055649121803,8,0.023617323823970904,8,0,putback_share
TOR,0.022072650769143658,10,0.023352482952463983,9,1,putback_share
WAS,0.037496553348498496,2,0.03173245669804627,2,0,putback_share
ATL,0.3459532789789965,4,0.32925639182952393,4,0,ft_rate
CHI,0.3582592666905194,2,0.340498251724764,2,0,ft_rate
CON,0.3366086942330673,5,0.3241760639286454,5,0,ft_rate
DAL,0.24315338994478475,15,0.26104486122126425,15,0,ft_rate
GSV,0.29427047680318913,11,0.2952810003295432,11,0,ft_rate
IND,0.33165788177398703,7,0.32270567196548855,6,1,ft_rate
LAS,0.3222598885740333,8,0.31448903433229064,8,0,ft_rate
LVA,0.3100454355798602,10,0.3042396927172614,10,0,ft_rate
MIN,0.2680720083499078,14,0.2780232384774659,14,0,ft_rate
NYL,0.33427660044537544,6,0.32101525542969056,7,-1,ft_rate
PDX,0.2792663122248786,13,0.2837022426789588,13,0,ft_rate
PHX,0.3461186934760809,3,0.3321498984561812,3,0,ft_rate
SEA,0.28322319727274325,12,0.28630598651330713,12,0,ft_rate
TOR,0.32057935147149647,9,0.31301141888211337,9,0,ft_rate
WAS,0.4034911554489178,1,0.3675741583315409,1,0,ft_rate
ATL,0.17166231244563276,9,0.17458637807531366,9,0,tov_rate
CHI,0.16297165076013795,12,0.16566432857941937,12,0,tov_rate
CON,0.18204373570854854,6,0.18305868780307524,5,1,tov_rate
DAL,0.14110428652714735,15,0.1500576252159894,15,0,tov_rate
GSV,0.1512814331310722,14,0.1576487438778987,14,0,tov_rate
IND,0.18397076398739148,5,0.1810094729658638,6,-1,tov_rate
LAS,0.1752081928192259,7,0.178243136297184,7,0,tov_rate
LVA,0.1532304944100688,13,0.15792968430808246,13,0,tov_rate
MIN,0.16943750013760528,10,0.17161334594093766,10,0,tov_rate
NYL,0.19021019733956654,3,0.1862618543558481,3,0,tov_rate
PDX,0.19515220109066214,2,0.19303528465888248,2,0,tov_rate
PHX,0.17360082179685318,8,0.17710278087783138,8,0,tov_rate
SEA,0.18656063091579833,4,0.1834502410679278,4,0,tov_rate
TOR,0.16785333351195805,11,0.17015468584362195,11,0,tov_rate
WAS,0.20783582669272038,1,0.201222869116214,1,0,tov_rate
ATL,0.0785160888753498,13,0.08197309648921558,13,0,live_ball_tov_rate
CHI,0.0951449713409536,5,0.09197558814792131,6,-1,live_ball_tov_rate
CON,0.092133322038693,8,0.09143940714985915,7,1,live_ball_tov_rate
DAL,0.06669218287494581,15,0.07114736220008958,15,0,live_ball_tov_rate
GSV,0.07706034448168565,14,0.07873163328255353,14,0,live_ball_tov_rate
IND,0.08829415466085955,10,0.08676616598527573,10,0,live_ball_tov_rate
LAS,0.10120109971462952,4,0.09803615833458673,4,0,live_ball_tov_rate
LVA,0.08480414163159583,11,0.08472619971475065,11,0,live_ball_tov_rate
MIN,0.0915308204692795,9,0.09072205010595087,9,0,live_ball_tov_rate
NYL,0.09269896968844757,7,0.09111402170608705,8,-1,live_ball_tov_rate
PDX,0.10161045070921042,3,0.09874139546508615,3,0,live_ball_tov_rate
PHX,0.09460077413076247,6,0.09291028688059098,5,1,live_ball_tov_rate
SEA,0.10323829560404002,2,0.0991321988750738,2,0,live_ball_tov_rate
TOR,0.08040037675532344,12,0.08243678967213325,12,0,live_ball_tov_rate
WAS,0.12026169296644337,1,0.11068991700219777,1,0,live_ball_tov_rate
