player_id,player_name,team,position,gp,minutes,gmsc_per40,production_tier,rapm,o_rapm,d_rapm,rapm_tier,contested_shots_pg,deflections_pg,hustle_tier,off_rating,def_rating,net_rating,ts_pct,usg_pct
1643424,Costanza Verona,DAL,G,1,5.783333333333333,33.199,below threshold,NA,NA,NA,NA,NA,NA,NA,66.7,100,-33.3,1,0.154
1628932,A'ja Wilson,LVA,C,31,994.295,28.265,top,NA,NA,NA,NA,NA,NA,NA,117.8,105,12.7,0.62,0.323
1629483,Napheesa Collier,MIN,F,8,236.175,22.949,top,NA,NA,NA,NA,NA,NA,NA,120.9,104.3,16.7,0.621,0.257
1641648,Aliyah Boston,IND,C,30,815.9233333333333,21.267,top,NA,NA,NA,NA,NA,NA,NA,113.8,105.1,8.7,0.622,0.253
1627668,Breanna Stewart,NYL,F,33,1094.3266666666666,21.178,top,NA,NA,NA,NA,NA,NA,NA,112.6,108.2,4.4,0.575,0.271
1630150,Chennedy Carter,LVA,G,13,219.92833333333337,21.061,top,NA,NA,NA,NA,NA,NA,NA,112.4,107.3,5.1,0.684,0.26
1642286,Caitlin Clark,IND,G,29,881.7616666666667,20.763,top,NA,NA,NA,NA,NA,NA,NA,113.8,108.2,5.7,0.603,0.309
1628276,Kelsey Plum,PHX,G,16,502.72833333333335,20.655,top,NA,NA,NA,NA,NA,NA,NA,110.6,112.1,-1.5,0.658,0.273
1643426,Olivia Miles,MIN,G,33,1023.4633333333334,20.358,top,NA,NA,NA,NA,NA,NA,NA,115.4,101.9,13.5,0.61,0.261
1628909,Kelsey Mitchell,IND,G,33,1083.513333333333,20.238,top,NA,NA,NA,NA,NA,NA,NA,116.8,107.5,9.3,0.639,0.263
1642289,Kamilla Cardoso,CHI,C,33,870.1833333333333,19.987,top,NA,NA,NA,NA,NA,NA,NA,105.9,109.2,-3.3,0.609,0.224
203827,Natasha Howard,MIN,F,35,1012.8333333333334,19.869,top,NA,NA,NA,NA,NA,NA,NA,116.1,101.5,14.6,0.624,0.214
1642798,Dominique Malonga,SEA,C,26,683.3383333333334,19.569,top,NA,NA,NA,NA,NA,NA,NA,106.2,109.9,-3.8,0.567,0.289
1629491,Jessica Shepard,DAL,F,33,1062.435,19.175,top,NA,NA,NA,NA,NA,NA,NA,110.6,106.7,3.9,0.616,0.181
1642784,Paige Bueckers,DAL,G,32,1066.5466666666666,19.168,top,NA,NA,NA,NA,NA,NA,NA,112.7,108,4.7,0.602,0.244
1629498,Jackie Young,LVA,G,33,1070.7766666666666,19.104,top,NA,NA,NA,NA,NA,NA,NA,115.4,104.7,10.7,0.607,0.233
1628280,Brionna Jones,ATL,F,8,147.66333333333333,19.07,below threshold,NA,NA,NA,NA,NA,NA,NA,110.8,108.8,2,0.614,0.184
1642769,Mai Yamamoto,LVA,G,4,44.31166666666667,19.047,below threshold,NA,NA,NA,NA,NA,NA,NA,94.6,117.8,-23.2,0.688,0.18
203014,Nneka Ogwumike,LAS,F,31,971.97,18.996,top,NA,NA,NA,NA,NA,NA,NA,107.2,113.1,-5.9,0.604,0.219
1629497,Marina Mabrey,TOR,G,31,915.8866666666668,18.225,top,NA,NA,NA,NA,NA,NA,NA,106.3,115.8,-9.5,0.604,0.294
1642304,Carla Leite,PDX,G,30,760.1916666666667,17.99,top,NA,NA,NA,NA,NA,NA,NA,108,110.1,-2.1,0.597,0.275
204324,Dearica Hamby,LAS,F,32,944.425,17.988,top,NA,NA,NA,NA,NA,NA,NA,105.3,109.5,-4.2,0.613,0.205
1627673,Jonquel Jones,NYL,C,33,960.9566666666668,17.841,top,NA,NA,NA,NA,NA,NA,NA,110.2,108.1,2,0.632,0.202
1643431,Madina Okot,ATL,C,31,272.72,17.791,top,NA,NA,NA,NA,NA,NA,NA,94.5,102.6,-8.1,0.631,0.257
1628279,Brittney Sykes,TOR,G,15,476.6766666666667,17.555,top,NA,NA,NA,NA,NA,NA,NA,108.8,111.1,-2.3,0.55,0.277
203825,Kayla McBride,MIN,G,35,1128.195,17.511,top,NA,NA,NA,NA,NA,NA,NA,114.6,103.4,11.2,0.635,0.204
203398,Brittney Griner,CON,C,17,436.4916666666667,17.476,top,NA,NA,NA,NA,NA,NA,NA,97.5,102.1,-4.6,0.569,0.229
1643686,Nadia Fingall,GSV,C,5,12.4,17.419,below threshold,NA,NA,NA,NA,NA,NA,NA,84.6,114.3,-29.7,1.25,0.067
1631022,Shakira Austin,WAS,C,31,919.505,17.331,top,NA,NA,NA,NA,NA,NA,NA,102.4,101.1,1.3,0.549,0.252
1628242,Emma Cannon,LAS,F,12,75.88333333333334,17.184,below threshold,NA,NA,NA,NA,NA,NA,NA,113.1,110.1,3,0.799,0.191
1642291,Angel Reese,ATL,F,31,951.3516666666668,17.083,top,NA,NA,NA,NA,NA,NA,NA,107.2,99.9,7.3,0.508,0.247
1642321,Sydney Taylor,CHI,G,28,577.8566666666667,17.028,top,NA,NA,NA,NA,NA,NA,NA,107.9,102.8,5.1,0.586,0.277
1631055,Nyara Sabally,TOR,F,24,573.1433333333333,17.022,top,NA,NA,NA,NA,NA,NA,NA,104.4,111.3,-6.9,0.612,0.21
203826,Alyssa Thomas,PHX,F,33,1121.605,17.011,top,NA,NA,NA,NA,NA,NA,NA,106.1,109.5,-3.4,0.561,0.219
1631019,NaLyssa Smith,LVA,F,33,807.3033333333333,16.633,top,NA,NA,NA,NA,NA,NA,NA,110.1,104.9,5.2,0.644,0.182
1631009,Rhyne Howard,ATL,G,31,1069.7283333333332,16.546,top,NA,NA,NA,NA,NA,NA,NA,109,104.2,4.9,0.563,0.194
1629484,Megan DiLeo,PDX,C,31,730.2916666666666,16.498,upper rotation,NA,NA,NA,NA,NA,NA,NA,105.1,109.8,-4.7,0.633,0.192
1642792,Kiki Iriafen,WAS,F,29,816.7066666666667,16.456,upper rotation,NA,NA,NA,NA,NA,NA,NA,103.5,100.4,3,0.548,0.237
1630442,Natasha Mack,PHX,F,27,602.2266666666667,16.286,upper rotation,NA,NA,NA,NA,NA,NA,NA,102.8,103.5,-0.6,0.651,0.142
1642767,Janelle Salaun,GSV,F,32,714.565,16.284,upper rotation,NA,NA,NA,NA,NA,NA,NA,112.3,104.1,8.2,0.598,0.226
203026,Tiffany Hayes,GSV,G,31,500.87333333333333,16.116,upper rotation,NA,NA,NA,NA,NA,NA,NA,111.4,102.5,9,0.588,0.218
1631007,Veronica Burton,GSV,G,33,944.3366666666668,16.104,upper rotation,NA,NA,NA,NA,NA,NA,NA,110.1,98.1,12,0.563,0.193
1628931,Gabby Williams,GSV,F,31,770.48,16.078,upper rotation,NA,NA,NA,NA,NA,NA,NA,106.5,99.5,7,0.522,0.279
204323,Cheyenne Parker-Tyus,LVA,F,23,243.61333333333337,16.058,below threshold,NA,NA,NA,NA,NA,NA,NA,106.7,110,-3.2,0.601,0.189
1642785,Sonia Citron,WAS,G,29,973.7033333333334,16.05,upper rotation,NA,NA,NA,NA,NA,NA,NA,103.5,102.3,1.2,0.611,0.211
1631135,Olivia Nelson-Ododa,CON,C,27,575.8916666666667,16.031,upper rotation,NA,NA,NA,NA,NA,NA,NA,101.6,105.3,-3.7,0.605,0.192
1628277,Allisha Gray,ATL,G,32,1052.7683333333334,15.874,upper rotation,NA,NA,NA,NA,NA,NA,NA,110.5,101.8,8.7,0.572,0.221
202664,Courtney Vandersloot,CHI,G,17,346.4633333333333,15.794,upper rotation,NA,NA,NA,NA,NA,NA,NA,105.2,110.5,-5.3,0.547,0.204
1642288,Rickea Jackson,CHI,F,4,117.98,15.596,below threshold,NA,NA,NA,NA,NA,NA,NA,97.5,104.6,-7.2,0.517,0.284
1642800,Aneesah Morrow,TOR,F,24,540.8566666666667,15.56,upper rotation,NA,NA,NA,NA,NA,NA,NA,98.8,112.5,-13.7,0.494,0.234
204330,Isabelle Harrison,TOR,F,21,473.1166666666667,15.548,upper rotation,NA,NA,NA,NA,NA,NA,NA,105.6,115.2,-9.6,0.565,0.233
1629566,Han Xu,NYL,C,34,466.045,15.466,upper rotation,NA,NA,NA,NA,NA,NA,NA,107.3,102.3,5,0.634,0.16
1629567,Natisha Hiedeman,SEA,G,35,1040.8333333333333,15.353,upper rotation,NA,NA,NA,NA,NA,NA,NA,105.2,109.2,-4,0.566,0.227
1630096,DiJonai Carrington,CHI,G,7,123.065,15.244,below threshold,NA,NA,NA,NA,NA,NA,NA,107.2,113.7,-6.5,0.517,0.287
1641652,Maddy Siegrist,DAL,F,31,424.8016666666667,14.859,upper rotation,NA,NA,NA,NA,NA,NA,NA,112.1,105.8,6.2,0.584,0.167
1629477,Sabrina Ionescu,NYL,G,22,669.9666666666667,14.831,upper rotation,NA,NA,NA,NA,NA,NA,NA,111.7,113.2,-1.5,0.567,0.228
203400,Skylar Diggins,CHI,G,19,552.9233333333333,14.83,upper rotation,NA,NA,NA,NA,NA,NA,NA,104,111.1,-7,0.515,0.223
1629524,Bridget Carleton,PDX,F,32,972.9766666666668,14.742,upper rotation,NA,NA,NA,NA,NA,NA,NA,106.8,110.4,-3.6,0.575,0.196
1628881,Monique Billings,IND,F,32,666.67,14.694,upper rotation,NA,NA,NA,NA,NA,NA,NA,113.7,106.7,7,0.62,0.141
1630149,Satou Sabally,NYL,F,13,217.79833333333335,14.674,below threshold,NA,NA,NA,NA,NA,NA,NA,109.9,105,4.9,0.609,0.248
1627675,Courtney Williams,MIN,G,35,1073.1583333333333,14.671,upper rotation,NA,NA,NA,NA,NA,NA,NA,114,102.9,11.1,0.518,0.22
1628886,Jordin Canada,ATL,G,32,1014.7433333333332,14.644,upper rotation,NA,NA,NA,NA,NA,NA,NA,110.2,102.3,7.9,0.543,0.172
1642793,Aziaha James,DAL,G,34,392.40833333333336,14.556,upper rotation,NA,NA,NA,NA,NA,NA,NA,104.8,100,4.8,0.469,0.248
1643427,Lauren Betts,WAS,C,32,530.5483333333333,14.355,upper rotation,NA,NA,NA,NA,NA,NA,NA,94.9,98.5,-3.6,0.589,0.164
1643444,Ta'Niya Latson,LVA,G,14,89.705,14.224,below threshold,NA,NA,NA,NA,NA,NA,NA,99.5,116.1,-16.7,0.635,0.221
1642210,Julie Vanloo,NYL,G,5,81.14,14.099,below threshold,NA,NA,NA,NA,NA,NA,NA,114.7,96.6,18.1,0.773,0.159
1642287,Cameron Brink,LAS,F,24,434.35,14.072,upper rotation,NA,NA,NA,NA,NA,NA,NA,105.5,107.1,-1.6,0.602,0.229
1642290,Aaliyah Edwards,CON,F,21,404.22,14.052,upper rotation,NA,NA,NA,NA,NA,NA,NA,93.6,104.4,-10.8,0.587,0.217
1643445,Kiki Rice,TOR,G,17,435.6283333333334,14.049,upper rotation,NA,NA,NA,NA,NA,NA,NA,109.7,111.7,-2,0.612,0.176
1627674,Kahleah Copper,PHX,G,34,1115.5866666666666,13.969,upper rotation,NA,NA,NA,NA,NA,NA,NA,104.1,108.9,-4.8,0.55,0.283
1631136,Pauline Astier,NYL,G,34,796.675,13.682,upper rotation,NA,NA,NA,NA,NA,NA,NA,112.5,106.2,6.2,0.651,0.164
1642797,Anastasiia Olairi Kosu,MIN,F,27,296.49666666666667,13.653,below threshold,NA,NA,NA,NA,NA,NA,NA,114.9,98.4,16.5,0.559,0.163
1642822,Kaitlyn Chen,GSV,G,33,480.6216666666666,13.374,upper rotation,NA,NA,NA,NA,NA,NA,NA,107.1,102,5.1,0.613,0.207
1631083,Emily Engstler,PDX,F,33,787.325,13.209,rotation,NA,NA,NA,NA,NA,NA,NA,103.3,109.8,-6.4,0.551,0.178
1629481,Arike Ogunbowale,DAL,G,34,1011.9316666666666,13.159,rotation,NA,NA,NA,NA,NA,NA,NA,108,106.8,1.2,0.53,0.223
203833,Chelsea Gray,LVA,G,33,1100.845,13.146,rotation,NA,NA,NA,NA,NA,NA,NA,113.7,106.3,7.4,0.585,0.178
1628922,Azura Stevens,CHI,F,25,615.755,13.038,rotation,NA,NA,NA,NA,NA,NA,NA,105.4,111.5,-6.2,0.497,0.219
1643527,Jordan Harrison,PDX,G,7,98.90166666666669,12.942,below threshold,NA,NA,NA,NA,NA,NA,NA,104.3,114.3,-10,0.56,0.197
201886,DeWanna Bonner,PHX,F,35,957.7483333333332,12.914,rotation,NA,NA,NA,NA,NA,NA,NA,102.6,106.1,-3.5,0.515,0.172
1643428,Flau'jae Johnson,SEA,G,34,959.745,12.866,rotation,NA,NA,NA,NA,NA,NA,NA,104.4,106.7,-2.3,0.498,0.246
1642782,Sarah Ashlee Barker,PDX,G,26,642.1533333333333,12.813,rotation,NA,NA,NA,NA,NA,NA,NA,103.1,107.5,-4.4,0.603,0.188
1642817,Hailey Van Lith,CON,G,13,190.78166666666667,12.643,below threshold,NA,NA,NA,NA,NA,NA,NA,94.3,107.9,-13.7,0.585,0.179
1643453,Grace VanSlooten,IND,F,15,79.88833333333334,12.618,below threshold,NA,NA,NA,NA,NA,NA,NA,90.7,114.5,-23.8,0.805,0.108
1642307,Mackenzie Holmes,SEA,F,22,233.84166666666667,12.556,below threshold,NA,NA,NA,NA,NA,NA,NA,86.2,100.4,-14.2,0.662,0.106
1630154,Kamiah Smalls,PDX,F,2,30.176666666666662,12.46,below threshold,NA,NA,NA,NA,NA,NA,NA,93.5,124.2,-30.6,0.718,0.197
1643505,Jovana Nogic,PHX,G,16,322.51,12.378,rotation,NA,NA,NA,NA,NA,NA,NA,106.3,105.4,0.9,0.612,0.214
204333,Natasha Cloud,CHI,G,33,941.2966666666666,12.362,rotation,NA,NA,NA,NA,NA,NA,NA,104.5,107.6,-3,0.599,0.16
1643490,Eliska Joklova,MIN,G,18,104.275,12.275,below threshold,NA,NA,NA,NA,NA,NA,NA,112.3,102.4,9.9,0.558,0.176
1630996,Rae Burrell,LAS,G,32,919.7,12.243,rotation,NA,NA,NA,NA,NA,NA,NA,106.7,114.1,-7.3,0.575,0.208
1642786,Aicha Coulibaly,CHI,G,23,315.215,12.131,below threshold,NA,NA,NA,NA,NA,NA,NA,110.7,101.5,9.2,0.547,0.161
1642303,Leila Lacan,CON,G,22,633.7966666666666,12.099,rotation,NA,NA,NA,NA,NA,NA,NA,97.1,104.8,-7.8,0.506,0.212
1627700,Julie Allemand,TOR,G,26,759.38,12.041,rotation,NA,NA,NA,NA,NA,NA,NA,106,112.1,-6.1,0.714,0.094
1643425,Azzi Fudd,DAL,G,30,950.0933333333334,11.965,rotation,NA,NA,NA,NA,NA,NA,NA,112.4,105.5,6.9,0.558,0.176
1629482,Sophie Cunningham,IND,G,32,736.1,11.949,rotation,NA,NA,NA,NA,NA,NA,NA,113.2,105.9,7.2,0.689,0.133
1642320,Jaylyn Sherrod,ATL,G,8,50.62833333333333,11.93,below threshold,NA,NA,NA,NA,NA,NA,NA,118.6,104.5,14.2,0.448,0.202
1630386,Awak Kuier,DAL,F,31,491.89,11.881,rotation,NA,NA,NA,NA,NA,NA,NA,107.9,102,5.9,0.584,0.156
1641650,Haley Jones,DAL,G,6,58.8,11.769,below threshold,NA,NA,NA,NA,NA,NA,NA,104.7,116.1,-11.4,0.634,0.2
1631141,Jade Melbourne,SEA,G,34,826.7183333333334,11.67,rotation,NA,NA,NA,NA,NA,NA,NA,98.9,105.1,-6.1,0.574,0.17
1643488,Emma Cechova,MIN,F,3,51.803333333333335,11.659,below threshold,NA,NA,NA,NA,NA,NA,NA,96.5,107.2,-10.7,0.64,0.19
203822,Rebekah Gardner,NYL,G,32,486.9216666666667,11.64,rotation,NA,NA,NA,NA,NA,NA,NA,103.8,102,1.8,0.568,0.143
1628269,Nia Coffey,MIN,F,35,813.6,11.627,rotation,NA,NA,NA,NA,NA,NA,NA,109.8,101.4,8.4,0.551,0.122
1641656,Laeticia Amihere,GSV,F,29,329.68833333333333,11.502,below threshold,NA,NA,NA,NA,NA,NA,NA,108.9,98,10.9,0.474,0.155
1631064,Chloe Bibby,MIN,F,4,51.15,11.496,below threshold,NA,NA,NA,NA,NA,NA,NA,104.3,105.4,-1,0.527,0.176
1629546,Marine Johannes,NYL,G,31,665.9216666666666,11.413,rotation,NA,NA,NA,NA,NA,NA,NA,109.4,104.4,5,0.584,0.19
1643443,Awa Fam,SEA,C,29,817.53,11.356,rotation,NA,NA,NA,NA,NA,NA,NA,103.5,109,-5.5,0.552,0.164
1643420,Laura Juskaite,TOR,F,33,805.0866666666667,11.184,rotation,NA,NA,NA,NA,NA,NA,NA,110.3,113.3,-3,0.576,0.187
1643494,Frieda Buhner,PDX,F,30,454.7366666666667,11.013,rotation,NA,NA,NA,NA,NA,NA,NA,105.8,113.3,-7.5,0.575,0.18
1630134,Sug Sutton,DAL,G,19,210.99,10.996,below threshold,NA,NA,NA,NA,NA,NA,NA,100.7,110.8,-10.1,0.52,0.17
1643470,Shay Ciezki,PHX,G,2,9.466666666666669,10.986,below threshold,NA,NA,NA,NA,NA,NA,NA,165,71.4,93.6,0.75,0.08
204468,Valeriane Ayayi,PHX,F,29,485.83,10.975,rotation,NA,NA,NA,NA,NA,NA,NA,102.6,106.4,-3.8,0.588,0.179
1643506,Teja Oblak,PDX,G,25,334.83,10.943,rotation,NA,NA,NA,NA,NA,NA,NA,99.1,106.2,-7.1,0.546,0.262
1628508,Cecilia Zandalasini,GSV,F,29,541.09,10.874,rotation,NA,NA,NA,NA,NA,NA,NA,103.7,97,6.7,0.528,0.228
204322,Elizabeth Williams,CHI,C,34,582.1466666666666,10.822,rotation,NA,NA,NA,NA,NA,NA,NA,102.1,104,-1.9,0.461,0.16
1642815,Makayla Timpson,IND,F,32,550.7266666666667,10.764,below threshold,NA,NA,NA,NA,NA,NA,NA,117.3,106.5,10.8,0.628,0.101
1642820,Liatu King,MIN,F,8,73.38333333333334,10.738,below threshold,NA,NA,NA,NA,NA,NA,NA,100,108.5,-8.5,0.588,0.145
1629568,Kennedy Burke,CON,G,30,706.975,10.524,rotation,NA,NA,NA,NA,NA,NA,NA,98.6,104.6,-6,0.52,0.167
1628278,Shatori Walker-Kimbrough,ATL,G,8,18.83,10.409,below threshold,NA,NA,NA,NA,NA,NA,NA,90.2,123.3,-33,0.51,0.152
1643436,Serah Williams,PDX,C,29,360.74,10.29,below threshold,NA,NA,NA,NA,NA,NA,NA,105.1,108.2,-3.1,0.598,0.16
1642814,Taylor Thierry,SEA,F,10,60.035,10.261,below threshold,NA,NA,NA,NA,NA,NA,NA,95.2,96.9,-1.7,0.547,0.088
1630142,Leonie Fiebich,NYL,F,14,407.76666666666665,10.114,rotation,NA,NA,NA,NA,NA,NA,NA,109.5,101.7,7.8,0.622,0.151
203866,Kayla Thornton,GSV,F,33,821.3816666666667,10.1,rotation,NA,NA,NA,NA,NA,NA,NA,109.7,98.1,11.6,0.534,0.156
1629478,Katie Lou Samuelson,SEA,F,27,411.905,10.099,below threshold,NA,NA,NA,NA,NA,NA,NA,93.9,108.8,-14.9,0.581,0.118
1642768,Kyara Linskens,PHX,C,18,187.05333333333337,10.072,below threshold,NA,NA,NA,NA,NA,NA,NA,91,104.2,-13.2,0.44,0.165
1641657,Dorka Juhasz,MIN,F,13,197.72833333333332,10.034,below threshold,NA,NA,NA,NA,NA,NA,NA,100.2,108.8,-8.6,0.484,0.13
204365,Erica Wheeler,LAS,G,32,894.03,10.027,rotation,NA,NA,NA,NA,NA,NA,NA,108.4,110.4,-2,0.495,0.172
1630097,Kaila Charles,GSV,G,33,661.7133333333334,9.986,fringe,NA,NA,NA,NA,NA,NA,NA,111.8,99,12.9,0.498,0.158
1642777,Monique Akoa Makani,LAS,G,21,479.4816666666667,9.944,fringe,NA,NA,NA,NA,NA,NA,NA,98.4,104.2,-5.7,0.571,0.193
1642802,Lucy Olsen,WAS,G,17,135.67833333333334,9.788,below threshold,NA,NA,NA,NA,NA,NA,NA,100,96,4,0.56,0.178
1628915,Kia Nurse,TOR,G,32,387.2133333333333,9.783,fringe,NA,NA,NA,NA,NA,NA,NA,101,114.3,-13.3,0.53,0.167
1643447,Gabriela Jaquez,CHI,G,30,588.1133333333333,9.76,fringe,NA,NA,NA,NA,NA,NA,NA,101.4,107.2,-5.8,0.523,0.168
1629574,Li Yueru,DAL,C,25,266.52,9.725,below threshold,NA,NA,NA,NA,NA,NA,NA,112.1,109.6,2.5,0.533,0.143
1642788,Bree Hall,IND,G,2,10.7,9.72,below threshold,NA,NA,NA,NA,NA,NA,NA,103.8,130.8,-26.9,0.5,0.179
1628317,Karlie Samuelson,PDX,G,21,319.73833333333334,9.72,below threshold,NA,NA,NA,NA,NA,NA,NA,104.4,113.4,-9,0.648,0.115
1629501,Alanna Smith,DAL,F,26,434.7466666666666,9.716,fringe,NA,NA,NA,NA,NA,NA,NA,102.3,108,-5.7,0.501,0.171
1630138,Peyton Williams,PHX,F,1,5.766666666666667,9.711,below threshold,NA,NA,NA,NA,NA,NA,NA,100,108.3,-8.3,0,0.077
1643429,Gianna Kneepkens,CON,G,23,183.07166666666663,9.701,below threshold,NA,NA,NA,NA,NA,NA,NA,92.5,106.7,-14.2,0.548,0.151
1643495,Justine Pissott,LVA,G,6,73.965,9.68,below threshold,NA,NA,NA,NA,NA,NA,NA,105.2,130.3,-25,0.545,0.216
1643441,Raegan Beers,CON,F,25,269.45666666666665,9.679,below threshold,NA,NA,NA,NA,NA,NA,NA,98.2,102.7,-4.5,0.547,0.153
1628878,Ariel Atkins,LAS,G,30,831.7383333333333,9.642,fringe,NA,NA,NA,NA,NA,NA,NA,105.6,108.6,-3,0.499,0.168
1629496,Ezi Magbegor,SEA,F,9,158.14,9.637,below threshold,NA,NA,NA,NA,NA,NA,NA,99.1,103.9,-4.7,0.453,0.168
1631044,Naz Hillmon,ATL,F,31,896.7266666666667,9.622,fringe,NA,NA,NA,NA,NA,NA,NA,111.8,104,7.8,0.585,0.13
1641660,Zia Cooke,SEA,G,35,516.725,9.56,fringe,NA,NA,NA,NA,NA,NA,NA,101,106.3,-5.3,0.48,0.256
1630471,Maya Caldwell,MIN,G,35,484.97833333333335,9.468,fringe,NA,NA,NA,NA,NA,NA,NA,105.5,97.8,7.7,0.497,0.147
1630112,Tyasha Harris,IND,G,28,394.7366666666667,9.454,below threshold,NA,NA,NA,NA,NA,NA,NA,113.6,101.8,11.8,0.53,0.137
204329,Kiah Stokes,GSV,C,32,720.4116666666666,9.45,fringe,NA,NA,NA,NA,NA,NA,NA,101.7,96.6,5.1,0.518,0.089
1630384,Raquel Carrera,NYL,F,19,107.34666666666666,9.39,below threshold,NA,NA,NA,NA,NA,NA,NA,114,100,14,0.666,0.11
1643455,Angela Dugalic,WAS,F,28,306.38166666666666,9.374,below threshold,NA,NA,NA,NA,NA,NA,NA,91.7,104.3,-12.7,0.489,0.167
203824,Odyssey Sims,DAL,G,25,388.3016666666667,9.24,fringe,NA,NA,NA,NA,NA,NA,NA,107.8,107.8,0,0.503,0.178
1642292,Jacy Sheldon,CHI,G,34,728.0133333333333,9.181,fringe,NA,NA,NA,NA,NA,NA,NA,103.9,102.7,1.2,0.577,0.134
1643493,Noemie Brochant,PHX,F,34,763.1783333333333,9.099,fringe,NA,NA,NA,NA,NA,NA,NA,104.8,108.5,-3.7,0.581,0.12
1629576,Maria Conde,TOR,F,32,868.25,9.016,fringe,NA,NA,NA,NA,NA,NA,NA,106.8,115.6,-8.8,0.5,0.167
1643461,Laura Ziegler,LAS,F,3,29.311666666666667,9.007,below threshold,NA,NA,NA,NA,NA,NA,NA,104.3,116.7,-12.3,0.429,0.117
1643430,Cotie McMahon,WAS,G,30,618.5533333333333,8.982,fringe,NA,NA,NA,NA,NA,NA,NA,97.2,100.6,-3.4,0.484,0.166
1630446,Michaela Onyenwere,WAS,F,28,734.2116666666667,8.809,fringe,NA,NA,NA,NA,NA,NA,NA,104.6,99.7,5,0.585,0.158
1643489,Antonia Delaere,MIN,F,35,414.95,8.705,below threshold,NA,NA,NA,NA,NA,NA,NA,108.1,97.6,10.6,0.632,0.097
1642808,JJ Quinerly,DAL,G,2,12.433333333333334,8.686,below threshold,NA,NA,NA,NA,NA,NA,NA,84.6,108.3,-23.7,0.333,0.107
1628899,Myisha Hines-Allen,IND,F,29,406.27,8.654,below threshold,NA,NA,NA,NA,NA,NA,NA,109.2,100.7,8.5,0.533,0.144
1642324,Kate Martin,LAS,G,15,103.57666666666668,8.573,below threshold,NA,NA,NA,NA,NA,NA,NA,110.6,116.5,-5.9,0.493,0.141
1643448,Nell Angloma,CON,F,27,271.95666666666665,8.487,below threshold,NA,NA,NA,NA,NA,NA,NA,96.1,100.4,-4.3,0.495,0.183
1630469,Marine Fauthoux,NYL,G,13,197.775,8.474,below threshold,NA,NA,NA,NA,NA,NA,NA,108.7,105.1,3.6,0.538,0.146
1641651,Jordan Horston,SEA,F,30,532.1183333333333,8.374,fringe,NA,NA,NA,NA,NA,NA,NA,100.3,101.8,-1.5,0.454,0.161
1642302,Isobel Borlase,ATL,G,32,402.14666666666665,8.335,fringe,NA,NA,NA,NA,NA,NA,NA,110.2,110.5,-0.3,0.516,0.162
1642809,Saniya Rivers,CON,G,27,591.8416666666667,8.239,fringe,NA,NA,NA,NA,NA,NA,NA,99.3,111.8,-12.5,0.402,0.187
1641649,Diamond Miller,CON,F,31,705.6416666666667,8.225,fringe,NA,NA,NA,NA,NA,NA,NA,98,108.3,-10.2,0.495,0.207
1641695,Ashten Prechtel,GSV,F,2,22.95,8.192,below threshold,NA,NA,NA,NA,NA,NA,NA,120.8,106.4,14.5,0.633,0.161
1627701,Temi Fagbenle,TOR,C,16,245.305,8.055,below threshold,NA,NA,NA,NA,NA,NA,NA,101.1,113.4,-12.2,0.52,0.149
204296,Rebecca Allen,NYL,G,19,326.0283333333333,7.901,below threshold,NA,NA,NA,NA,NA,NA,NA,112.3,114.1,-1.8,0.53,0.123
1643433,Raven Johnson,IND,G,30,348.09166666666664,7.883,fringe,NA,NA,NA,NA,NA,NA,NA,104.5,104.4,0.1,0.48,0.163
1627671,Rachel Banham,CHI,G,30,385.855,7.848,fringe,NA,NA,NA,NA,NA,NA,NA,97.9,99.5,-1.6,0.507,0.173
1631086,Lexie Hull,IND,G,33,642.445,7.745,fringe,NA,NA,NA,NA,NA,NA,NA,113.6,104.4,9.2,0.567,0.12
1628244,Sami Whitcomb,PHX,G,12,177.58333333333334,7.658,below threshold,NA,NA,NA,NA,NA,NA,NA,104.7,113.3,-8.6,0.475,0.149
1642293,Alissa Pili,LAS,F,3,17.783333333333335,7.648,below threshold,NA,NA,NA,NA,NA,NA,NA,88.4,110,-21.6,0.5,0.094
203828,Stefanie Dolson,SEA,C,35,553.6233333333333,7.557,below threshold,NA,NA,NA,NA,NA,NA,NA,97.7,106.1,-8.4,0.623,0.102
1630148,Jihyun Park,LAS,F,27,244.895,7.546,below threshold,NA,NA,NA,NA,NA,NA,NA,102.6,107.8,-5.3,0.504,0.122
204319,Jewell Loyd,LVA,G,32,865.135,7.462,fringe,NA,NA,NA,NA,NA,NA,NA,111.2,106.5,4.6,0.505,0.14
1641683,Holly Winterburn,PDX,G,20,180.81333333333333,7.411,below threshold,NA,NA,NA,NA,NA,NA,NA,93.6,118.5,-24.9,0.427,0.179
1643438,Marta Suarez,PHX,F,13,116.37833333333332,7.321,below threshold,NA,NA,NA,NA,NA,NA,NA,101.2,116.2,-14.9,0.551,0.173
203405,Kayla Alexander,TOR,C,4,40.343333333333334,7.238,below threshold,NA,NA,NA,NA,NA,NA,NA,90.2,130.5,-40.2,0.514,0.133
1628882,Lexie Brown,SEA,G,10,147.89666666666668,7.221,below threshold,NA,NA,NA,NA,NA,NA,NA,97.4,112.3,-15,0.663,0.112
1642804,Te-Hina Paopao,ATL,G,24,301.1666666666667,7.199,below threshold,NA,NA,NA,NA,NA,NA,NA,97,106,-9,0.482,0.152
1643449,Charlisse Leger-Walker,CON,G,31,714.1466666666666,7.108,fringe,NA,NA,NA,NA,NA,NA,NA,98.6,107.5,-8.9,0.46,0.16
1631118,Lexi Held,PHX,G,33,495.28333333333336,7.099,fringe,NA,NA,NA,NA,NA,NA,NA,99.7,105.3,-5.6,0.488,0.159
203024,Damiris Dantas,IND,C,12,98.28666666666666,7.081,below threshold,NA,NA,NA,NA,NA,NA,NA,107.8,114.7,-6.9,0.556,0.175
203855,Stephanie Talbot,LVA,F,34,570.7233333333334,7.03,fringe,NA,NA,NA,NA,NA,NA,NA,102.7,104.7,-2,0.502,0.105
1643469,Indya Nivar,ATL,G,20,61.31666666666667,6.784,below threshold,NA,NA,NA,NA,NA,NA,NA,101.6,90.4,11.2,0.358,0.168
1630461,Kiana Williams,LAS,G,20,242.31666666666663,6.768,below threshold,NA,NA,NA,NA,NA,NA,NA,99.6,107.5,-7.9,0.497,0.159
1643457,Teonni Key,TOR,F,29,235.96833333333333,6.628,below threshold,NA,NA,NA,NA,NA,NA,NA,98.6,113,-14.4,0.461,0.111
1643644,Alicia Florez,WAS,G,23,321.955,6.461,below threshold,NA,NA,NA,NA,NA,NA,NA,95.2,102.3,-7.1,0.384,0.179
1643462,Chance Gray,LAS,G,29,304.24,6.429,below threshold,NA,NA,NA,NA,NA,NA,NA,93.7,112,-18.3,0.527,0.128
1643647,Tima Pouye,TOR,G,19,177.93333333333334,6.137,below threshold,NA,NA,NA,NA,NA,NA,NA,104.9,117.6,-12.8,0.477,0.181
1643437,Ashlon Jackson,CON,G,7,73.88,5.847,below threshold,NA,NA,NA,NA,NA,NA,NA,74.3,100,-25.7,0.388,0.097
1631021,Sika Kone,ATL,F,27,143.855,5.811,below threshold,NA,NA,NA,NA,NA,NA,NA,101.4,101,0.4,0.418,0.189
1629488,Brianna Turner,LVA,F,31,399.165,5.802,below threshold,NA,NA,NA,NA,NA,NA,NA,101.1,103.6,-2.5,0.624,0.068
204335,Betnijah Laney-Hamilton,WAS,G,18,299.84166666666664,5.763,below threshold,NA,NA,NA,NA,NA,NA,NA,108.5,104,4.5,0.509,0.161
1642794,Juste Jocyte,GSV,G,10,60.805,5.723,below threshold,NA,NA,NA,NA,NA,NA,NA,109.3,100,9.3,0.454,0.243
1642801,Aaliyah Nye,ATL,G,15,21.346666666666668,5.621,below threshold,NA,NA,NA,NA,NA,NA,NA,118.4,137.2,-18.8,0.417,0.113
1631263,Nikolina Milic,TOR,F,7,63.053333333333335,5.519,below threshold,NA,NA,NA,NA,NA,NA,NA,98.5,113.3,-14.8,0.506,0.177
1630143,Luisa Geiselsoder,PDX,C,21,347.53833333333336,5.502,fringe,NA,NA,NA,NA,NA,NA,NA,103.8,106.2,-2.4,0.441,0.159
1642296,Nyadiew Puoch,PDX,F,32,554.5133333333333,5.446,fringe,NA,NA,NA,NA,NA,NA,NA,103.4,110,-6.6,0.449,0.122
1630115,Joyner Holmes,SEA,F,1,14.733333333333333,5.158,below threshold,NA,NA,NA,NA,NA,NA,NA,71.4,75.9,-4.4,0.25,0.176
1643473,Taina Mair,SEA,G,5,20.233333333333334,4.942,below threshold,NA,NA,NA,NA,NA,NA,NA,89.7,134.1,-44.4,0.394,0.234
1642781,Georgia Amoore,WAS,G,32,725.14,4.909,fringe,NA,NA,NA,NA,NA,NA,NA,100.4,102.1,-1.7,0.48,0.156
1630108,Mariella Fasoula,TOR,C,3,15.316666666666666,4.44,below threshold,NA,NA,NA,NA,NA,NA,NA,106.5,116.7,-10.2,0.4,0.179
1629479,Teaira McCowan,MIN,C,10,68.34166666666667,4.273,below threshold,NA,NA,NA,NA,NA,NA,NA,110.9,80.9,30.1,0.429,0.135
1631006,Kierstan Bell,LVA,F,23,254.71666666666667,4.146,below threshold,NA,NA,NA,NA,NA,NA,NA,102.9,109.7,-6.9,0.352,0.131
1643487,Quionche Carter,PHX,G,13,80.59666666666666,4.07,below threshold,NA,NA,NA,NA,NA,NA,NA,98.2,108.8,-10.7,0.3,0.142
202252,Alysha Clark,DAL,F,21,197.39166666666668,4.012,below threshold,NA,NA,NA,NA,NA,NA,NA,104.7,103,1.7,0.528,0.109
1643439,Tonie Morgan,LAS,G,1,6.42,3.738,below threshold,NA,NA,NA,NA,NA,NA,NA,107.1,100,7.1,0.75,0.235
1642775,Alex Wilson,WAS,G,4,57.91833333333334,3.315,below threshold,NA,NA,NA,NA,NA,NA,NA,85,104.3,-19.3,0.368,0.126
1642826,Aubrey Griffin,NYL,F,4,7.72,3.109,below threshold,NA,NA,NA,NA,NA,NA,NA,100,105,-5,1,0.087
1630389,Dana Evans,LVA,G,10,165.52166666666668,2.102,below threshold,NA,NA,NA,NA,NA,NA,NA,97.4,121.5,-24.1,0.322,0.176
1630993,Anneli Maley,NYL,F,6,53.013333333333335,1.962,below threshold,NA,NA,NA,NA,NA,NA,NA,111.3,103.6,7.7,0.255,0.092
1629581,Emese Hof,MIN,C,3,20.618333333333332,1.746,below threshold,NA,NA,NA,NA,NA,NA,NA,77.8,112.8,-35,0.509,0.216
1643525,Alex Fowler,NYL,F,2,31.291666666666668,1.662,below threshold,NA,NA,NA,NA,NA,NA,NA,97,116.9,-20,0.551,0.194
1643450,Rori Harmon,WAS,G,10,67.48166666666667,1.482,below threshold,NA,NA,NA,NA,NA,NA,NA,86.6,96.6,-10,0.425,0.152
1643458,Saylor Poffenbarger,CHI,G,5,25.516666666666666,1.411,below threshold,NA,NA,NA,NA,NA,NA,NA,87.5,94.6,-7.1,0,0.065
1643467,Cassandre Prosper,WAS,G,28,327.31333333333333,0.953,below threshold,NA,NA,NA,NA,NA,NA,NA,95,102.4,-7.4,0.35,0.151
1643479,Ndjakalenga Mwenentanda,GSV,G,5,12.9,0.93,below threshold,NA,NA,NA,NA,NA,NA,NA,118.2,109.1,9.1,0,0.053
1643440,Darianna Littlepage-Buggs,WAS,G,1,0.24833333333333332,0,below threshold,NA,NA,NA,NA,NA,NA,NA,0,0,0,0,0
1628920,Mercedes Russell,IND,C,1,0.9366666666666666,0,below threshold,NA,NA,NA,NA,NA,NA,NA,0,150,-150,0,0
1643706,Ornella Bankole,TOR,G,3,15.166666666666666,0,below threshold,NA,NA,NA,NA,NA,NA,NA,100,100,0,0.347,0.105
1642790,Sania Feagin,PDX,F,3,10.2,-0.784,below threshold,NA,NA,NA,NA,NA,NA,NA,100,130.8,-30.8,0,0.032
1642818,Maddy Westbeld,CHI,F,3,28.466666666666665,-1.124,below threshold,NA,NA,NA,NA,NA,NA,NA,88.7,106.3,-17.6,0.25,0.097
1629539,Amy Okonkwo,ATL,F,1,1.3333333333333333,-6,below threshold,NA,NA,NA,NA,NA,NA,NA,33.3,25,8.3,0.266,0.667
1631039,Miela Sowah,GSV,G,2,5.783333333333333,-12.45,below threshold,NA,NA,NA,NA,NA,NA,NA,71.4,166.7,-95.2,0,0.125
1642796,Rayah Marshall,CON,C,1,3.566666666666667,-34.766,below threshold,NA,NA,NA,NA,NA,NA,NA,16.7,160,-143.3,0,0.4
