season,team_id,team_slug,team_abbreviation,team_display_name,team_short_display_name,team_color,team_alternate_color,team_logo,athlete_id,uid,guid,full_name,display_name,short_name,first_name,last_name,jersey,position_abbreviation,position_name,position_id,height,weight,age,date_of_birth,birth_place_city,birth_place_state,birth_place_country,experience_years,experience_display_value,headshot_href,headshot_alt,link_web,status_id,status_name,status_type
2026,11,NA,PHX,Phoenix Mercury,NA,3c286e,NA,https://a.espncdn.com/i/teamlogos/wnba/500/phx.png,3919496,s:40~l:59~a:3919496,886df61d-534d-925b-2e18-3feee63a38c9,Valeriane Ayayi,Valeriane Ayayi,V. Ayayi,Valeriane,Ayayi,11,F,Forward,7,"6' 1""",NA,32,1994-04-29T07:00Z,Bordeaux,NA,France,2,NA,NA,NA,https://www.espn.com/wnba/player/_/id/3919496/valeriane-ayayi,1,Active,active
2026,11,NA,PHX,Phoenix Mercury,NA,3c286e,NA,https://a.espncdn.com/i/teamlogos/wnba/500/phx.png,5345524,s:40~l:59~a:5345524,c1abd888-8ab0-3e4f-9ba1-1280f0a60832,Noemie Brochant,Noemie Brochant,N. Brochant,Noemie,Brochant,1,F,Forward,7,"5' 11""",NA,26,1999-10-25T07:00Z,NA,NA,NA,0,NA,https://a.espncdn.com/i/headshots/wnba/players/full/5345524.png,Noemie Brochant,https://www.espn.com/wnba/player/_/id/5345524/noemie-brochant,1,Active,active
2026,11,NA,PHX,Phoenix Mercury,NA,3c286e,NA,https://a.espncdn.com/i/teamlogos/wnba/500/phx.png,4688629,s:40~l:59~a:4688629,24a2c19a-7c30-3104-80e8-f18695c6d369,Shay Ciezki,Shay Ciezki,S. Ciezki,Shay,Ciezki,5,G,Guard,3,"5' 7""",NA,22,2003-11-26T08:00Z,Buffalo,NY,USA,0,NA,NA,NA,https://www.espn.com/wnba/player/_/id/4688629/shay-ciezki,1,Active,active
2026,11,NA,PHX,Phoenix Mercury,NA,3c286e,NA,https://a.espncdn.com/i/teamlogos/wnba/500/phx.png,2998938,s:40~l:59~a:2998938,6e7575ee-bfdd-009a-f348-3cc2bde0ae32,Kahleah Copper,Kahleah Copper,K. Copper,Kahleah,Copper,2,G,Guard,3,"6' 1""",165 lbs,32,1994-08-28T07:00Z,Philadelphia,PA,USA,11,NA,https://a.espncdn.com/i/headshots/wnba/players/full/2998938.png,Kahleah Copper,https://www.espn.com/wnba/player/_/id/2998938/kahleah-copper,1,Active,active
2026,11,NA,PHX,Phoenix Mercury,NA,3c286e,NA,https://a.espncdn.com/i/teamlogos/wnba/500/phx.png,4698730,s:40~l:59~a:4698730,eeaa5b81-7137-3138-8f78-cb064fa4eac8,Kara Dunn,Kara Dunn,K. Dunn,Kara,Dunn,12,G,Guard,3,"5' 11""",NA,22,2003-12-06T08:00Z,Dallas,GA,USA,0,NA,NA,NA,https://www.espn.com/wnba/player/_/id/4698730/kara-dunn,1,Active,active
2026,11,NA,PHX,Phoenix Mercury,NA,3c286e,NA,https://a.espncdn.com/i/teamlogos/wnba/500/phx.png,4399342,s:40~l:59~a:4399342,f677901a-b073-884f-f964-8f95976f58b0,Lexi Held,Lexi Held,L. Held,Lexi,Held,10,G,Guard,3,"5' 10""",150 lbs,26,1999-12-28T08:00Z,Burlington,KY,USA,2,NA,https://a.espncdn.com/i/headshots/wnba/players/full/4399342.png,Lexi Held,https://www.espn.com/wnba/player/_/id/4399342/lexi-held,1,Active,active
2026,11,NA,PHX,Phoenix Mercury,NA,3c286e,NA,https://a.espncdn.com/i/teamlogos/wnba/500/phx.png,4873359,s:40~l:59~a:4873359,a8cc79dc-a95e-3e9e-83cb-8d56ac77f6c4,Kyara Linskens,Kyara Linskens,K. Linskens,Kyara,Linskens,31,C,Center,9,"6' 4""",NA,29,1996-11-13T08:00Z,NA,NA,NA,2,NA,https://a.espncdn.com/i/headshots/wnba/players/full/4873359.png,Kyara Linskens,https://www.espn.com/wnba/player/_/id/4873359/kyara-linskens,1,Active,active
2026,11,NA,PHX,Phoenix Mercury,NA,3c286e,NA,https://a.espncdn.com/i/teamlogos/wnba/500/phx.png,4068042,s:40~l:59~a:4068042,3522c80d-1624-720f-3a7d-16200259d3c0,Natasha Mack,Natasha Mack,N. Mack,Natasha,Mack,4,F,Forward,7,"6' 4""",180 lbs,28,1997-11-03T08:00Z,Lufkin,TX,USA,4,NA,https://a.espncdn.com/i/headshots/wnba/players/full/4068042.png,Natasha Mack,https://www.espn.com/wnba/player/_/id/4068042/natasha-mack,1,Active,active
2026,11,NA,PHX,Phoenix Mercury,NA,3c286e,NA,https://a.espncdn.com/i/teamlogos/wnba/500/phx.png,3906769,s:40~l:59~a:3906769,f7e1ce1e-20b3-48e2-fe2c-9a67deaf0712,Jovana Nogic,Jovana Nogic,J. Nogic,Jovana,Nogic,29,G,Guard,3,"6' 0""",NA,28,1997-12-17T08:00Z,Belgrade,NA,Serbia,0,NA,NA,NA,https://www.espn.com/wnba/player/_/id/3906769/jovana-nogic,1,Active,active
2026,11,NA,PHX,Phoenix Mercury,NA,3c286e,NA,https://a.espncdn.com/i/teamlogos/wnba/500/phx.png,3065570,s:40~l:59~a:3065570,2e8112d2-f7f5-33dd-0ab1-7a41c4134037,Kelsey Plum,Kelsey Plum,K. Plum,Kelsey,Plum,0,G,Guard,3,"5' 8""",145 lbs,32,1994-08-24T07:00Z,Poway,CA,USA,9,NA,https://a.espncdn.com/i/headshots/wnba/players/full/3065570.png,Kelsey Plum,https://www.espn.com/wnba/player/_/id/3065570/kelsey-plum,1,Active,active
2026,11,NA,PHX,Phoenix Mercury,NA,3c286e,NA,https://a.espncdn.com/i/teamlogos/wnba/500/phx.png,4704594,s:40~l:59~a:4704594,2dad6630-5c45-3e7b-85ce-0fbd64e45979,Marta Suarez,Marta Suarez,M. Suarez,Marta,Suarez,77,F,Forward,7,"6' 3""",NA,24,2002-05-07T07:00Z,Oviedo,NA,Spain,0,NA,https://a.espncdn.com/i/headshots/wnba/players/full/4704594.png,Marta Suarez,https://www.espn.com/wnba/player/_/id/4704594/marta-suarez,1,Active,active
2026,11,NA,PHX,Phoenix Mercury,NA,3c286e,NA,https://a.espncdn.com/i/teamlogos/wnba/500/phx.png,2529140,s:40~l:59~a:2529140,908608e9-31d4-62f2-dfe2-9fee9024e7e2,Alyssa Thomas,Alyssa Thomas,A. Thomas,Alyssa,Thomas,25,F,Forward,7,"6' 2""",203 lbs,34,1992-04-12T07:00Z,Camp Hill,PA,USA,13,NA,https://a.espncdn.com/i/headshots/wnba/players/full/2529140.png,Alyssa Thomas,https://www.espn.com/wnba/player/_/id/2529140/alyssa-thomas,1,Active,active
2026,11,NA,PHX,Phoenix Mercury,NA,3c286e,NA,https://a.espncdn.com/i/teamlogos/wnba/500/phx.png,4433424,s:40~l:59~a:4433424,f62cb32b-7172-3aca-9789-64ce2dc59655,Maddy Westbeld,Maddy Westbeld,M. Westbeld,Maddy,Westbeld,21,F,Forward,7,"6' 3""",NA,24,2002-02-10T08:00Z,Kettering,OH,USA,2,NA,https://a.espncdn.com/i/headshots/wnba/players/full/4433424.png,Maddy Westbeld,https://www.espn.com/wnba/player/_/id/4433424/maddy-westbeld,1,Active,active
2026,11,NA,PHX,Phoenix Mercury,NA,3c286e,NA,https://a.espncdn.com/i/teamlogos/wnba/500/phx.png,887,s:40~l:59~a:887,c74956ad-2490-b3c4-0cef-485fb49da1a6,Sami Whitcomb,Sami Whitcomb,S. Whitcomb,Sami,Whitcomb,33,G,Guard,3,"5' 10""",149 lbs,38,1988-07-20T07:00Z,Ventura,CA,USA,10,NA,https://a.espncdn.com/i/headshots/wnba/players/full/887.png,Sami Whitcomb,https://www.espn.com/wnba/player/_/id/887/sami-whitcomb,1,Active,active
2026,129689,NA,GS,Golden State Valkyries,NA,b38fcf,NA,https://a.espncdn.com/i/teamlogos/wnba/500/gs.png,4432834,s:40~l:59~a:4432834,e21b7842-97eb-3a69-9c04-699772356040,Laeticia Amihere,Laeticia Amihere,L. Amihere,Laeticia,Amihere,3,F,Forward,7,"6' 3""",185 lbs,25,2001-07-10T07:00Z,Mississauga,AB,Canada,4,NA,https://a.espncdn.com/i/headshots/wnba/players/full/4432834.png,Laeticia Amihere,https://www.espn.com/wnba/player/_/id/4432834/laeticia-amihere,1,Active,active
2026,129689,NA,GS,Golden State Valkyries,NA,b38fcf,NA,https://a.espncdn.com/i/teamlogos/wnba/500/gs.png,4398935,s:40~l:59~a:4398935,3cfb5941-68e7-722a-4525-aca3d5bdfb66,Veronica Burton,Veronica Burton,V. Burton,Veronica,Burton,22,G,Guard,3,"5' 9""",155 lbs,26,2000-07-12T07:00Z,Newton,MA,USA,5,NA,https://a.espncdn.com/i/headshots/wnba/players/full/4398935.png,Veronica Burton,https://www.espn.com/wnba/player/_/id/4398935/veronica-burton,1,Active,active
2026,129689,NA,GS,Golden State Valkyries,NA,b38fcf,NA,https://a.espncdn.com/i/teamlogos/wnba/500/gs.png,4065780,s:40~l:59~a:4065780,5c313370-69c4-be9d-a5b7-a4c005fc5ad7,Kaila Charles,Kaila Charles,K. Charles,Kaila,Charles,6,G,Guard,3,"6' 1""",168 lbs,28,1998-03-23T08:00Z,Glenn Dale,MD,USA,6,NA,https://a.espncdn.com/i/headshots/wnba/players/full/4065780.png,Kaila Charles,https://www.espn.com/wnba/player/_/id/4065780/kaila-charles,1,Active,active
2026,129689,NA,GS,Golden State Valkyries,NA,b38fcf,NA,https://a.espncdn.com/i/teamlogos/wnba/500/gs.png,4899328,s:40~l:59~a:4899328,29fe074b-4d7f-392e-b8e5-e5e44e035f0d,Kaitlyn Chen,Kaitlyn Chen,K. Chen,Kaitlyn,Chen,2,G,Guard,3,"5' 9""",NA,24,2002-02-22T08:00Z,San Marino,CA,USA,2,NA,https://a.espncdn.com/i/headshots/wnba/players/full/4899328.png,Kaitlyn Chen,https://www.espn.com/wnba/player/_/id/4899328/kaitlyn-chen,1,Active,active
2026,129689,NA,GS,Golden State Valkyries,NA,b38fcf,NA,https://a.espncdn.com/i/teamlogos/wnba/500/gs.png,4066546,s:40~l:59~a:4066546,8acbcca0-9cf8-7eb8-8498-eff662ac5410,Nadia Fingall,Nadia Fingall,N. Fingall,Nadia,Fingall,45,C,Center,9,"6' 4""",NA,28,1998-08-12T07:00Z,Navarre,FL,USA,0,NA,NA,NA,https://www.espn.com/wnba/player/_/id/4066546/nadia-fingall,1,Active,active
2026,129689,NA,GS,Golden State Valkyries,NA,b38fcf,NA,https://a.espncdn.com/i/teamlogos/wnba/500/gs.png,1054,s:40~l:59~a:1054,026e19c6-c575-58c9-3a66-5d0964edef64,Tiffany Hayes,Tiffany Hayes,T. Hayes,Tiffany,Hayes,15,G,Guard,3,"5' 10""",155 lbs,36,1989-09-20T07:00Z,Lakeland,FL,USA,14,NA,https://a.espncdn.com/i/headshots/wnba/players/full/1054.png,Tiffany Hayes,https://www.espn.com/wnba/player/_/id/1054/tiffany-hayes,1,Active,active
2026,129689,NA,GS,Golden State Valkyries,NA,b38fcf,NA,https://a.espncdn.com/i/teamlogos/wnba/500/gs.png,5277552,s:40~l:59~a:5277552,13e247d7-b5ca-3b2a-93f8-5c442a44b1d1,Juste Jocyte,Juste Jocyte,J. Jocyte,Juste,Jocyte,4,G,Guard,3,"6' 0""",NA,20,2005-11-19T08:00Z,NA,NA,NA,0,NA,NA,NA,https://www.espn.com/wnba/player/_/id/5277552/juste-jocyte,1,Active,active
2026,129689,NA,GS,Golden State Valkyries,NA,b38fcf,NA,https://a.espncdn.com/i/teamlogos/wnba/500/gs.png,4433634,s:40~l:59~a:4433634,264fd764-8c8a-3d08-b70b-02279aad2492,Ashten Prechtel,Ashten Prechtel,A. Prechtel,Ashten,Prechtel,11,F,Forward,7,"6' 5""",NA,25,2001-05-11T07:00Z,Colorado Springs,CO,USA,0,NA,https://a.espncdn.com/i/headshots/wnba/players/full/4433634.png,Ashten Prechtel,https://www.espn.com/wnba/player/_/id/4433634/ashten-prechtel,1,Active,active
2026,129689,NA,GS,Golden State Valkyries,NA,b38fcf,NA,https://a.espncdn.com/i/teamlogos/wnba/500/gs.png,4790263,s:40~l:59~a:4790263,3e54c9a6-1552-32ec-a6b5-7004bc25b567,Iliana Rupert,Iliana Rupert,I. Rupert,Iliana,Rupert,12,C,Center,9,"6' 4""",189 lbs,25,2001-07-12T07:00Z,NA,NA,NA,4,NA,https://a.espncdn.com/i/headshots/wnba/players/full/4790263.png,Iliana Rupert,https://www.espn.com/wnba/player/_/id/4790263/iliana-rupert,1,Active,active
2026,129689,NA,GS,Golden State Valkyries,NA,b38fcf,NA,https://a.espncdn.com/i/teamlogos/wnba/500/gs.png,4790264,s:40~l:59~a:4790264,ea04a1f9-4ef0-3d47-8345-30f7da76a396,Janelle Salaun,Janelle Salaun,J. Salaun,Janelle,Salaun,13,F,Forward,7,"6' 2""",NA,24,2001-09-05T07:00Z,NA,NA,NA,2,NA,https://a.espncdn.com/i/headshots/wnba/players/full/4790264.png,Janelle Salaun,https://www.espn.com/wnba/player/_/id/4790264/janelle-salaun,1,Active,active
2026,129689,NA,GS,Golden State Valkyries,NA,b38fcf,NA,https://a.espncdn.com/i/teamlogos/wnba/500/gs.png,4398577,s:40~l:59~a:4398577,164cc132-7996-c486-f786-778530375a18,Miela Sowah,Miela Sowah,M. Sowah,Miela,Sowah,7,G,Guard,3,"5' 10""",NA,26,2000-06-04T07:00Z,Rockhampton,QLD,Australia,0,NA,https://a.espncdn.com/i/headshots/wnba/players/full/4398577.png,Miela Sowah,https://www.espn.com/wnba/player/_/id/4398577/miela-sowah,1,Active,active
2026,129689,NA,GS,Golden State Valkyries,NA,b38fcf,NA,https://a.espncdn.com/i/teamlogos/wnba/500/gs.png,2590093,s:40~l:59~a:2590093,ff02b428-605d-3fb0-7683-98ff75fa0329,Kiah Stokes,Kiah Stokes,K. Stokes,Kiah,Stokes,41,C,Center,9,"6' 3""",191 lbs,33,1993-03-30T08:00Z,Cedar Rapids,IA,USA,11,NA,https://a.espncdn.com/i/headshots/wnba/players/full/2590093.png,Kiah Stokes,https://www.espn.com/wnba/player/_/id/2590093/kiah-stokes,1,Active,active
2026,129689,NA,GS,Golden State Valkyries,NA,b38fcf,NA,https://a.espncdn.com/i/teamlogos/wnba/500/gs.png,2529622,s:40~l:59~a:2529622,3b2b97b8-5d06-3965-8e22-0e04b6b268fc,Kayla Thornton,Kayla Thornton,K. Thornton,Kayla,Thornton,5,F,Forward,7,"6' 1""",190 lbs,33,1992-10-20T07:00Z,El Paso,TX,USA,11,NA,https://a.espncdn.com/i/headshots/wnba/players/full/2529622.png,Kayla Thornton,https://www.espn.com/wnba/player/_/id/2529622/kayla-thornton,1,Active,active
2026,129689,NA,GS,Golden State Valkyries,NA,b38fcf,NA,https://a.espncdn.com/i/teamlogos/wnba/500/gs.png,3142328,s:40~l:59~a:3142328,868dcf7a-2db5-cda3-48ae-7ee29c87f2c5,Gabby Williams,Gabby Williams,G. Williams,Gabby,Williams,1,F,Forward,7,"5' 11""",170 lbs,29,1996-09-09T07:00Z,Sparks,NV,USA,8,NA,https://a.espncdn.com/i/headshots/wnba/players/full/3142328.png,Gabby Williams,https://www.espn.com/wnba/player/_/id/3142328/gabby-williams,1,Active,active
2026,129689,NA,GS,Golden State Valkyries,NA,b38fcf,NA,https://a.espncdn.com/i/teamlogos/wnba/500/gs.png,4257500,s:40~l:59~a:4257500,a71dab93-a05b-f098-7c00-004a1030a9d5,Cecilia Zandalasini,Cecilia Zandalasini,C. Zandalasini,Cecilia,Zandalasini,24,F,Forward,7,"6' 2""",175 lbs,30,1996-03-16T08:00Z,Milan,NA,Italy,5,NA,https://a.espncdn.com/i/headshots/wnba/players/full/4257500.png,Cecilia Zandalasini,https://www.espn.com/wnba/player/_/id/4257500/cecilia-zandalasini,1,Active,active
2026,131935,NA,TOR,Toronto Tempo,NA,33476D,NA,https://a.espncdn.com/i/teamlogos/wnba/500/tor.png,4001679,s:40~l:59~a:4001679,1edef572-e3fd-f1c7-db55-e7c6fee64967,Julie Allemand,Julie Allemand,J. Allemand,Julie,Allemand,22,G,Guard,3,"5' 10""",147 lbs,30,1996-07-07T07:00Z,Brussels,NA,Belgium,4,NA,https://a.espncdn.com/i/headshots/wnba/players/full/4001679.png,Julie Allemand,https://www.espn.com/wnba/player/_/id/4001679/julie-allemand,1,Active,active
2026,131935,NA,TOR,Toronto Tempo,NA,33476D,NA,https://a.espncdn.com/i/teamlogos/wnba/500/tor.png,5364343,s:40~l:59~a:5364343,fa7af6bf-dda7-3195-849d-b37a0646b1c0,Ornella Bankole,Ornella Bankole,O. Bankole,Ornella,Bankole,33,G,Guard,3,"5' 11""",NA,28,1997-09-17T07:00Z,Auxerre,NA,France,0,NA,NA,NA,https://www.espn.com/wnba/player/_/id/5364343/ornella-bankole,1,Active,active
2026,131935,NA,TOR,Toronto Tempo,NA,33476D,NA,https://a.espncdn.com/i/teamlogos/wnba/500/tor.png,3910470,s:40~l:59~a:3910470,19a25a88-6e22-a45f-ebff-dcb85b51a139,Maria Conde,Maria Conde,M. Conde,Maria,Conde,10,F,Forward,7,"6' 3""",NA,29,1997-01-14T08:00Z,Madrid,NA,Spain,0,NA,NA,NA,https://www.espn.com/wnba/player/_/id/3910470/maria-conde,1,Active,active
2026,131935,NA,TOR,Toronto Tempo,NA,33476D,NA,https://a.espncdn.com/i/teamlogos/wnba/500/tor.png,2569044,s:40~l:59~a:2569044,6d7c1268-3b3a-65da-d424-2b536d7c2e82,Temi Fagbenle,Temi Fagbenle,T. Fagbenle,Temi,Fagbenle,14,C,Center,9,"6' 5""",180 lbs,33,1992-09-08T07:00Z,London,NA,England,6,NA,https://a.espncdn.com/i/headshots/wnba/players/full/2569044.png,Temi Fagbenle,https://www.espn.com/wnba/player/_/id/2569044/temi-fagbenle,1,Active,active
2026,131935,NA,TOR,Toronto Tempo,NA,33476D,NA,https://a.espncdn.com/i/teamlogos/wnba/500/tor.png,4398766,s:40~l:59~a:4398766,87f39497-5da3-7552-9217-9e10b30bc450,Zaay Green,Zaay Green,Z. Green,Zaay,Green,00,G,Guard,3,"6' 2""",NA,26,2000-03-25T08:00Z,Duncanville,TX,USA,0,NA,https://a.espncdn.com/i/headshots/wnba/players/full/4398766.png,Zaay Green,https://www.espn.com/wnba/player/_/id/4398766/zaay-green,1,Active,active
2026,131935,NA,TOR,Toronto Tempo,NA,33476D,NA,https://a.espncdn.com/i/teamlogos/wnba/500/tor.png,2566453,s:40~l:59~a:2566453,7bce1add-eedb-11c2-3284-1351968dabf2,Isabelle Harrison,Isabelle Harrison,I. Harrison,Isabelle,Harrison,21,F,Forward,7,"6' 5""",183 lbs,32,1993-09-27T07:00Z,Nashville,TN,USA,9,NA,https://a.espncdn.com/i/headshots/wnba/players/full/2566453.png,Isabelle Harrison,https://www.espn.com/wnba/player/_/id/2566453/isabelle-harrison,1,Active,active
2026,131935,NA,TOR,Toronto Tempo,NA,33476D,NA,https://a.espncdn.com/i/teamlogos/wnba/500/tor.png,5345444,s:40~l:59~a:5345444,2a592264-7e41-3bf1-b764-9e18529bb8a7,Laura Juskaite,Laura Juskaite,L. Juskaite,Laura,Juskaite,2,F,Forward,7,"6' 4""",NA,28,1997-09-22T07:00Z,NA,NA,NA,0,NA,https://a.espncdn.com/i/headshots/wnba/players/full/5345444.png,Laura Juskaite,https://www.espn.com/wnba/player/_/id/5345444/laura-juskaite,1,Active,active
2026,131935,NA,TOR,Toronto Tempo,NA,33476D,NA,https://a.espncdn.com/i/teamlogos/wnba/500/tor.png,4434020,s:40~l:59~a:4434020,3c773812-ecda-3552-9481-5ddc79600200,Teonni Key,Teonni Key,T. Key,Teonni,Key,7,F,Forward,7,"6' 5""",NA,23,2003-07-10T07:00Z,Cary,NC,USA,0,NA,https://a.espncdn.com/i/headshots/wnba/players/full/4434020.png,Teonni Key,https://www.espn.com/wnba/player/_/id/4434020/teonni-key,1,Active,active
2026,131935,NA,TOR,Toronto Tempo,NA,33476D,NA,https://a.espncdn.com/i/teamlogos/wnba/500/tor.png,3904576,s:40~l:59~a:3904576,1bce47f0-de18-db37-1f24-f707afb155a8,Marina Mabrey,Marina Mabrey,M. Mabrey,Marina,Mabrey,3,G,Guard,3,"6' 1""",170 lbs,29,1996-09-14T07:00Z,Belmar,NJ,USA,8,NA,https://a.espncdn.com/i/headshots/wnba/players/full/3904576.png,Marina Mabrey,https://www.espn.com/wnba/player/_/id/3904576/marina-mabrey,1,Active,active
2026,131935,NA,TOR,Toronto Tempo,NA,33476D,NA,https://a.espncdn.com/i/teamlogos/wnba/500/tor.png,4684384,s:40~l:59~a:4684384,b03d1b88-edb6-387f-b7bd-60905928eb2c,Aneesah Morrow,Aneesah Morrow,A. Morrow,Aneesah,Morrow,24,F,Forward,7,"6' 1""",NA,23,2003-02-02T08:00Z,Chicago,IL,USA,2,NA,https://a.espncdn.com/i/headshots/wnba/players/full/4684384.png,Aneesah Morrow,https://www.espn.com/wnba/player/_/id/4684384/aneesah-morrow,1,Active,active
2026,131935,NA,TOR,Toronto Tempo,NA,33476D,NA,https://a.espncdn.com/i/teamlogos/wnba/500/tor.png,3142327,s:40~l:59~a:3142327,01ff0298-57dc-dfde-af86-c862df599b40,Kia Nurse,Kia Nurse,K. Nurse,Kia,Nurse,11,G,Guard,3,"6' 1""",181 lbs,30,1996-02-22T08:00Z,Hamilton,ON,Canada,8,NA,https://a.espncdn.com/i/headshots/wnba/players/full/3142327.png,Kia Nurse,https://www.espn.com/wnba/player/_/id/3142327/kia-nurse,1,Active,active
2026,131935,NA,TOR,Toronto Tempo,NA,33476D,NA,https://a.espncdn.com/i/teamlogos/wnba/500/tor.png,4565505,s:40~l:59~a:4565505,527099c9-b18c-356a-a939-b950af0427c5,Kiki Rice,Kiki Rice,K. Rice,Kiki,Rice,1,G,Guard,3,"5' 11""",NA,22,2004-01-14T08:00Z,Bethesda,MD,USA,0,NA,https://a.espncdn.com/i/headshots/wnba/players/full/4565505.png,Kiki Rice,https://www.espn.com/wnba/player/_/id/4565505/kiki-rice,1,Active,active
2026,131935,NA,TOR,Toronto Tempo,NA,33476D,NA,https://a.espncdn.com/i/teamlogos/wnba/500/tor.png,4398768,s:40~l:59~a:4398768,d802dec8-8c30-07a9-d761-20123ed66d35,Nyara Sabally,Nyara Sabally,N. Sabally,Nyara,Sabally,8,F,Forward,7,"6' 5""",204 lbs,26,2000-02-26T08:00Z,Berlin,NA,Germany,4,NA,https://a.espncdn.com/i/headshots/wnba/players/full/4398768.png,Nyara Sabally,https://www.espn.com/wnba/player/_/id/4398768/nyara-sabally,1,Active,active
2026,131935,NA,TOR,Toronto Tempo,NA,33476D,NA,https://a.espncdn.com/i/teamlogos/wnba/500/tor.png,2988756,s:40~l:59~a:2988756,b8564ef4-7521-235a-57d1-0262eb11d1fb,Brittney Sykes,Brittney Sykes,B. Sykes,Brittney,Sykes,20,G,Guard,3,"5' 11""",154 lbs,32,1994-02-07T08:00Z,Newark,NJ,USA,10,NA,https://a.espncdn.com/i/headshots/wnba/players/full/2988756.png,Brittney Sykes,https://www.espn.com/wnba/player/_/id/2988756/brittney-sykes,1,Active,active
2026,132052,NA,POR,Portland Fire,NA,cee5eb,NA,https://a.espncdn.com/i/teamlogos/wnba/500/por.png,4703794,s:40~l:59~a:4703794,6259bc38-22d1-3564-bd88-eaf13345c7eb,Sarah Ashlee Barker,Sarah Ashlee Barker,S. Barker,Sarah Ashlee,Barker,3,G,Guard,3,"6' 0""",NA,24,2001-09-10T07:00Z,Birmingham,AL,USA,2,NA,https://a.espncdn.com/i/headshots/wnba/players/full/4703794.png,Sarah Ashlee Barker,https://www.espn.com/wnba/player/_/id/4703794/sarah-ashlee-barker,1,Active,active
2026,132052,NA,POR,Portland Fire,NA,cee5eb,NA,https://a.espncdn.com/i/teamlogos/wnba/500/por.png,5105406,s:40~l:59~a:5105406,52f94a97-def2-3e09-946b-ae3fc49c7244,Frieda Buhner,Frieda Buhner,F. Buhner,Frieda,Buhner,20,F,Forward,7,"6' 1""",NA,22,2004-05-28T07:00Z,Osnabruck,NA,Germany,0,NA,https://a.espncdn.com/i/headshots/wnba/players/full/5105406.png,Frieda Buhner,https://www.espn.com/wnba/player/_/id/5105406/frieda-buhner,1,Active,active
2026,132052,NA,POR,Portland Fire,NA,cee5eb,NA,https://a.espncdn.com/i/teamlogos/wnba/500/por.png,3906972,s:40~l:59~a:3906972,45bb9001-d6d5-f987-3e64-fe45e12895f8,Bridget Carleton,Bridget Carleton,B. Carleton,Bridget,Carleton,6,F,Forward,7,"6' 2""",179 lbs,29,1997-05-22T07:00Z,Chatham,ON,Canada,8,NA,https://a.espncdn.com/i/headshots/wnba/players/full/3906972.png,Bridget Carleton,https://www.espn.com/wnba/player/_/id/3906972/bridget-carleton,1,Active,active
2026,132052,NA,POR,Portland Fire,NA,cee5eb,NA,https://a.espncdn.com/i/teamlogos/wnba/500/por.png,3934218,s:40~l:59~a:3934218,090b8e9f-23ec-2850-c9d9-3c7065351537,Megan DiLeo,Megan DiLeo,M. DiLeo,Megan,DiLeo,17,C,Center,9,"6' 4""",195 lbs,29,1996-12-13T08:00Z,Port Wing,WI,USA,8,NA,https://a.espncdn.com/i/headshots/wnba/players/full/3934218.png,Megan DiLeo,https://www.espn.com/wnba/player/_/id/3934218/megan-dileo,1,Active,active
2026,132052,NA,POR,Portland Fire,NA,cee5eb,NA,https://a.espncdn.com/i/teamlogos/wnba/500/por.png,4398729,s:40~l:59~a:4398729,b2eb4e85-2965-f2b9-519a-c12058d48430,Emily Engstler,Emily Engstler,E. Engstler,Emily,Engstler,21,F,Forward,7,"6' 1""",180 lbs,26,2000-05-01T07:00Z,New York,NY,USA,5,NA,https://a.espncdn.com/i/headshots/wnba/players/full/4398729.png,Emily Engstler,https://www.espn.com/wnba/player/_/id/4398729/emily-engstler,1,Active,active
2026,132052,NA,POR,Portland Fire,NA,cee5eb,NA,https://a.espncdn.com/i/teamlogos/wnba/500/por.png,4433795,s:40~l:59~a:4433795,96865a84-9cac-3ca0-9525-04367218dd7b,Sania Feagin,Sania Feagin,S. Feagin,Sania,Feagin,1,F,Forward,7,"6' 3""",NA,23,2003-03-15T08:00Z,Ellenwood,GA,USA,2,NA,https://a.espncdn.com/i/headshots/wnba/players/full/4433795.png,Sania Feagin,https://www.espn.com/wnba/player/_/id/4433795/sania-feagin,1,Active,active
2026,132052,NA,POR,Portland Fire,NA,cee5eb,NA,https://a.espncdn.com/i/teamlogos/wnba/500/por.png,4682797,s:40~l:59~a:4682797,02e432d5-84c9-3937-8dda-7038d7340286,Luisa Geiselsoder,Luisa Geiselsoder,L. Geiselsoder,Luisa,Geiselsoder,15,C,Center,9,"6' 4""",NA,26,2000-02-10T08:00Z,Ansbach,NA,Germany,2,NA,https://a.espncdn.com/i/headshots/wnba/players/full/4682797.png,Luisa Geiselsoder,https://www.espn.com/wnba/player/_/id/4682797/luisa-geiselsoder,1,Active,active
2026,132052,NA,POR,Portland Fire,NA,cee5eb,NA,https://a.espncdn.com/i/teamlogos/wnba/500/por.png,5108051,s:40~l:59~a:5108051,d44d111a-6d98-318b-b77c-1faadbcd7a37,Jordan Harrison,Jordan Harrison,J. Harrison,Jordan,Harrison,2,G,Guard,3,"5' 6""",NA,22,2004-04-26T07:00Z,Oklahoma City,OK,USA,0,NA,NA,NA,https://www.espn.com/wnba/player/_/id/5108051/jordan-harrison,1,Active,active
2026,132052,NA,POR,Portland Fire,NA,cee5eb,NA,https://a.espncdn.com/i/teamlogos/wnba/500/por.png,5208982,s:40~l:59~a:5208982,fd8b301a-a297-3515-a852-42f2eabda167,Carla Leite,Carla Leite,C. Leite,Carla,Leite,0,G,Guard,3,"5' 9""",NA,22,2004-04-16T07:00Z,NA,NA,NA,2,NA,https://a.espncdn.com/i/headshots/wnba/players/full/5208982.png,Carla Leite,https://www.espn.com/wnba/player/_/id/5208982/carla-leite,1,Active,active
2026,132052,NA,POR,Portland Fire,NA,cee5eb,NA,https://a.espncdn.com/i/teamlogos/wnba/500/por.png,5346554,s:40~l:59~a:5346554,6a6ba819-3a0d-3440-860c-8840e78e77ef,Teja Oblak,Teja Oblak,T. Oblak,Teja,Oblak,7,G,Guard,3,"5' 8""",NA,35,1990-12-20T08:00Z,NA,NA,NA,0,NA,NA,NA,https://www.espn.com/wnba/player/_/id/5346554/teja-oblak,1,Active,active
2026,132052,NA,POR,Portland Fire,NA,cee5eb,NA,https://a.espncdn.com/i/teamlogos/wnba/500/por.png,3142242,s:40~l:59~a:3142242,edab8db7-9e1f-f296-b408-b4e1d2b4b364,Amy Okonkwo,Amy Okonkwo,A. Okonkwo,Amy,Okonkwo,8,F,Forward,7,"6' 2""",NA,30,1996-08-26T07:00Z,Rancho Cucamonga,CA,USA,1,NA,https://a.espncdn.com/i/headshots/wnba/players/full/3142242.png,Amy Okonkwo,https://www.espn.com/wnba/player/_/id/3142242/amy-okonkwo,1,Active,active
2026,132052,NA,POR,Portland Fire,NA,cee5eb,NA,https://a.espncdn.com/i/teamlogos/wnba/500/por.png,5209202,s:40~l:59~a:5209202,6303c62d-cb1c-3f1f-af17-5eaa16fadc80,Nyadiew Puoch,Nyadiew Puoch,N. Puoch,Nyadiew,Puoch,13,F,Forward,7,"6' 3""",NA,22,2004-06-23T07:00Z,NA,NA,NA,0,NA,https://a.espncdn.com/i/headshots/wnba/players/full/5209202.png,Nyadiew Puoch,https://www.espn.com/wnba/player/_/id/5209202/nyadiew-puoch,1,Active,active
2026,132052,NA,POR,Portland Fire,NA,cee5eb,NA,https://a.espncdn.com/i/teamlogos/wnba/500/por.png,3056730,s:40~l:59~a:3056730,a6639392-a558-7275-c0b4-120c8c122cc2,Karlie Samuelson,Karlie Samuelson,K. Samuelson,Karlie,Samuelson,44,G,Guard,3,"6' 0""",160 lbs,31,1995-05-10T07:00Z,Huntington Beach,CA,USA,8,NA,https://a.espncdn.com/i/headshots/wnba/players/full/3056730.png,Karlie Samuelson,https://www.espn.com/wnba/player/_/id/3056730/karlie-samuelson,1,Active,active
2026,132052,NA,POR,Portland Fire,NA,cee5eb,NA,https://a.espncdn.com/i/teamlogos/wnba/500/por.png,5108550,s:40~l:59~a:5108550,31ef5a00-81e3-3cb3-a433-e1141bfeedc0,Serah Williams,Serah Williams,S. Williams,Serah,Williams,25,C,Center,9,"6' 4""",NA,22,2004-01-17T08:00Z,Brooklyn,NY,USA,0,NA,https://a.espncdn.com/i/headshots/wnba/players/full/5108550.png,Serah Williams,https://www.espn.com/wnba/player/_/id/5108550/serah-williams,1,Active,active
2026,132052,NA,POR,Portland Fire,NA,cee5eb,NA,https://a.espncdn.com/i/teamlogos/wnba/500/por.png,4433690,s:40~l:59~a:4433690,62448f65-1b2a-360a-8b73-ae45f21a0044,Holly Winterburn,Holly Winterburn,H. Winterburn,Holly,Winterburn,77,G,Guard,3,"5' 11""",NA,25,2000-10-01T07:00Z,Northampton,NA,England,0,NA,https://a.espncdn.com/i/headshots/wnba/players/full/4433690.png,Holly Winterburn,https://www.espn.com/wnba/player/_/id/4433690/holly-winterburn,1,Active,active
2026,14,NA,SEA,Seattle Storm,NA,2c5235,NA,https://a.espncdn.com/i/teamlogos/wnba/500/sea.png,4432832,s:40~l:59~a:4432832,23b8092f-e8e4-37c9-bda1-0a39591da854,Zia Cooke,Zia Cooke,Z. Cooke,Zia,Cooke,7,G,Guard,3,"5' 9""",163 lbs,25,2001-01-09T08:00Z,Toledo,OH,USA,4,NA,https://a.espncdn.com/i/headshots/wnba/players/full/4432832.png,Zia Cooke,https://www.espn.com/wnba/player/_/id/4432832/zia-cooke,1,Active,active
2026,14,NA,SEA,Seattle Storm,NA,2c5235,NA,https://a.espncdn.com/i/teamlogos/wnba/500/sea.png,2529183,s:40~l:59~a:2529183,f3e8f659-99fc-fc55-0f62-a95500b0074a,Stefanie Dolson,Stefanie Dolson,S. Dolson,Stefanie,Dolson,31,C,Center,9,"6' 5""",235 lbs,34,1992-01-08T08:00Z,Port Jervis,NY,USA,13,NA,https://a.espncdn.com/i/headshots/wnba/players/full/2529183.png,Stefanie Dolson,https://www.espn.com/wnba/player/_/id/2529183/stefanie-dolson,1,Active,active
2026,14,NA,SEA,Seattle Storm,NA,2c5235,NA,https://a.espncdn.com/i/teamlogos/wnba/500/sea.png,5345325,s:40~l:59~a:5345325,79194bb3-caeb-3af5-a503-9baa2b42b377,Awa Fam,Awa Fam,A. Fam,Awa,Fam,11,C,Center,9,"6' 4""",NA,20,2006-06-17T07:00Z,NA,NA,NA,0,NA,https://a.espncdn.com/i/headshots/wnba/players/full/5345325.png,Awa Fam,https://www.espn.com/wnba/player/_/id/5345325/awa-fam,1,Active,active
2026,14,NA,SEA,Seattle Storm,NA,2c5235,NA,https://a.espncdn.com/i/teamlogos/wnba/500/sea.png,3906753,s:40~l:59~a:3906753,9fd561fc-eb90-7974-fdde-77acc2436dd0,Natisha Hiedeman,Natisha Hiedeman,N. Hiedeman,Natisha,Hiedeman,2,G,Guard,3,"5' 8""",135 lbs,29,1997-02-10T08:00Z,Green Bay,WI,USA,8,NA,https://a.espncdn.com/i/headshots/wnba/players/full/3906753.png,Natisha Hiedeman,https://www.espn.com/wnba/player/_/id/3906753/natisha-hiedeman,1,Active,active
2026,14,NA,SEA,Seattle Storm,NA,2c5235,NA,https://a.espncdn.com/i/teamlogos/wnba/500/sea.png,4433643,s:40~l:59~a:4433643,50c2fa38-e22a-3ea0-80d8-c6f7be8001ae,Mackenzie Holmes,Mackenzie Holmes,M. Holmes,Mackenzie,Holmes,54,F,Forward,7,"6' 3""",NA,25,2000-11-01T08:00Z,Gorham,ME,USA,2,NA,https://a.espncdn.com/i/headshots/wnba/players/full/4433643.png,Mackenzie Holmes,https://www.espn.com/wnba/player/_/id/4433643/mackenzie-holmes,1,Active,active
2026,14,NA,SEA,Seattle Storm,NA,2c5235,NA,https://a.espncdn.com/i/teamlogos/wnba/500/sea.png,4432830,s:40~l:59~a:4432830,2903f847-ebab-3bc3-923d-1c68c55ec64b,Jordan Horston,Jordan Horston,J. Horston,Jordan,Horston,23,F,Forward,7,"6' 2""",165 lbs,25,2001-05-21T07:00Z,Columbus,OH,USA,3,NA,https://a.espncdn.com/i/headshots/wnba/players/full/4432830.png,Jordan Horston,https://www.espn.com/wnba/player/_/id/4432830/jordan-horston,1,Active,active
2026,14,NA,SEA,Seattle Storm,NA,2c5235,NA,https://a.espncdn.com/i/teamlogos/wnba/500/sea.png,4698736,s:40~l:59~a:4698736,1875dbcd-73f8-3c49-858b-6bab339c69fb,Flau'jae Johnson,Flau'jae Johnson,F. Johnson,Flau'jae,Johnson,4,G,Guard,3,"5' 10""",NA,22,2003-11-03T08:00Z,Savannah,GA,USA,0,NA,https://a.espncdn.com/i/headshots/wnba/players/full/4698736.png,Flau'jae Johnson,https://www.espn.com/wnba/player/_/id/4698736/flaujae-johnson,1,Active,active
2026,14,NA,SEA,Seattle Storm,NA,2c5235,NA,https://a.espncdn.com/i/teamlogos/wnba/500/sea.png,4420318,s:40~l:59~a:4420318,1a2b36a5-ad9c-05f3-62fe-4a4b21a3cfc1,Ezi Magbegor,Ezi Magbegor,E. Magbegor,Ezi,Magbegor,13,F,Forward,7,"6' 4""",181 lbs,27,1999-08-13T07:00Z,Wellington,NA,New Zealand,7,NA,https://a.espncdn.com/i/headshots/wnba/players/full/4420318.png,Ezi Magbegor,https://www.espn.com/wnba/player/_/id/4420318/ezi-magbegor,1,Active,active
2026,14,NA,SEA,Seattle Storm,NA,2c5235,NA,https://a.espncdn.com/i/teamlogos/wnba/500/sea.png,5106222,s:40~l:59~a:5106222,db8bf392-38a2-3c5b-8437-df665ff5cdfe,Taina Mair,Taina Mair,T. Mair,Taina,Mair,22,G,Guard,3,"5' 9""",NA,22,2003-11-20T08:00Z,Boston,MA,USA,0,NA,https://a.espncdn.com/i/headshots/wnba/players/full/5106222.png,Taina Mair,https://www.espn.com/wnba/player/_/id/5106222/taina-mair,1,Active,active
2026,14,NA,SEA,Seattle Storm,NA,2c5235,NA,https://a.espncdn.com/i/teamlogos/wnba/500/sea.png,5220150,s:40~l:59~a:5220150,f21b6680-508f-39c7-91a2-fc38d8d247e7,Dominique Malonga,Dominique Malonga,D. Malonga,Dominique,Malonga,14,C,Center,9,"6' 6""",NA,20,2005-11-16T08:00Z,NA,NA,NA,2,NA,https://a.espncdn.com/i/headshots/wnba/players/full/5220150.png,Dominique Malonga,https://www.espn.com/wnba/player/_/id/5220150/dominique-malonga,1,Active,active
2026,14,NA,SEA,Seattle Storm,NA,2c5235,NA,https://a.espncdn.com/i/teamlogos/wnba/500/sea.png,5017726,s:40~l:59~a:5017726,2211a4f3-092f-3294-b5f2-2dda7bb7d167,Jade Melbourne,Jade Melbourne,J. Melbourne,Jade,Melbourne,5,G,Guard,3,"5' 10""",145 lbs,24,2002-08-18T07:00Z,Traralgon,VIC,Australia,4,NA,https://a.espncdn.com/i/headshots/wnba/players/full/5017726.png,Jade Melbourne,https://www.espn.com/wnba/player/_/id/5017726/jade-melbourne,1,Active,active
2026,14,NA,SEA,Seattle Storm,NA,2c5235,NA,https://a.espncdn.com/i/teamlogos/wnba/500/sea.png,3917453,s:40~l:59~a:3917453,fdc6aae1-ce6c-1bd9-9f74-12381fd45704,Katie Lou Samuelson,Katie Lou Samuelson,K. Samuelson,Katie Lou,Samuelson,33,F,Forward,7,"6' 3""",163 lbs,29,1997-06-13T07:00Z,Huntington Beach,CA,USA,6,NA,https://a.espncdn.com/i/headshots/wnba/players/full/3917453.png,Katie Lou Samuelson,https://www.espn.com/wnba/player/_/id/3917453/katie-lou-samuelson,1,Active,active
2026,14,NA,SEA,Seattle Storm,NA,2c5235,NA,https://a.espncdn.com/i/teamlogos/wnba/500/sea.png,4898400,s:40~l:59~a:4898400,d6708816-8ec4-3961-a73b-8f422d6aa1b6,Taylor Thierry,Taylor Thierry,T. Thierry,Taylor,Thierry,3,F,Forward,7,"6' 1""",NA,23,2003-01-08T08:00Z,Cleveland,OH,USA,2,NA,https://a.espncdn.com/i/headshots/wnba/players/full/4898400.png,Taylor Thierry,https://www.espn.com/wnba/player/_/id/4898400/taylor-thierry,1,Active,active
2026,16,NA,WSH,Washington Mystics,NA,e03a3e,NA,https://a.espncdn.com/i/teamlogos/wnba/500/wsh.png,4704180,s:40~l:59~a:4704180,a9d1aaa5-c146-30df-9cf6-927d1b93d32c,Georgia Amoore,Georgia Amoore,G. Amoore,Georgia,Amoore,8,G,Guard,3,"5' 6""",NA,25,2001-04-03T07:00Z,Ballarat,VIC,Australia,0,NA,https://a.espncdn.com/i/headshots/wnba/players/full/4704180.png,Georgia Amoore,https://www.espn.com/wnba/player/_/id/4704180/georgia-amoore,1,Active,active
2026,16,NA,WSH,Washington Mystics,NA,e03a3e,NA,https://a.espncdn.com/i/teamlogos/wnba/500/wsh.png,4398911,s:40~l:59~a:4398911,0390235b-d63b-9a48-470f-dc80c05a20fa,Shakira Austin,Shakira Austin,S. Austin,Shakira,Austin,0,C,Center,9,"6' 5""",190 lbs,26,2000-07-25T07:00Z,Fredericksburg,VA,USA,5,NA,https://a.espncdn.com/i/headshots/wnba/players/full/4398911.png,Shakira Austin,https://www.espn.com/wnba/player/_/id/4398911/shakira-austin,1,Active,active
2026,16,NA,WSH,Washington Mystics,NA,e03a3e,NA,https://a.espncdn.com/i/teamlogos/wnba/500/wsh.png,5105737,s:40~l:59~a:5105737,4e73e15c-bb39-3a82-b4bf-8c71fae48868,Lauren Betts,Lauren Betts,L. Betts,Lauren,Betts,51,C,Center,9,"6' 7""",NA,22,2003-10-15T07:00Z,Centennial,CO,USA,0,NA,https://a.espncdn.com/i/headshots/wnba/players/full/5105737.png,Lauren Betts,https://www.espn.com/wnba/player/_/id/5105737/lauren-betts,1,Active,active
2026,16,NA,WSH,Washington Mystics,NA,e03a3e,NA,https://a.espncdn.com/i/teamlogos/wnba/500/wsh.png,4433524,s:40~l:59~a:4433524,40260700-49ec-36b3-8b20-339722b76b02,Sonia Citron,Sonia Citron,S. Citron,Sonia,Citron,22,G,Guard,3,"6' 1""",NA,22,2003-10-22T07:00Z,Eastchester,NY,USA,2,NA,https://a.espncdn.com/i/headshots/wnba/players/full/4433524.png,Sonia Citron,https://www.espn.com/wnba/player/_/id/4433524/sonia-citron,1,Active,active
2026,16,NA,WSH,Washington Mystics,NA,e03a3e,NA,https://a.espncdn.com/i/teamlogos/wnba/500/wsh.png,4433411,s:40~l:59~a:4433411,3a83740b-47c1-36bc-b0d6-b709f5a2723c,Angela Dugalic,Angela Dugalic,A. Dugalic,Angela,Dugalic,32,F,Forward,7,"6' 4""",NA,24,2001-12-29T08:00Z,Des Plaines,IL,USA,0,NA,https://a.espncdn.com/i/headshots/wnba/players/full/4433411.png,Angela Dugalic,https://www.espn.com/wnba/player/_/id/4433411/angela-dugalic,1,Active,active
2026,16,NA,WSH,Washington Mystics,NA,e03a3e,NA,https://a.espncdn.com/i/teamlogos/wnba/500/wsh.png,5208985,s:40~l:59~a:5208985,NA,Alicia Florez,Alicia Florez,A. Florez,Alicia,Florez,2,G,Guard,3,"5' 9""",NA,22,2004-04-19T07:00Z,NA,NA,NA,0,NA,NA,NA,https://www.espn.com/wnba/player/_/id/5208985/alicia-florez,1,Active,active
2026,16,NA,WSH,Washington Mystics,NA,e03a3e,NA,https://a.espncdn.com/i/teamlogos/wnba/500/wsh.png,4433523,s:40~l:59~a:4433523,d977afa5-f2e8-3294-abbb-57ee9f5cac2f,Rori Harmon,Rori Harmon,R. Harmon,Rori,Harmon,3,G,Guard,3,"5' 6""",NA,23,2003-01-29T08:00Z,Houston,TX,USA,0,NA,https://a.espncdn.com/i/headshots/wnba/players/full/4433523.png,Rori Harmon,https://www.espn.com/wnba/player/_/id/4433523/rori-harmon,1,Active,active
2026,16,NA,WSH,Washington Mystics,NA,e03a3e,NA,https://a.espncdn.com/i/teamlogos/wnba/500/wsh.png,4898384,s:40~l:59~a:4898384,8c14caa5-a9c7-3508-aca8-567930a6d9b7,Kiki Iriafen,Kiki Iriafen,K. Iriafen,Kiki,Iriafen,44,F,Forward,7,"6' 3""",NA,23,2003-08-26T07:00Z,Los Angeles,CA,USA,2,NA,https://a.espncdn.com/i/headshots/wnba/players/full/4898384.png,Kiki Iriafen,https://www.espn.com/wnba/player/_/id/4898384/kiki-iriafen,1,Active,active
2026,16,NA,WSH,Washington Mystics,NA,e03a3e,NA,https://a.espncdn.com/i/teamlogos/wnba/500/wsh.png,2593770,s:40~l:59~a:2593770,08d9f7a2-c92a-1db6-6556-b5598083d713,Betnijah Laney-Hamilton,Betnijah Laney-Hamilton,B. Laney-Hamilton,Betnijah,Laney-Hamilton,4,G,Guard,3,"6' 0""",166 lbs,32,1993-10-29T07:00Z,Clayton,DE,USA,10,NA,https://a.espncdn.com/i/headshots/wnba/players/full/2593770.png,Betnijah Laney-Hamilton,https://www.espn.com/wnba/player/_/id/2593770/betnijah-laney-hamilton,1,Active,active
2026,16,NA,WSH,Washington Mystics,NA,e03a3e,NA,https://a.espncdn.com/i/teamlogos/wnba/500/wsh.png,5106145,s:40~l:59~a:5106145,56b890e5-f0b5-3062-a62a-8c8793939ccf,Darianna Littlepage-Buggs,Darianna Littlepage-Buggs,D. Littlepage-Buggs,Darianna,Littlepage-Buggs,5,G,Guard,3,"6' 1""",NA,22,2003-09-23T07:00Z,Oklahoma City,OK,USA,0,NA,https://a.espncdn.com/i/headshots/wnba/players/full/5106145.png,Darianna Littlepage-Buggs,https://www.espn.com/wnba/player/_/id/5106145/darianna-littlepage-buggs,1,Active,active
2026,16,NA,WSH,Washington Mystics,NA,e03a3e,NA,https://a.espncdn.com/i/teamlogos/wnba/500/wsh.png,4583144,s:40~l:59~a:4583144,f3f823c7-0beb-3fde-89f4-b3439835fafd,Cotie McMahon,Cotie McMahon,C. McMahon,Cotie,McMahon,23,G,Guard,3,"6' 0""",NA,22,2004-05-04T07:00Z,Dayton,OH,USA,0,NA,https://a.espncdn.com/i/headshots/wnba/players/full/4583144.png,Cotie McMahon,https://www.espn.com/wnba/player/_/id/4583144/cotie-mcmahon,1,Active,active
2026,16,NA,WSH,Washington Mystics,NA,e03a3e,NA,https://a.espncdn.com/i/teamlogos/wnba/500/wsh.png,4433815,s:40~l:59~a:4433815,270986ef-94a3-3efb-8688-8b4b7c5931e8,Lucy Olsen,Lucy Olsen,L. Olsen,Lucy,Olsen,33,G,Guard,3,"5' 10""",NA,23,2003-05-26T07:00Z,Collegeville,PA,USA,2,NA,https://a.espncdn.com/i/headshots/wnba/players/full/4433815.png,Lucy Olsen,https://www.espn.com/wnba/player/_/id/4433815/lucy-olsen,1,Active,active
2026,16,NA,WSH,Washington Mystics,NA,e03a3e,NA,https://a.espncdn.com/i/teamlogos/wnba/500/wsh.png,4282173,s:40~l:59~a:4282173,97dad9cd-0677-b9a3-b349-85f39da7c26b,Michaela Onyenwere,Michaela Onyenwere,M. Onyenwere,Michaela,Onyenwere,12,F,Forward,7,"6' 0""",178 lbs,27,1999-08-10T07:00Z,Aurora,CO,USA,6,NA,https://a.espncdn.com/i/headshots/wnba/players/full/4282173.png,Michaela Onyenwere,https://www.espn.com/wnba/player/_/id/4282173/michaela-onyenwere,1,Active,active
2026,16,NA,WSH,Washington Mystics,NA,e03a3e,NA,https://a.espncdn.com/i/teamlogos/wnba/500/wsh.png,5122345,s:40~l:59~a:5122345,118f7a39-0568-39be-84c0-dbabfcdba438,Cassandre Prosper,Cassandre Prosper,C. Prosper,Cassandre,Prosper,18,G,Guard,3,"6' 3""",NA,21,2005-06-25T07:00Z,Montreal,PQ,Canada,0,NA,https://a.espncdn.com/i/headshots/wnba/players/full/5122345.png,Cassandre Prosper,https://www.espn.com/wnba/player/_/id/5122345/cassandre-prosper,1,Active,active
2026,17,NA,LV,Las Vegas Aces,NA,a7a8aa,NA,https://a.espncdn.com/i/teamlogos/wnba/500/lv.png,4433633,s:40~l:59~a:4433633,7923526e-bc15-3288-9363-4a77de99bd64,Kierstan Bell,Kierstan Bell,K. Bell,Kierstan,Bell,1,F,Forward,7,"6' 1""",176 lbs,26,2000-03-16T08:00Z,Alliance,OH,USA,5,NA,https://a.espncdn.com/i/headshots/wnba/players/full/4433633.png,Kierstan Bell,https://www.espn.com/wnba/player/_/id/4433633/kierstan-bell,1,Active,active
2026,17,NA,LV,Las Vegas Aces,NA,a7a8aa,NA,https://a.espncdn.com/i/teamlogos/wnba/500/lv.png,3916514,s:40~l:59~a:3916514,c039033d-2566-8346-2701-1ccc9adf5709,Kalani Brown,Kalani Brown,K. Brown,Kalani,Brown,21,C,Center,9,"6' 7""",245 lbs,29,1997-03-21T08:00Z,Slidell,LA,USA,5,NA,https://a.espncdn.com/i/headshots/wnba/players/full/3916514.png,Kalani Brown,https://www.espn.com/wnba/player/_/id/3916514/kalani-brown,1,Active,active
2026,17,NA,LV,Las Vegas Aces,NA,a7a8aa,NA,https://a.espncdn.com/i/teamlogos/wnba/500/lv.png,4281190,s:40~l:59~a:4281190,051ae3bd-c8ea-eb8a-372b-9cd1cb336b9d,Dana Evans,Dana Evans,D. Evans,Dana,Evans,11,G,Guard,3,"5' 6""",145 lbs,28,1998-08-01T07:00Z,Gary,IN,USA,6,NA,https://a.espncdn.com/i/headshots/wnba/players/full/4281190.png,Dana Evans,https://www.espn.com/wnba/player/_/id/4281190/dana-evans,1,Active,active
2026,17,NA,LV,Las Vegas Aces,NA,a7a8aa,NA,https://a.espncdn.com/i/teamlogos/wnba/500/lv.png,2529122,s:40~l:59~a:2529122,6a3fef56-2bd2-ba2e-1e18-4723c4590b47,Chelsea Gray,Chelsea Gray,C. Gray,Chelsea,Gray,12,G,Guard,3,"5' 11""",170 lbs,33,1992-10-08T07:00Z,Hayward,CA,USA,12,NA,https://a.espncdn.com/i/headshots/wnba/players/full/2529122.png,Chelsea Gray,https://www.espn.com/wnba/player/_/id/2529122/chelsea-gray,1,Active,active
2026,17,NA,LV,Las Vegas Aces,NA,a7a8aa,NA,https://a.espncdn.com/i/teamlogos/wnba/500/lv.png,4609797,s:40~l:59~a:4609797,e8210eb0-fe71-31e6-87e9-8c4b286aeb3f,Ta'Niya Latson,Ta'Niya Latson,T. Latson,Ta'Niya,Latson,5,G,Guard,3,"5' 8""",NA,22,2003-12-26T08:00Z,Miami,FL,USA,0,NA,https://a.espncdn.com/i/headshots/wnba/players/full/4609797.png,Ta'Niya Latson,https://www.espn.com/wnba/player/_/id/4609797/taniya-latson,1,Active,active
2026,17,NA,LV,Las Vegas Aces,NA,a7a8aa,NA,https://a.espncdn.com/i/teamlogos/wnba/500/lv.png,2987869,s:40~l:59~a:2987869,6268520f-7d7f-f5f6-4c16-59e7ffcd3dd0,Jewell Loyd,Jewell Loyd,J. Loyd,Jewell,Loyd,24,G,Guard,3,"5' 11""",175 lbs,32,1993-10-05T07:00Z,Lincolnwood,IL,USA,12,NA,https://a.espncdn.com/i/headshots/wnba/players/full/2987869.png,Jewell Loyd,https://www.espn.com/wnba/player/_/id/2987869/jewell-loyd,1,Active,active
2026,17,NA,LV,Las Vegas Aces,NA,a7a8aa,NA,https://a.espncdn.com/i/teamlogos/wnba/500/lv.png,2529458,s:40~l:59~a:2529458,4a8b37e4-d246-2fae-729d-5642babd8ce9,Cheyenne Parker-Tyus,Cheyenne Parker-Tyus,C. Parker-Tyus,Cheyenne,Parker-Tyus,32,F,Forward,7,"6' 4""",193 lbs,34,1992-08-22T07:00Z,Queens,NY,USA,12,NA,https://a.espncdn.com/i/headshots/wnba/players/full/2529458.png,Cheyenne Parker-Tyus,https://www.espn.com/wnba/player/_/id/2529458/cheyenne-parker-tyus,1,Active,active
2026,17,NA,LV,Las Vegas Aces,NA,a7a8aa,NA,https://a.espncdn.com/i/teamlogos/wnba/500/lv.png,4682855,s:40~l:59~a:4682855,05de73f8-c374-3b02-b482-0de66a790a71,Justine Pissott,Justine Pissott,J. Pissott,Justine,Pissott,13,G,Guard,3,"6' 4""",NA,22,2004-02-04T08:00Z,Toms River,NJ,USA,0,NA,https://a.espncdn.com/i/headshots/wnba/players/full/4682855.png,Justine Pissott,https://www.espn.com/wnba/player/_/id/4682855/justine-pissott,1,Active,active
2026,17,NA,LV,Las Vegas Aces,NA,a7a8aa,NA,https://a.espncdn.com/i/teamlogos/wnba/500/lv.png,4398776,s:40~l:59~a:4398776,92bac4f9-e4db-67c6-0354-24c06720f754,NaLyssa Smith,NaLyssa Smith,N. Smith,NaLyssa,Smith,3,F,Forward,7,"6' 4""",185 lbs,26,2000-08-08T07:00Z,Converse,TX,USA,5,NA,https://a.espncdn.com/i/headshots/wnba/players/full/4398776.png,NaLyssa Smith,https://www.espn.com/wnba/player/_/id/4398776/nalyssa-smith,1,Active,active
2026,17,NA,LV,Las Vegas Aces,NA,a7a8aa,NA,https://a.espncdn.com/i/teamlogos/wnba/500/lv.png,3099736,s:40~l:59~a:3099736,3067ae5b-8fd8-7b0d-a177-a1d3d6ad2e61,Stephanie Talbot,Stephanie Talbot,S. Talbot,Stephanie,Talbot,7,F,Forward,7,"6' 2""",192 lbs,32,1994-06-15T07:00Z,Darwin,NT,Australia,8,NA,https://a.espncdn.com/i/headshots/wnba/players/full/3099736.png,Stephanie Talbot,https://www.espn.com/wnba/player/_/id/3099736/stephanie-talbot,1,Active,active
2026,17,NA,LV,Las Vegas Aces,NA,a7a8aa,NA,https://a.espncdn.com/i/teamlogos/wnba/500/lv.png,3142086,s:40~l:59~a:3142086,1ff615cd-0bc6-eff1-8207-e36689c0672c,Brianna Turner,Brianna Turner,B. Turner,Brianna,Turner,21,F,Forward,7,"6' 3""",175 lbs,30,1996-07-05T07:00Z,Pearland,TX,USA,8,NA,https://a.espncdn.com/i/headshots/wnba/players/full/3142086.png,Brianna Turner,https://www.espn.com/wnba/player/_/id/3142086/brianna-turner,1,Active,active
2026,17,NA,LV,Las Vegas Aces,NA,a7a8aa,NA,https://a.espncdn.com/i/teamlogos/wnba/500/lv.png,3149391,s:40~l:59~a:3149391,9d049a87-30bf-a718-0206-b47ef02f57df,A'ja Wilson,A'ja Wilson,A. Wilson,A'ja,Wilson,22,C,Center,9,"6' 4""",195 lbs,30,1996-08-08T07:00Z,Hopkins,SC,USA,9,NA,https://a.espncdn.com/i/headshots/wnba/players/full/3149391.png,A'ja Wilson,https://www.espn.com/wnba/player/_/id/3149391/aja-wilson,1,Active,active
2026,17,NA,LV,Las Vegas Aces,NA,a7a8aa,NA,https://a.espncdn.com/i/teamlogos/wnba/500/lv.png,5220104,s:40~l:59~a:5220104,c546914c-6fd9-3ec8-9d52-b9e3e7c0147f,Mai Yamamoto,Mai Yamamoto,M. Yamamoto,Mai,Yamamoto,18,G,Guard,3,"5' 5""",128 lbs,26,1999-10-23T07:00Z,Hiroshima,NA,Japan,0,NA,https://a.espncdn.com/i/headshots/wnba/players/full/5220104.png,Mai Yamamoto,https://www.espn.com/wnba/player/_/id/5220104/mai-yamamoto,1,Active,active
2026,17,NA,LV,Las Vegas Aces,NA,a7a8aa,NA,https://a.espncdn.com/i/teamlogos/wnba/500/lv.png,4065870,s:40~l:59~a:4065870,549665e1-73d4-f906-4670-03961ea95464,Jackie Young,Jackie Young,J. Young,Jackie,Young,0,G,Guard,3,"6' 0""",165 lbs,28,1997-09-16T07:00Z,Princeton,IN,USA,8,NA,https://a.espncdn.com/i/headshots/wnba/players/full/4065870.png,Jackie Young,https://www.espn.com/wnba/player/_/id/4065870/jackie-young,1,Active,active
2026,18,NA,CON,Connecticut Sun,NA,f05023,NA,https://a.espncdn.com/i/teamlogos/wnba/500/con.png,5345319,s:40~l:59~a:5345319,ef3e02b1-f566-3530-846b-a7fe8994fc4c,Nell Angloma,Nell Angloma,N. Angloma,Nell,Angloma,33,F,Forward,7,"6' 1""",NA,20,2006-06-12T07:00Z,NA,NA,NA,0,NA,NA,NA,https://www.espn.com/wnba/player/_/id/5345319/nell-angloma,1,Active,active
2026,18,NA,CON,Connecticut Sun,NA,f05023,NA,https://a.espncdn.com/i/teamlogos/wnba/500/con.png,5105732,s:40~l:59~a:5105732,7b77ac68-882f-3528-bac4-1d90a16ed61d,Raegan Beers,Raegan Beers,R. Beers,Raegan,Beers,15,F,Forward,7,"6' 4""",NA,23,2003-07-23T07:00Z,Littleton,CO,USA,0,NA,https://a.espncdn.com/i/headshots/wnba/players/full/5105732.png,Raegan Beers,https://www.espn.com/wnba/player/_/id/5105732/raegan-beers,1,Active,active
2026,18,NA,CON,Connecticut Sun,NA,f05023,NA,https://a.espncdn.com/i/teamlogos/wnba/500/con.png,3922628,s:40~l:59~a:3922628,27bec061-e73e-a474-7423-44597e74cce5,Kennedy Burke,Kennedy Burke,K. Burke,Kennedy,Burke,25,G,Guard,3,"6' 1""",182 lbs,29,1997-02-14T08:00Z,Northridge,CA,USA,7,NA,https://a.espncdn.com/i/headshots/wnba/players/full/3922628.png,Kennedy Burke,https://www.espn.com/wnba/player/_/id/3922628/kennedy-burke,1,Active,active
2026,18,NA,CON,Connecticut Sun,NA,f05023,NA,https://a.espncdn.com/i/teamlogos/wnba/500/con.png,4433408,s:40~l:59~a:4433408,60595614-8481-3d6c-98be-1a1ee34424cf,Aaliyah Edwards,Aaliyah Edwards,A. Edwards,Aaliyah,Edwards,8,F,Forward,7,"6' 3""",NA,24,2002-07-09T07:00Z,Kingston,ON,Canada,3,NA,https://a.espncdn.com/i/headshots/wnba/players/full/4433408.png,Aaliyah Edwards,https://www.espn.com/wnba/player/_/id/4433408/aaliyah-edwards,1,Active,active
2026,18,NA,CON,Connecticut Sun,NA,f05023,NA,https://a.espncdn.com/i/teamlogos/wnba/500/con.png,2490553,s:40~l:59~a:2490553,40e7dc87-4f73-696a-7dd3-6953d9f8ae79,Brittney Griner,Brittney Griner,B. Griner,Brittney,Griner,42,C,Center,9,"6' 9""",205 lbs,35,1990-10-18T07:00Z,Houston,TX,USA,13,NA,https://a.espncdn.com/i/headshots/wnba/players/full/2490553.png,Brittney Griner,https://www.espn.com/wnba/player/_/id/2490553/brittney-griner,1,Active,active
2026,18,NA,CON,Connecticut Sun,NA,f05023,NA,https://a.espncdn.com/i/teamlogos/wnba/500/con.png,5106232,s:40~l:59~a:5106232,2892cbb6-410c-3f84-9aae-594f58242912,Ashlon Jackson,Ashlon Jackson,A. Jackson,Ashlon,Jackson,3,G,Guard,3,"6' 0""",NA,22,2004-01-06T08:00Z,China,TX,USA,0,NA,https://a.espncdn.com/i/headshots/wnba/players/full/5106232.png,Ashlon Jackson,https://www.espn.com/wnba/player/_/id/5106232/ashlon-jackson,1,Active,active
2026,18,NA,CON,Connecticut Sun,NA,f05023,NA,https://a.espncdn.com/i/teamlogos/wnba/500/con.png,4898898,s:40~l:59~a:4898898,84510952-68e5-3e34-8395-423168617a53,Gianna Kneepkens,Gianna Kneepkens,G. Kneepkens,Gianna,Kneepkens,5,G,Guard,3,"5' 11""",NA,23,2003-03-04T08:00Z,Duluth,MN,USA,0,NA,https://a.espncdn.com/i/headshots/wnba/players/full/4898898.png,Gianna Kneepkens,https://www.espn.com/wnba/player/_/id/4898898/gianna-kneepkens,1,Active,active
2026,18,NA,CON,Connecticut Sun,NA,f05023,NA,https://a.espncdn.com/i/teamlogos/wnba/500/con.png,5208981,s:40~l:59~a:5208981,9d9d26db-061d-39a8-81cd-f49f20ca6fe3,Leila Lacan,Leila Lacan,L. Lacan,Leila,Lacan,47,G,Guard,3,"5' 11""",NA,22,2004-06-02T07:00Z,Rodez,NA,France,2,NA,https://a.espncdn.com/i/headshots/wnba/players/full/5208981.png,Leila Lacan,https://www.espn.com/wnba/player/_/id/5208981/leila-lacan,1,Active,active
2026,18,NA,CON,Connecticut Sun,NA,f05023,NA,https://a.espncdn.com/i/teamlogos/wnba/500/con.png,4703609,s:40~l:59~a:4703609,ffe45994-90cb-3f4b-bdaf-9c030d327caa,Charlisse Leger-Walker,Charlisse Leger-Walker,C. Leger-Walker,Charlisse,Leger-Walker,4,G,Guard,3,"5' 10""",NA,24,2001-09-15T07:00Z,Waikato,NA,New Zealand,0,NA,https://a.espncdn.com/i/headshots/wnba/players/full/4703609.png,Charlisse Leger-Walker,https://www.espn.com/wnba/player/_/id/4703609/charlisse-leger-walker,1,Active,active
2026,18,NA,CON,Connecticut Sun,NA,f05023,NA,https://a.espncdn.com/i/teamlogos/wnba/500/con.png,4433792,s:40~l:59~a:4433792,cf20effc-99d1-388d-9c5f-45671adbae34,Rayah Marshall,Rayah Marshall,R. Marshall,Rayah,Marshall,13,C,Center,9,"6' 4""",NA,22,2003-11-15T08:00Z,Los Angeles,CA,USA,1,NA,https://a.espncdn.com/i/headshots/wnba/players/full/4433792.png,Rayah Marshall,https://www.espn.com/wnba/player/_/id/4433792/rayah-marshall,1,Active,active
2026,18,NA,CON,Connecticut Sun,NA,f05023,NA,https://a.espncdn.com/i/teamlogos/wnba/500/con.png,4433635,s:40~l:59~a:4433635,aa42d38c-ef50-3eb6-85e8-409671e7b517,Diamond Miller,Diamond Miller,D. Miller,Diamond,Miller,1,F,Forward,7,"6' 3""",168 lbs,25,2001-02-11T08:00Z,Somerset,NJ,USA,4,NA,https://a.espncdn.com/i/headshots/wnba/players/full/4433635.png,Diamond Miller,https://www.espn.com/wnba/player/_/id/4433635/diamond-miller,1,Active,active
2026,18,NA,CON,Connecticut Sun,NA,f05023,NA,https://a.espncdn.com/i/teamlogos/wnba/500/con.png,4398966,s:40~l:59~a:4398966,808db7f8-1fd0-9331-db1f-e9dba41e61ab,Olivia Nelson-Ododa,Olivia Nelson-Ododa,O. Nelson-Ododa,Olivia,Nelson-Ododa,10,C,Center,9,"6' 5""",176 lbs,26,2000-08-17T07:00Z,Winder,GA,USA,5,NA,https://a.espncdn.com/i/headshots/wnba/players/full/4398966.png,Olivia Nelson-Ododa,https://www.espn.com/wnba/player/_/id/4398966/olivia-nelson-ododa,1,Active,active
2026,18,NA,CON,Connecticut Sun,NA,f05023,NA,https://a.espncdn.com/i/teamlogos/wnba/500/con.png,4433514,s:40~l:59~a:4433514,0dd1606f-2bcc-34fd-96ae-57e02ea8e7e3,Saniya Rivers,Saniya Rivers,S. Rivers,Saniya,Rivers,22,G,Guard,3,"6' 1""",NA,23,2003-03-04T08:00Z,Wilmington,NC,USA,2,NA,https://a.espncdn.com/i/headshots/wnba/players/full/4433514.png,Saniya Rivers,https://www.espn.com/wnba/player/_/id/4433514/saniya-rivers,1,Active,active
2026,18,NA,CON,Connecticut Sun,NA,f05023,NA,https://a.espncdn.com/i/teamlogos/wnba/500/con.png,4433412,s:40~l:59~a:4433412,eba67921-6ad6-3f9c-bf1c-0e2a9703d911,Hailey Van Lith,Hailey Van Lith,H. Van Lith,Hailey,Van Lith,2,G,Guard,3,"5' 9""",NA,24,2001-09-09T07:00Z,Wenatchee,WA,USA,2,NA,https://a.espncdn.com/i/headshots/wnba/players/full/4433412.png,Hailey Van Lith,https://www.espn.com/wnba/player/_/id/4433412/hailey-van-lith,1,Active,active
2026,19,NA,CHI,Chicago Sky,NA,5091cd,NA,https://a.espncdn.com/i/teamlogos/wnba/500/chi.png,2566186,s:40~l:59~a:2566186,986000fe-5c54-7533-2b58-daaf164ffc36,Rachel Banham,Rachel Banham,R. Banham,Rachel,Banham,24,G,Guard,3,"5' 10""",181 lbs,33,1993-07-15T07:00Z,Lakeville,MN,USA,11,NA,https://a.espncdn.com/i/headshots/wnba/players/full/2566186.png,Rachel Banham,https://www.espn.com/wnba/player/_/id/2566186/rachel-banham,1,Active,active
2026,19,NA,CHI,Chicago Sky,NA,5091cd,NA,https://a.espncdn.com/i/teamlogos/wnba/500/chi.png,4433405,s:40~l:59~a:4433405,4a4b0ff3-1dd7-31fc-8a29-220b6a17722c,Kamilla Cardoso,Kamilla Cardoso,K. Cardoso,Kamilla,Cardoso,10,C,Center,9,"6' 7""",215 lbs,25,2001-04-30T07:00Z,Montes Claros,NA,Brazil,3,NA,https://a.espncdn.com/i/headshots/wnba/players/full/4433405.png,Kamilla Cardoso,https://www.espn.com/wnba/player/_/id/4433405/kamilla-cardoso,1,Active,active
2026,19,NA,CHI,Chicago Sky,NA,5091cd,NA,https://a.espncdn.com/i/teamlogos/wnba/500/chi.png,4066548,s:40~l:59~a:4066548,432f8935-cb9d-5789-dbdb-a035de994ff6,DiJonai Carrington,DiJonai Carrington,D. Carrington,DiJonai,Carrington,7,G,Guard,3,"5' 11""",175 lbs,28,1998-01-08T08:00Z,San Diego,CA,USA,6,NA,https://a.espncdn.com/i/headshots/wnba/players/full/4066548.png,DiJonai Carrington,https://www.espn.com/wnba/player/_/id/4066548/dijonai-carrington,1,Active,active
2026,19,NA,CHI,Chicago Sky,NA,5091cd,NA,https://a.espncdn.com/i/teamlogos/wnba/500/chi.png,2529137,s:40~l:59~a:2529137,c3d35267-fedd-d8d2-8c24-64ee7aa144ac,Natasha Cloud,Natasha Cloud,N. Cloud,Natasha,Cloud,9,G,Guard,3,"5' 10""",160 lbs,34,1992-02-22T08:00Z,Broomall,PA,USA,11,NA,https://a.espncdn.com/i/headshots/wnba/players/full/2529137.png,Natasha Cloud,https://www.espn.com/wnba/player/_/id/2529137/natasha-cloud,1,Active,active
2026,19,NA,CHI,Chicago Sky,NA,5091cd,NA,https://a.espncdn.com/i/teamlogos/wnba/500/chi.png,4433433,s:40~l:59~a:4433433,d10cbe2c-26de-31fe-a119-5618bcf03b5d,Aicha Coulibaly,Aicha Coulibaly,A. Coulibaly,Aicha,Coulibaly,35,G,Guard,3,"6' 0""",NA,24,2001-10-18T07:00Z,Bamako,NA,Mali,0,NA,https://a.espncdn.com/i/headshots/wnba/players/full/4433433.png,Aicha Coulibaly,https://www.espn.com/wnba/player/_/id/4433433/aicha-coulibaly,1,Active,active
2026,19,NA,CHI,Chicago Sky,NA,5091cd,NA,https://a.espncdn.com/i/teamlogos/wnba/500/chi.png,2491205,s:40~l:59~a:2491205,535bcd09-56fd-8fc0-4442-a28d787609e0,Skylar Diggins,Skylar Diggins,S. Diggins,Skylar,Diggins,4,G,Guard,3,"5' 9""",140 lbs,36,1990-08-02T07:00Z,South Bend,IN,USA,12,NA,https://a.espncdn.com/i/headshots/wnba/players/full/2491205.png,Skylar Diggins,https://www.espn.com/wnba/player/_/id/2491205/skylar-diggins,1,Active,active
2026,19,NA,CHI,Chicago Sky,NA,5091cd,NA,https://a.espncdn.com/i/teamlogos/wnba/500/chi.png,4433630,s:40~l:59~a:4433630,bf28c328-c1c8-30f0-be04-d5eeaec2c856,Rickea Jackson,Rickea Jackson,R. Jackson,Rickea,Jackson,5,F,Forward,7,"6' 2""",175 lbs,25,2001-03-16T08:00Z,Detroit,MI,USA,3,NA,https://a.espncdn.com/i/headshots/wnba/players/full/4433630.png,Rickea Jackson,https://www.espn.com/wnba/player/_/id/4433630/rickea-jackson,1,Active,active
2026,19,NA,CHI,Chicago Sky,NA,5091cd,NA,https://a.espncdn.com/i/teamlogos/wnba/500/chi.png,4858656,s:40~l:59~a:4858656,9499df6a-a7f8-3467-87a7-25fc67524c3b,Gabriela Jaquez,Gabriela Jaquez,G. Jaquez,Gabriela,Jaquez,11,G,Guard,3,"6' 0""",NA,22,2003-11-19T08:00Z,Camarillo,CA,USA,0,NA,https://a.espncdn.com/i/headshots/wnba/players/full/4858656.png,Gabriela Jaquez,https://www.espn.com/wnba/player/_/id/4858656/gabriela-jaquez,1,Active,active
2026,19,NA,CHI,Chicago Sky,NA,5091cd,NA,https://a.espncdn.com/i/teamlogos/wnba/500/chi.png,4599199,s:40~l:59~a:4599199,1537c5a9-6bf9-3897-9268-72a3f7dfb211,Morgan Maly,Morgan Maly,M. Maly,Morgan,Maly,15,G,Guard,3,"6' 1""",NA,24,2002-01-25T08:00Z,Crete,NE,USA,0,NA,NA,NA,https://www.espn.com/wnba/player/_/id/4599199/morgan-maly,1,Active,active
2026,19,NA,CHI,Chicago Sky,NA,5091cd,NA,https://a.espncdn.com/i/teamlogos/wnba/500/chi.png,4432865,s:40~l:59~a:4432865,5d2a7a9d-9110-3d82-b373-0e795cb29fc2,Jacy Sheldon,Jacy Sheldon,J. Sheldon,Jacy,Sheldon,0,G,Guard,3,"5' 10""",140 lbs,26,2000-08-23T07:00Z,Dublin,OH,USA,3,NA,https://a.espncdn.com/i/headshots/wnba/players/full/4432865.png,Jacy Sheldon,https://www.espn.com/wnba/player/_/id/4432865/jacy-sheldon,1,Active,active
2026,19,NA,CHI,Chicago Sky,NA,5091cd,NA,https://a.espncdn.com/i/teamlogos/wnba/500/chi.png,3142010,s:40~l:59~a:3142010,43ed8c0c-d5d6-6472-da7e-17bab7f43965,Azura Stevens,Azura Stevens,A. Stevens,Azura,Stevens,30,F,Forward,7,"6' 6""",180 lbs,30,1996-02-01T08:00Z,Raleigh,NC,USA,9,NA,https://a.espncdn.com/i/headshots/wnba/players/full/3142010.png,Azura Stevens,https://www.espn.com/wnba/player/_/id/3142010/azura-stevens,1,Active,active
2026,19,NA,CHI,Chicago Sky,NA,5091cd,NA,https://a.espncdn.com/i/teamlogos/wnba/500/chi.png,4594786,s:40~l:59~a:4594786,b91883fa-0be3-3459-84de-71b3aae5761a,Sydney Taylor,Sydney Taylor,S. Taylor,Sydney,Taylor,12,G,Guard,3,"5' 9""",NA,25,2001-06-21T07:00Z,Long Island,NY,USA,0,NA,https://a.espncdn.com/i/headshots/wnba/players/full/4594786.png,Sydney Taylor,https://www.espn.com/wnba/player/_/id/4594786/sydney-taylor,1,Active,active
2026,19,NA,CHI,Chicago Sky,NA,5091cd,NA,https://a.espncdn.com/i/teamlogos/wnba/500/chi.png,981,s:40~l:59~a:981,1d736065-2a2f-60b2-c21d-d1ccb82836a0,Courtney Vandersloot,Courtney Vandersloot,C. Vandersloot,Courtney,Vandersloot,22,G,Guard,3,"5' 8""",137 lbs,37,1989-02-08T08:00Z,Kent,WA,USA,16,NA,https://a.espncdn.com/i/headshots/wnba/players/full/981.png,Courtney Vandersloot,https://www.espn.com/wnba/player/_/id/981/courtney-vandersloot,1,Active,active
2026,19,NA,CHI,Chicago Sky,NA,5091cd,NA,https://a.espncdn.com/i/teamlogos/wnba/500/chi.png,2566081,s:40~l:59~a:2566081,74e3b928-09c7-ec95-f877-f97869a9d64b,Elizabeth Williams,Elizabeth Williams,E. Williams,Elizabeth,Williams,1,C,Center,9,"6' 3""",200 lbs,33,1993-06-23T07:00Z,Virginia Beach,VA,USA,12,NA,https://a.espncdn.com/i/headshots/wnba/players/full/2566081.png,Elizabeth Williams,https://www.espn.com/wnba/player/_/id/2566081/elizabeth-williams,1,Active,active
2026,20,NA,ATL,Atlanta Dream,NA,e31837,NA,https://a.espncdn.com/i/teamlogos/wnba/500/atl.png,869,s:40~l:59~a:869,74bfe609-0fcb-e955-df3e-e206e06a3a6a,DeWanna Bonner,DeWanna Bonner,D. Bonner,DeWanna,Bonner,24,F,Forward,7,"6' 4""",140 lbs,39,1987-08-21T07:00Z,Fairfield,AL,USA,17,NA,https://a.espncdn.com/i/headshots/wnba/players/full/869.png,DeWanna Bonner,https://www.espn.com/wnba/player/_/id/869/dewanna-bonner,1,Active,active
2026,20,NA,ATL,Atlanta Dream,NA,e31837,NA,https://a.espncdn.com/i/teamlogos/wnba/500/atl.png,5208983,s:40~l:59~a:5208983,c3bdc5c0-306d-3749-90c4-fced7e62b5b0,Isobel Borlase,Isobel Borlase,I. Borlase,Isobel,Borlase,20,G,Guard,3,"5' 11""",NA,21,2004-09-12T07:00Z,Melbourne,VIC,Australia,0,NA,https://a.espncdn.com/i/headshots/wnba/players/full/5208983.png,Isobel Borlase,https://www.espn.com/wnba/player/_/id/5208983/isobel-borlase,1,Active,active
2026,20,NA,ATL,Atlanta Dream,NA,e31837,NA,https://a.espncdn.com/i/teamlogos/wnba/500/atl.png,3142250,s:40~l:59~a:3142250,6e517eae-e6cc-f3bb-5761-4b2f27775272,Jordin Canada,Jordin Canada,J. Canada,Jordin,Canada,3,G,Guard,3,"5' 6""",135 lbs,31,1995-08-11T07:00Z,Los Angeles,CA,USA,9,NA,https://a.espncdn.com/i/headshots/wnba/players/full/3142250.png,Jordin Canada,https://www.espn.com/wnba/player/_/id/3142250/jordin-canada,1,Active,active
2026,20,NA,ATL,Atlanta Dream,NA,e31837,NA,https://a.espncdn.com/i/teamlogos/wnba/500/atl.png,3058901,s:40~l:59~a:3058901,42ac782c-1f52-80e6-59ee-eebe51e6c1ec,Allisha Gray,Allisha Gray,A. Gray,Allisha,Gray,15,G,Guard,3,"6' 0""",167 lbs,31,1995-01-12T08:00Z,Greenwood,SC,USA,10,NA,https://a.espncdn.com/i/headshots/wnba/players/full/3058901.png,Allisha Gray,https://www.espn.com/wnba/player/_/id/3058901/allisha-gray,1,Active,active
2026,20,NA,ATL,Atlanta Dream,NA,e31837,NA,https://a.espncdn.com/i/teamlogos/wnba/500/atl.png,4398915,s:40~l:59~a:4398915,55b8c3a3-d957-b4d9-c706-2e25909a1324,Naz Hillmon,Naz Hillmon,N. Hillmon,Naz,Hillmon,00,F,Forward,7,"6' 2""",190 lbs,26,2000-04-05T07:00Z,Cleveland,OH,USA,5,NA,https://a.espncdn.com/i/headshots/wnba/players/full/4398915.png,Naz Hillmon,https://www.espn.com/wnba/player/_/id/4398915/naz-hillmon,1,Active,active
2026,20,NA,ATL,Atlanta Dream,NA,e31837,NA,https://a.espncdn.com/i/teamlogos/wnba/500/atl.png,4398674,s:40~l:59~a:4398674,940914f8-5293-4fb8-0f4c-7c5436f2c5bd,Rhyne Howard,Rhyne Howard,R. Howard,Rhyne,Howard,10,G,Guard,3,"6' 2""",175 lbs,26,2000-04-29T07:00Z,Chattanooga,TN,USA,5,NA,https://a.espncdn.com/i/headshots/wnba/players/full/4398674.png,Rhyne Howard,https://www.espn.com/wnba/player/_/id/4398674/rhyne-howard,1,Active,active
2026,20,NA,ATL,Atlanta Dream,NA,e31837,NA,https://a.espncdn.com/i/teamlogos/wnba/500/atl.png,3058895,s:40~l:59~a:3058895,1d62bb30-f780-da28-7d86-3cc9b29d7ae7,Brionna Jones,Brionna Jones,B. Jones,Brionna,Jones,42,F,Forward,7,"6' 3""",215 lbs,30,1995-12-18T08:00Z,Havre De Grace,MD,USA,10,NA,https://a.espncdn.com/i/headshots/wnba/players/full/3058895.png,Brionna Jones,https://www.espn.com/wnba/player/_/id/3058895/brionna-jones,1,Active,active
2026,20,NA,ATL,Atlanta Dream,NA,e31837,NA,https://a.espncdn.com/i/teamlogos/wnba/500/atl.png,5017721,s:40~l:59~a:5017721,52f3ae67-8df5-39f9-aa55-aa6bdae30f53,Sika Kone,Sika Kone,S. Kone,Sika,Kone,23,F,Forward,7,"6' 3""",180 lbs,24,2002-07-13T07:00Z,NA,NA,NA,4,NA,https://a.espncdn.com/i/headshots/wnba/players/full/5017721.png,Sika Kone,https://www.espn.com/wnba/player/_/id/5017721/sika-kone,1,Active,active
2026,20,NA,ATL,Atlanta Dream,NA,e31837,NA,https://a.espncdn.com/i/teamlogos/wnba/500/atl.png,5105740,s:40~l:59~a:5105740,8406506b-e9bf-3a2e-bc94-754c91b4f1c3,Indya Nivar,Indya Nivar,I. Nivar,Indya,Nivar,21,G,Guard,3,"5' 10""",NA,22,2004-01-16T08:00Z,Apex,NC,USA,0,NA,https://a.espncdn.com/i/headshots/wnba/players/full/5105740.png,Indya Nivar,https://www.espn.com/wnba/player/_/id/5105740/indya-nivar,1,Active,active
2026,20,NA,ATL,Atlanta Dream,NA,e31837,NA,https://a.espncdn.com/i/teamlogos/wnba/500/atl.png,5108587,s:40~l:59~a:5108587,65d1a858-06e1-3642-bea2-83d7e8b17653,Madina Okot,Madina Okot,M. Okot,Madina,Okot,11,C,Center,9,"6' 6""",NA,22,2004-08-23T07:00Z,Mumias,NA,Kenya,0,NA,https://a.espncdn.com/i/headshots/wnba/players/full/5108587.png,Madina Okot,https://www.espn.com/wnba/player/_/id/5108587/madina-okot,1,Active,active
2026,20,NA,ATL,Atlanta Dream,NA,e31837,NA,https://a.espncdn.com/i/teamlogos/wnba/500/atl.png,4433431,s:40~l:59~a:4433431,7ebfa5fa-40e4-3bb5-a3a3-91984fc47b8a,Te-Hina Paopao,Te-Hina Paopao,T. Paopao,Te-Hina,Paopao,2,G,Guard,3,"5' 9""",NA,24,2002-08-21T07:00Z,Oceanside,CA,USA,2,NA,https://a.espncdn.com/i/headshots/wnba/players/full/4433431.png,Te-Hina Paopao,https://www.espn.com/wnba/player/_/id/4433431/te-hina-paopao,1,Active,active
2026,20,NA,ATL,Atlanta Dream,NA,e31837,NA,https://a.espncdn.com/i/teamlogos/wnba/500/atl.png,4433402,s:40~l:59~a:4433402,198d799e-9709-3062-8402-34f309bf151e,Angel Reese,Angel Reese,A. Reese,Angel,Reese,5,F,Forward,7,"6' 4""",165 lbs,24,2002-05-06T07:00Z,Baltimore,MD,USA,3,NA,https://a.espncdn.com/i/headshots/wnba/players/full/4433402.png,Angel Reese,https://www.espn.com/wnba/player/_/id/4433402/angel-reese,1,Active,active
2026,20,NA,ATL,Atlanta Dream,NA,e31837,NA,https://a.espncdn.com/i/teamlogos/wnba/500/atl.png,3058893,s:40~l:59~a:3058893,29cc312a-eb11-a49b-60a6-3f4595b2d36c,Shatori Walker-Kimbrough,Shatori Walker-Kimbrough,S. Walker-Kimbrough,Shatori,Walker-Kimbrough,33,G,Guard,3,"5' 9""",140 lbs,31,1995-05-18T07:00Z,Baltimore,MD,USA,10,NA,https://a.espncdn.com/i/headshots/wnba/players/full/3058893.png,Shatori Walker-Kimbrough,https://www.espn.com/wnba/player/_/id/3058893/shatori-walker-kimbrough,1,Active,active
2026,3,NA,DAL,Dallas Wings,NA,002b5c,NA,https://a.espncdn.com/i/teamlogos/wnba/500/dal.png,4433730,s:40~l:59~a:4433730,5d79683b-b6b8-3474-a96f-617daff9251e,Paige Bueckers,Paige Bueckers,P. Bueckers,Paige,Bueckers,5,G,Guard,3,"6' 0""",NA,24,2001-10-20T07:00Z,Hopkins,MN,USA,2,NA,https://a.espncdn.com/i/headshots/wnba/players/full/4433730.png,Paige Bueckers,https://www.espn.com/wnba/player/_/id/4433730/paige-bueckers,1,Active,active
2026,3,NA,DAL,Dallas Wings,NA,002b5c,NA,https://a.espncdn.com/i/teamlogos/wnba/500/dal.png,924,s:40~l:59~a:924,09609790-79bb-81d4-522b-7a036e404c50,Alysha Clark,Alysha Clark,A. Clark,Alysha,Clark,7,F,Forward,7,"5' 11""",167 lbs,39,1987-07-07T07:00Z,Denver,CO,USA,14,NA,https://a.espncdn.com/i/headshots/wnba/players/full/924.png,Alysha Clark,https://www.espn.com/wnba/player/_/id/924/alysha-clark,1,Active,active
2026,3,NA,DAL,Dallas Wings,NA,002b5c,NA,https://a.espncdn.com/i/teamlogos/wnba/500/dal.png,4433790,s:40~l:59~a:4433790,343afb44-7a8b-3984-8141-361e8045fdaa,Azzi Fudd,Azzi Fudd,A. Fudd,Azzi,Fudd,35,G,Guard,3,"5' 11""",NA,23,2002-11-11T08:00Z,Arlington,VA,USA,0,NA,https://a.espncdn.com/i/headshots/wnba/players/full/4433790.png,Azzi Fudd,https://www.espn.com/wnba/player/_/id/4433790/azzi-fudd,1,Active,active
2026,3,NA,DAL,Dallas Wings,NA,002b5c,NA,https://a.espncdn.com/i/teamlogos/wnba/500/dal.png,4433807,s:40~l:59~a:4433807,8414d14d-bade-316b-8e82-203de8c26582,Aziaha James,Aziaha James,A. James,Aziaha,James,10,G,Guard,3,"5' 10""",NA,23,2002-11-19T08:00Z,Virginia Beach,VA,USA,2,NA,https://a.espncdn.com/i/headshots/wnba/players/full/4433807.png,Aziaha James,https://www.espn.com/wnba/player/_/id/4433807/aziaha-james,1,Active,active
2026,3,NA,DAL,Dallas Wings,NA,002b5c,NA,https://a.espncdn.com/i/teamlogos/wnba/500/dal.png,4595910,s:40~l:59~a:4595910,9818876f-26d7-3b05-9f77-595b6c5e07cc,Haley Jones,Haley Jones,H. Jones,Haley,Jones,30,G,Guard,3,"6' 1""",187 lbs,25,2001-05-23T07:00Z,Santa Cruz,CA,USA,4,NA,https://a.espncdn.com/i/headshots/wnba/players/full/4595910.png,Haley Jones,https://www.espn.com/wnba/player/_/id/4595910/haley-jones,1,Active,active
2026,3,NA,DAL,Dallas Wings,NA,002b5c,NA,https://a.espncdn.com/i/teamlogos/wnba/500/dal.png,4790266,s:40~l:59~a:4790266,4c6f8bc9-958c-3597-ac7a-686f012dbf34,Awak Kuier,Awak Kuier,A. Kuier,Awak,Kuier,34,F,Forward,7,"6' 6""",168 lbs,25,2001-08-19T07:00Z,NA,NA,NA,4,NA,https://a.espncdn.com/i/headshots/wnba/players/full/4790266.png,Awak Kuier,https://www.espn.com/wnba/player/_/id/4790266/awak-kuier,1,Active,active
2026,3,NA,DAL,Dallas Wings,NA,002b5c,NA,https://a.espncdn.com/i/teamlogos/wnba/500/dal.png,3904577,s:40~l:59~a:3904577,a35875ce-3ef4-61d5-9a20-483b82d82ed9,Arike Ogunbowale,Arike Ogunbowale,A. Ogunbowale,Arike,Ogunbowale,24,G,Guard,3,"5' 8""",165 lbs,29,1997-03-02T08:00Z,Milwaukee,WI,USA,8,NA,https://a.espncdn.com/i/headshots/wnba/players/full/3904577.png,Arike Ogunbowale,https://www.espn.com/wnba/player/_/id/3904577/arike-ogunbowale,1,Active,active
2026,3,NA,DAL,Dallas Wings,NA,002b5c,NA,https://a.espncdn.com/i/teamlogos/wnba/500/dal.png,3906949,s:40~l:59~a:3906949,b8b701ef-ec68-672e-14ee-86d37130f590,Jessica Shepard,Jessica Shepard,J. Shepard,Jessica,Shepard,32,F,Forward,7,"6' 4""",186 lbs,29,1996-09-11T07:00Z,Fremont,NE,USA,6,NA,https://a.espncdn.com/i/headshots/wnba/players/full/3906949.png,Jessica Shepard,https://www.espn.com/wnba/player/_/id/3906949/jessica-shepard,1,Active,active
2026,3,NA,DAL,Dallas Wings,NA,002b5c,NA,https://a.espncdn.com/i/teamlogos/wnba/500/dal.png,4399415,s:40~l:59~a:4399415,36c3c518-87d0-8f3b-b961-c63480bb6976,Maddy Siegrist,Maddy Siegrist,M. Siegrist,Maddy,Siegrist,20,F,Forward,7,"6' 2""",175 lbs,26,2000-05-22T07:00Z,Poughkeepsie,NY,USA,4,NA,https://a.espncdn.com/i/headshots/wnba/players/full/4399415.png,Maddy Siegrist,https://www.espn.com/wnba/player/_/id/4399415/maddy-siegrist,1,Active,active
2026,3,NA,DAL,Dallas Wings,NA,002b5c,NA,https://a.espncdn.com/i/teamlogos/wnba/500/dal.png,2529047,s:40~l:59~a:2529047,35267a55-d166-d26f-f64a-cd78632f4e70,Odyssey Sims,Odyssey Sims,O. Sims,Odyssey,Sims,1,G,Guard,3,"5' 8""",155 lbs,34,1992-07-13T07:00Z,Irving,TX,USA,13,NA,https://a.espncdn.com/i/headshots/wnba/players/full/2529047.png,Odyssey Sims,https://www.espn.com/wnba/player/_/id/2529047/odyssey-sims,1,Active,active
2026,3,NA,DAL,Dallas Wings,NA,002b5c,NA,https://a.espncdn.com/i/teamlogos/wnba/500/dal.png,3913881,s:40~l:59~a:3913881,af9f2bf5-f7be-a160-609b-577fe20e48e0,Alanna Smith,Alanna Smith,A. Smith,Alanna,Smith,8,F,Forward,7,"6' 4""",180 lbs,29,1996-09-10T07:00Z,Hobart,TAS,Australia,8,NA,https://a.espncdn.com/i/headshots/wnba/players/full/3913881.png,Alanna Smith,https://www.espn.com/wnba/player/_/id/3913881/alanna-smith,1,Active,active
2026,3,NA,DAL,Dallas Wings,NA,002b5c,NA,https://a.espncdn.com/i/teamlogos/wnba/500/dal.png,4068159,s:40~l:59~a:4068159,94505e32-78a6-ac64-2837-0afb0604eb33,Sug Sutton,Sug Sutton,S. Sutton,Sug,Sutton,0,G,Guard,3,"5' 8""",140 lbs,27,1998-12-17T08:00Z,Saint Louis,MO,USA,5,NA,https://a.espncdn.com/i/headshots/wnba/players/full/4068159.png,Sug Sutton,https://www.espn.com/wnba/player/_/id/4068159/sug-sutton,1,Active,active
2026,3,NA,DAL,Dallas Wings,NA,002b5c,NA,https://a.espncdn.com/i/teamlogos/wnba/500/dal.png,5345473,s:40~l:59~a:5345473,266a1aad-0a0d-3fc4-bb7d-d324d246e164,Costanza Verona,Costanza Verona,C. Verona,Costanza,Verona,6,G,Guard,3,"5' 6""",NA,27,1999-08-06T07:00Z,Palermo,NA,Italy,0,NA,https://a.espncdn.com/i/headshots/wnba/players/full/5345473.png,Costanza Verona,https://www.espn.com/wnba/player/_/id/5345473/costanza-verona,1,Active,active
2026,3,NA,DAL,Dallas Wings,NA,002b5c,NA,https://a.espncdn.com/i/teamlogos/wnba/500/dal.png,4398965,s:40~l:59~a:4398965,517e74ee-d98f-d504-2daf-1504e47254bb,Christyn Williams,Christyn Williams,C. Williams,Christyn,Williams,31,G,Guard,3,"5' 11""",166 lbs,26,2000-05-20T07:00Z,Little Rock,AR,USA,1,NA,https://a.espncdn.com/i/headshots/wnba/players/full/4398965.png,Christyn Williams,https://www.espn.com/wnba/player/_/id/4398965/christyn-williams,1,Active,active
2026,3,NA,DAL,Dallas Wings,NA,002b5c,NA,https://a.espncdn.com/i/teamlogos/wnba/500/dal.png,4336633,s:40~l:59~a:4336633,1d6e733c-164b-a6e7-df54-d1e5fa8f8117,Li Yueru,Li Yueru,L. Yueru,Li,Yueru,28,C,Center,9,"6' 7""",NA,27,1999-03-28T08:00Z,Tai Yuan,NA,China,4,NA,https://a.espncdn.com/i/headshots/wnba/players/full/4336633.png,Li Yueru,https://www.espn.com/wnba/player/_/id/4336633/li-yueru,1,Active,active
2026,5,NA,IND,Indiana Fever,NA,002d62,NA,https://a.espncdn.com/i/teamlogos/wnba/500/ind.png,3142255,s:40~l:59~a:3142255,3546d8bb-b157-5af3-863f-745a9ae0a759,Monique Billings,Monique Billings,M. Billings,Monique,Billings,25,F,Forward,7,"6' 4""",192 lbs,30,1996-05-02T07:00Z,Corona,CA,USA,9,NA,https://a.espncdn.com/i/headshots/wnba/players/full/3142255.png,Monique Billings,https://www.espn.com/wnba/player/_/id/3142255/monique-billings,1,Active,active
2026,5,NA,IND,Indiana Fever,NA,002d62,NA,https://a.espncdn.com/i/teamlogos/wnba/500/ind.png,4432831,s:40~l:59~a:4432831,bcc663d0-9e0f-34d5-8298-d1922f84e7d2,Aliyah Boston,Aliyah Boston,A. Boston,Aliyah,Boston,7,C,Center,9,"6' 5""",220 lbs,24,2001-12-11T08:00Z,St. Thomas,NA,Virgin Islands,4,NA,https://a.espncdn.com/i/headshots/wnba/players/full/4432831.png,Aliyah Boston,https://www.espn.com/wnba/player/_/id/4432831/aliyah-boston,1,Active,active
2026,5,NA,IND,Indiana Fever,NA,002d62,NA,https://a.espncdn.com/i/teamlogos/wnba/500/ind.png,4433403,s:40~l:59~a:4433403,5ec40e1c-3104-322e-b80f-f358ea26aad4,Caitlin Clark,Caitlin Clark,C. Clark,Caitlin,Clark,22,G,Guard,3,"6' 0""",157 lbs,24,2002-01-22T08:00Z,West Des Moines,IA,USA,3,NA,https://a.espncdn.com/i/headshots/wnba/players/full/4433403.png,Caitlin Clark,https://www.espn.com/wnba/player/_/id/4433403/caitlin-clark,1,Active,active
2026,5,NA,IND,Indiana Fever,NA,002d62,NA,https://a.espncdn.com/i/teamlogos/wnba/500/ind.png,3907781,s:40~l:59~a:3907781,a9aee6b9-fc44-8fc7-e1bb-e6dfa6e5f0ab,Sophie Cunningham,Sophie Cunningham,S. Cunningham,Sophie,Cunningham,8,G,Guard,3,"6' 1""",165 lbs,30,1996-08-16T07:00Z,Columbia,MO,USA,8,NA,https://a.espncdn.com/i/headshots/wnba/players/full/3907781.png,Sophie Cunningham,https://www.espn.com/wnba/player/_/id/3907781/sophie-cunningham,1,Active,active
2026,5,NA,IND,Indiana Fever,NA,002d62,NA,https://a.espncdn.com/i/teamlogos/wnba/500/ind.png,4898383,s:40~l:59~a:4898383,0e1ce69c-c183-3a97-9568-966580a0934b,Bree Hall,Bree Hall,B. Hall,Bree,Hall,23,G,Guard,3,"6' 1""",161 lbs,23,2003-06-28T07:00Z,Dayton,OH,USA,2,NA,https://a.espncdn.com/i/headshots/wnba/players/full/4898383.png,Bree Hall,https://www.espn.com/wnba/player/_/id/4898383/bree-hall,1,Active,active
2026,5,NA,IND,Indiana Fever,NA,002d62,NA,https://a.espncdn.com/i/teamlogos/wnba/500/ind.png,4065760,s:40~l:59~a:4065760,11eae5c8-81e8-7eae-957e-2ab3ffbe7a86,Tyasha Harris,Tyasha Harris,T. Harris,Tyasha,Harris,52,G,Guard,3,"5' 10""",152 lbs,28,1998-05-01T07:00Z,Noblesville,IN,USA,7,NA,https://a.espncdn.com/i/headshots/wnba/players/full/4065760.png,Tyasha Harris,https://www.espn.com/wnba/player/_/id/4065760/tyasha-harris,1,Active,active
2026,5,NA,IND,Indiana Fever,NA,002d62,NA,https://a.espncdn.com/i/teamlogos/wnba/500/ind.png,3142055,s:40~l:59~a:3142055,d493cd46-3eba-dd85-8dc5-fa80389abd03,Myisha Hines-Allen,Myisha Hines-Allen,M. Hines-Allen,Myisha,Hines-Allen,2,F,Forward,7,"6' 2""",200 lbs,31,1995-05-30T07:00Z,Montclair,NJ,USA,9,NA,https://a.espncdn.com/i/headshots/wnba/players/full/3142055.png,Myisha Hines-Allen,https://www.espn.com/wnba/player/_/id/3142055/myisha-hines-allen,1,Active,active
2026,5,NA,IND,Indiana Fever,NA,002d62,NA,https://a.espncdn.com/i/teamlogos/wnba/500/ind.png,4398829,s:40~l:59~a:4398829,a27d443a-9d18-a215-5e1d-d4090cd1358d,Lexie Hull,Lexie Hull,L. Hull,Lexie,Hull,10,G,Guard,3,"6' 2""",155 lbs,26,1999-09-13T07:00Z,Spokane,WA,USA,5,NA,https://a.espncdn.com/i/headshots/wnba/players/full/4398829.png,Lexie Hull,https://www.espn.com/wnba/player/_/id/4398829/lexie-hull,1,Active,active
2026,5,NA,IND,Indiana Fever,NA,002d62,NA,https://a.espncdn.com/i/teamlogos/wnba/500/ind.png,4433797,s:40~l:59~a:4433797,847d34e9-93c3-3b36-b920-e52db3c812b9,Raven Johnson,Raven Johnson,R. Johnson,Raven,Johnson,3,G,Guard,3,"5' 8""",NA,23,2003-03-04T08:00Z,Atlanta,GA,USA,0,NA,https://a.espncdn.com/i/headshots/wnba/players/full/4433797.png,Raven Johnson,https://www.espn.com/wnba/player/_/id/4433797/raven-johnson,1,Active,active
2026,5,NA,IND,Indiana Fever,NA,002d62,NA,https://a.espncdn.com/i/teamlogos/wnba/500/ind.png,3142191,s:40~l:59~a:3142191,65441aab-bd32-abef-f1f9-6a95b381c955,Kelsey Mitchell,Kelsey Mitchell,K. Mitchell,Kelsey,Mitchell,0,G,Guard,3,"5' 8""",155 lbs,30,1995-11-12T08:00Z,Cincinnati,OH,USA,9,NA,https://a.espncdn.com/i/headshots/wnba/players/full/3142191.png,Kelsey Mitchell,https://www.espn.com/wnba/player/_/id/3142191/kelsey-mitchell,1,Active,active
2026,5,NA,IND,Indiana Fever,NA,002d62,NA,https://a.espncdn.com/i/teamlogos/wnba/500/ind.png,4433744,s:40~l:59~a:4433744,b1ff3eeb-b7d2-3c39-a10e-24e96dc874e3,Michelle Onyiah,Michelle Onyiah,M. Onyiah,Michelle,Onyiah,1,C,Center,9,"6' 3""",NA,23,2003-03-12T08:00Z,Eastvale,CA,USA,0,NA,NA,NA,https://www.espn.com/wnba/player/_/id/4433744/michelle-onyiah,1,Active,active
2026,5,NA,IND,Indiana Fever,NA,002d62,NA,https://a.espncdn.com/i/teamlogos/wnba/500/ind.png,3056672,s:40~l:59~a:3056672,fc7acd4e-21f8-d42e-b0cd-8eb5ba67e40a,Mercedes Russell,Mercedes Russell,M. Russell,Mercedes,Russell,5,C,Center,9,"6' 6""",195 lbs,31,1995-07-27T07:00Z,Springfield,OR,USA,7,NA,https://a.espncdn.com/i/headshots/wnba/players/full/3056672.png,Mercedes Russell,https://www.espn.com/wnba/player/_/id/3056672/mercedes-russell,1,Active,active
2026,5,NA,IND,Indiana Fever,NA,002d62,NA,https://a.espncdn.com/i/teamlogos/wnba/500/ind.png,4433546,s:40~l:59~a:4433546,2c390df6-0870-3471-ad6d-f78105118ac8,Makayla Timpson,Makayla Timpson,M. Timpson,Makayla,Timpson,21,F,Forward,7,"6' 2""",173 lbs,23,2002-09-20T07:00Z,Edison,GA,USA,2,NA,https://a.espncdn.com/i/headshots/wnba/players/full/4433546.png,Makayla Timpson,https://www.espn.com/wnba/player/_/id/4433546/makayla-timpson,1,Active,active
2026,5,NA,IND,Indiana Fever,NA,002d62,NA,https://a.espncdn.com/i/teamlogos/wnba/500/ind.png,5105731,s:40~l:59~a:5105731,6f18be21-0028-3499-89be-8159cbfc4e4f,Grace VanSlooten,Grace VanSlooten,G. VanSlooten,Grace,VanSlooten,14,F,Forward,7,"6' 3""",NA,22,2004-06-16T07:00Z,Toledo,OH,USA,0,NA,https://a.espncdn.com/i/headshots/wnba/players/full/5105731.png,Grace VanSlooten,https://www.espn.com/wnba/player/_/id/5105731/grace-vanslooten,1,Active,active
2026,6,NA,LA,Los Angeles Sparks,NA,552583,NA,https://a.espncdn.com/i/teamlogos/wnba/500/la.png,5274110,s:40~l:59~a:5274110,6ef764cb-eec3-39b9-880e-05920b32a1bb,Monique Akoa Makani,Monique Akoa Makani,M. Akoa Makani,Monique,Akoa Makani,1,G,Guard,3,"5' 11""",NA,25,2001-02-04T08:00Z,Bafang,NA,Cameroon,2,NA,https://a.espncdn.com/i/headshots/wnba/players/full/5274110.png,Monique Akoa Makani,https://www.espn.com/wnba/player/_/id/5274110/monique-akoa-makani,1,Active,active
2026,6,NA,LA,Los Angeles Sparks,NA,552583,NA,https://a.espncdn.com/i/teamlogos/wnba/500/la.png,3146151,s:40~l:59~a:3146151,3bcbeadc-7ef5-ea77-1b70-2392df149627,Ariel Atkins,Ariel Atkins,A. Atkins,Ariel,Atkins,7,G,Guard,3,"5' 10""",167 lbs,30,1996-07-30T07:00Z,Dallas,TX,USA,9,NA,https://a.espncdn.com/i/headshots/wnba/players/full/3146151.png,Ariel Atkins,https://www.espn.com/wnba/player/_/id/3146151/ariel-atkins,1,Active,active
2026,6,NA,LA,Los Angeles Sparks,NA,552583,NA,https://a.espncdn.com/i/teamlogos/wnba/500/la.png,4433404,s:40~l:59~a:4433404,a476e0ef-dad6-3c94-b251-dc9cbb1bf8af,Cameron Brink,Cameron Brink,C. Brink,Cameron,Brink,22,F,Forward,7,"6' 4""",170 lbs,24,2001-12-31T08:00Z,Beaverton,OR,USA,3,NA,https://a.espncdn.com/i/headshots/wnba/players/full/4433404.png,Cameron Brink,https://www.espn.com/wnba/player/_/id/4433404/cameron-brink,1,Active,active
2026,6,NA,LA,Los Angeles Sparks,NA,552583,NA,https://a.espncdn.com/i/teamlogos/wnba/500/la.png,4398764,s:40~l:59~a:4398764,f3042c82-faad-5d6f-5e5c-6c7930590621,Rae Burrell,Rae Burrell,R. Burrell,Rae,Burrell,12,G,Guard,3,"6' 2""",168 lbs,26,2000-06-21T07:00Z,Las Vegas,NV,USA,5,NA,https://a.espncdn.com/i/headshots/wnba/players/full/4398764.png,Rae Burrell,https://www.espn.com/wnba/player/_/id/4398764/rae-burrell,1,Active,active
2026,6,NA,LA,Los Angeles Sparks,NA,552583,NA,https://a.espncdn.com/i/teamlogos/wnba/500/la.png,2284331,s:40~l:59~a:2284331,3f0f0fd1-a675-9e8b-5b93-94cec5318060,Emma Cannon,Emma Cannon,E. Cannon,Emma,Cannon,32,F,Forward,7,"6' 2""",190 lbs,37,1989-06-01T07:00Z,Rochester,NY,USA,8,NA,https://a.espncdn.com/i/headshots/wnba/players/full/2284331.png,Emma Cannon,https://www.espn.com/wnba/player/_/id/2284331/emma-cannon,1,Active,active
2026,6,NA,LA,Los Angeles Sparks,NA,552583,NA,https://a.espncdn.com/i/teamlogos/wnba/500/la.png,5105729,s:40~l:59~a:5105729,9abc3d2b-196f-36f9-ace8-9f29a8a763fc,Chance Gray,Chance Gray,C. Gray,Chance,Gray,2,G,Guard,3,"5' 9""",NA,22,2004-07-06T07:00Z,Cincinnati,OH,USA,0,NA,https://a.espncdn.com/i/headshots/wnba/players/full/5105729.png,Chance Gray,https://www.espn.com/wnba/player/_/id/5105729/chance-gray,1,Active,active
2026,6,NA,LA,Los Angeles Sparks,NA,552583,NA,https://a.espncdn.com/i/teamlogos/wnba/500/la.png,2566106,s:40~l:59~a:2566106,a69b3a04-2e2f-42bf-6ef5-0b8260cc09bb,Dearica Hamby,Dearica Hamby,D. Hamby,Dearica,Hamby,5,F,Forward,7,"6' 3""",189 lbs,32,1993-11-06T08:00Z,Marietta,GA,USA,12,NA,https://a.espncdn.com/i/headshots/wnba/players/full/2566106.png,Dearica Hamby,https://www.espn.com/wnba/player/_/id/2566106/dearica-hamby,1,Active,active
2026,6,NA,LA,Los Angeles Sparks,NA,552583,NA,https://a.espncdn.com/i/teamlogos/wnba/500/la.png,4565515,s:40~l:59~a:4565515,4c0311d4-ad53-31ee-a45d-682bd25e8eb9,Tonie Morgan,Tonie Morgan,T. Morgan,Tonie,Morgan,4,G,Guard,3,"5' 9""",NA,22,2004-07-16T07:00Z,Tallahassee,FL,USA,0,NA,https://a.espncdn.com/i/headshots/wnba/players/full/4565515.png,Tonie Morgan,https://www.espn.com/wnba/player/_/id/4565515/tonie-morgan,1,Active,active
2026,6,NA,LA,Los Angeles Sparks,NA,552583,NA,https://a.espncdn.com/i/teamlogos/wnba/500/la.png,4597509,s:40~l:59~a:4597509,d21a1e7d-c02e-3dc6-9ba5-d3e450b4c3b5,Aaliyah Nye,Aaliyah Nye,A. Nye,Aaliyah,Nye,32,G,Guard,3,"6' 0""",NA,24,2002-08-14T07:00Z,East Lansing,MI,USA,2,NA,https://a.espncdn.com/i/headshots/wnba/players/full/4597509.png,Aaliyah Nye,https://www.espn.com/wnba/player/_/id/4597509/aaliyah-nye,1,Active,active
2026,6,NA,LA,Los Angeles Sparks,NA,552583,NA,https://a.espncdn.com/i/teamlogos/wnba/500/la.png,1068,s:40~l:59~a:1068,759b52cb-27bf-059a-9407-ea76a87edb14,Nneka Ogwumike,Nneka Ogwumike,N. Ogwumike,Nneka,Ogwumike,30,F,Forward,7,"6' 2""",190 lbs,36,1990-07-02T07:00Z,Tomball,TX,USA,15,NA,https://a.espncdn.com/i/headshots/wnba/players/full/1068.png,Nneka Ogwumike,https://www.espn.com/wnba/player/_/id/1068/nneka-ogwumike,1,Active,active
2026,6,NA,LA,Los Angeles Sparks,NA,552583,NA,https://a.espncdn.com/i/teamlogos/wnba/500/la.png,4874375,s:40~l:59~a:4874375,68f1ef82-738a-33b6-b421-63d7baf44b37,Jihyun Park,Jihyun Park,J. Park,Jihyun,Park,6,F,Forward,7,"6' 1""",NA,26,2000-04-07T07:00Z,NA,NA,NA,0,NA,https://a.espncdn.com/i/headshots/wnba/players/full/4874375.png,Jihyun Park,https://www.espn.com/wnba/player/_/id/4874375/jihyun-park,1,Active,active
2026,6,NA,LA,Los Angeles Sparks,NA,552583,NA,https://a.espncdn.com/i/teamlogos/wnba/500/la.png,2491214,s:40~l:59~a:2491214,10a2cf09-7845-e376-c86e-0fa06cbdd524,Erica Wheeler,Erica Wheeler,E. Wheeler,Erica,Wheeler,17,G,Guard,3,"5' 7""",143 lbs,35,1991-05-02T07:00Z,Miami,FL,USA,11,NA,https://a.espncdn.com/i/headshots/wnba/players/full/2491214.png,Erica Wheeler,https://www.espn.com/wnba/player/_/id/2491214/erica-wheeler,1,Active,active
2026,8,NA,MIN,Minnesota Lynx,NA,266092,NA,https://a.espncdn.com/i/teamlogos/wnba/500/min.png,4280877,s:40~l:59~a:4280877,4c2a2e68-137a-9112-972d-cf73279cbfd4,Chloe Bibby,Chloe Bibby,C. Bibby,Chloe,Bibby,55,F,Forward,7,"6' 2""",194 lbs,28,1998-06-15T07:00Z,Warracknabeal,VIC,Australia,2,NA,https://a.espncdn.com/i/headshots/wnba/players/full/4280877.png,Chloe Bibby,https://www.espn.com/wnba/player/_/id/4280877/chloe-bibby,1,Active,active
2026,8,NA,MIN,Minnesota Lynx,NA,266092,NA,https://a.espncdn.com/i/teamlogos/wnba/500/min.png,5208984,s:40~l:59~a:5208984,0188ccea-f8c3-3fb2-bf8c-f8f23dcf1b95,Elena Buenavida,Elena Buenavida,E. Buenavida,Elena,Buenavida,NA,G,Guard,3,"5' 9""",NA,22,2004-03-08T08:00Z,NA,NA,NA,0,NA,NA,NA,https://www.espn.com/wnba/player/_/id/5208984/elena-buenavida,1,Active,active
2026,8,NA,MIN,Minnesota Lynx,NA,266092,NA,https://a.espncdn.com/i/teamlogos/wnba/500/min.png,4280850,s:40~l:59~a:4280850,2becd789-1f2e-211a-bc35-244626f12daa,Maya Caldwell,Maya Caldwell,M. Caldwell,Maya,Caldwell,3,G,Guard,3,"5' 11""",160 lbs,27,1998-12-15T08:00Z,Charlotte,NC,USA,5,NA,https://a.espncdn.com/i/headshots/wnba/players/full/4280850.png,Maya Caldwell,https://www.espn.com/wnba/player/_/id/4280850/maya-caldwell,1,Active,active
2026,8,NA,MIN,Minnesota Lynx,NA,266092,NA,https://a.espncdn.com/i/teamlogos/wnba/500/min.png,3054590,s:40~l:59~a:3054590,40317e4a-2b95-4d49-ad20-02bf51eb6eb1,Nia Coffey,Nia Coffey,N. Coffey,Nia,Coffey,12,F,Forward,7,"6' 1""",182 lbs,31,1995-06-11T07:00Z,Saint Paul,MN,USA,10,NA,https://a.espncdn.com/i/headshots/wnba/players/full/3054590.png,Nia Coffey,https://www.espn.com/wnba/player/_/id/3054590/nia-coffey,1,Active,active
2026,8,NA,MIN,Minnesota Lynx,NA,266092,NA,https://a.espncdn.com/i/teamlogos/wnba/500/min.png,3917450,s:40~l:59~a:3917450,3050c42f-4845-9e46-c003-1b0adb4c5e14,Napheesa Collier,Napheesa Collier,N. Collier,Napheesa,Collier,24,F,Forward,7,"6' 1""",179 lbs,29,1996-09-23T07:00Z,O' Fallon,MO,USA,8,NA,https://a.espncdn.com/i/headshots/wnba/players/full/3917450.png,Napheesa Collier,https://www.espn.com/wnba/player/_/id/3917450/napheesa-collier,1,Active,active
2026,8,NA,MIN,Minnesota Lynx,NA,266092,NA,https://a.espncdn.com/i/teamlogos/wnba/500/min.png,4873358,s:40~l:59~a:4873358,dbcc5603-b86e-34ac-a28f-dc91b47d45a6,Antonia Delaere,Antonia Delaere,A. Delaere,Antonia,Delaere,8,F,Forward,7,"5' 11""",NA,32,1994-08-01T07:00Z,Antwerp,NA,Belgium,0,NA,https://a.espncdn.com/i/headshots/wnba/players/full/4873358.png,Antonia Delaere,https://www.espn.com/wnba/player/_/id/4873358/antonia-delaere,1,Active,active
2026,8,NA,MIN,Minnesota Lynx,NA,266092,NA,https://a.espncdn.com/i/teamlogos/wnba/500/min.png,2529130,s:40~l:59~a:2529130,2e32f80f-8560-a62e-8654-d21a12d1ed09,Natasha Howard,Natasha Howard,N. Howard,Natasha,Howard,1,F,Forward,7,"6' 2""",175 lbs,35,1991-09-02T07:00Z,NA,NA,NA,13,NA,https://a.espncdn.com/i/headshots/wnba/players/full/2529130.png,Natasha Howard,https://www.espn.com/wnba/player/_/id/2529130/natasha-howard,1,Active,active
2026,8,NA,MIN,Minnesota Lynx,NA,266092,NA,https://a.espncdn.com/i/teamlogos/wnba/500/min.png,5345478,s:40~l:59~a:5345478,744bdcfa-1a5b-39c2-9501-1ae60cae2925,Eliska Joklova,Eliska Joklova,E. Joklova,Eliska,Joklova,11,G,Guard,3,"6' 0""",NA,24,2001-10-01T07:00Z,NA,NA,NA,0,NA,https://a.espncdn.com/i/headshots/wnba/players/full/5345478.png,Eliska Joklova,https://www.espn.com/wnba/player/_/id/5345478/eliska-joklova,1,Active,active
2026,8,NA,MIN,Minnesota Lynx,NA,266092,NA,https://a.espncdn.com/i/teamlogos/wnba/500/min.png,4398938,s:40~l:59~a:4398938,e5939424-9f5d-999f-14d7-0ee6630d2297,Dorka Juhasz,Dorka Juhasz,D. Juhasz,Dorka,Juhasz,14,F,Forward,7,"6' 5""",191 lbs,26,1999-12-18T08:00Z,Pecs,NA,Hungary,3,NA,https://a.espncdn.com/i/headshots/wnba/players/full/4398938.png,Dorka Juhasz,https://www.espn.com/wnba/player/_/id/4398938/dorka-juhasz,1,Active,active
2026,8,NA,MIN,Minnesota Lynx,NA,266092,NA,https://a.espncdn.com/i/teamlogos/wnba/500/min.png,4596309,s:40~l:59~a:4596309,746b21e0-5cd7-3b17-ae15-b49221248f77,Liatu King,Liatu King,L. King,Liatu,King,2,F,Forward,7,"5' 11""",NA,24,2002-02-10T08:00Z,Washington,DC,USA,2,NA,https://a.espncdn.com/i/headshots/wnba/players/full/4596309.png,Liatu King,https://www.espn.com/wnba/player/_/id/4596309/liatu-king,1,Active,active
2026,8,NA,MIN,Minnesota Lynx,NA,266092,NA,https://a.espncdn.com/i/teamlogos/wnba/500/min.png,5278237,s:40~l:59~a:5278237,076a085a-42e0-3781-a609-9f19e7b6859f,Anastasiia Olairi Kosu,Anastasiia Olairi Kosu,A. Kosu,Anastasiia Olairi,Kosu,7,F,Forward,7,"6' 1""",190 lbs,21,2005-04-21T07:00Z,NA,NA,NA,2,NA,https://a.espncdn.com/i/headshots/wnba/players/full/5278237.png,Anastasiia Olairi Kosu,https://www.espn.com/wnba/player/_/id/5278237/anastasiia-olairi-kosu,1,Active,active
2026,8,NA,MIN,Minnesota Lynx,NA,266092,NA,https://a.espncdn.com/i/teamlogos/wnba/500/min.png,2529205,s:40~l:59~a:2529205,d1fad434-2410-9267-1759-f76f7d43929f,Kayla McBride,Kayla McBride,K. McBride,Kayla,McBride,21,G,Guard,3,"5' 11""",187 lbs,34,1992-06-25T07:00Z,Erie,PA,USA,13,NA,https://a.espncdn.com/i/headshots/wnba/players/full/2529205.png,Kayla McBride,https://www.espn.com/wnba/player/_/id/2529205/kayla-mcbride,1,Active,active
2026,8,NA,MIN,Minnesota Lynx,NA,266092,NA,https://a.espncdn.com/i/teamlogos/wnba/500/min.png,4433791,s:40~l:59~a:4433791,9b981a71-c55e-3b7f-81a2-1663a2d50ea3,Olivia Miles,Olivia Miles,O. Miles,Olivia,Miles,5,G,Guard,3,"5' 10""",NA,23,2003-01-29T08:00Z,Phillipsburg,NJ,USA,0,NA,https://a.espncdn.com/i/headshots/wnba/players/full/4433791.png,Olivia Miles,https://www.espn.com/wnba/player/_/id/4433791/olivia-miles,1,Active,active
2026,8,NA,MIN,Minnesota Lynx,NA,266092,NA,https://a.espncdn.com/i/teamlogos/wnba/500/min.png,2987891,s:40~l:59~a:2987891,af31f6fd-c336-4832-e8bc-60604765de83,Courtney Williams,Courtney Williams,C. Williams,Courtney,Williams,10,G,Guard,3,"5' 8""",139 lbs,32,1994-05-11T07:00Z,Folkston,GA,USA,11,NA,https://a.espncdn.com/i/headshots/wnba/players/full/2987891.png,Courtney Williams,https://www.espn.com/wnba/player/_/id/2987891/courtney-williams,1,Active,active
2026,9,NA,NY,New York Liberty,NA,86cebc,NA,https://a.espncdn.com/i/teamlogos/wnba/500/ny.png,3102133,s:40~l:59~a:3102133,baf2f1cb-234e-740a-0af2-c8a82626b685,Rebecca Allen,Rebecca Allen,R. Allen,Rebecca,Allen,9,G,Guard,3,"6' 2""",162 lbs,33,1992-11-06T08:00Z,Wangaratta,VIC,Australia,11,NA,https://a.espncdn.com/i/headshots/wnba/players/full/3102133.png,Rebecca Allen,https://www.espn.com/wnba/player/_/id/3102133/rebecca-allen,1,Active,active
2026,9,NA,NY,New York Liberty,NA,86cebc,NA,https://a.espncdn.com/i/teamlogos/wnba/500/ny.png,5345320,s:40~l:59~a:5345320,ec51e869-c3e1-332c-bc18-e565c4742d0b,Pauline Astier,Pauline Astier,P. Astier,Pauline,Astier,18,G,Guard,3,"5' 11""",NA,24,2002-02-15T08:00Z,NA,NA,NA,0,NA,https://a.espncdn.com/i/headshots/wnba/players/full/5345320.png,Pauline Astier,https://www.espn.com/wnba/player/_/id/5345320/pauline-astier,1,Active,active
2026,9,NA,NY,New York Liberty,NA,86cebc,NA,https://a.espncdn.com/i/teamlogos/wnba/500/ny.png,4398589,s:40~l:59~a:4398589,8a364843-20a4-5368-d670-b78467d95c60,Elizabeth Balogun,Elizabeth Balogun,E. Balogun,Elizabeth,Balogun,5,G,Guard,3,"6' 2""",183 lbs,25,2000-09-09T07:00Z,Lagos,NA,Nigeria,0,NA,https://a.espncdn.com/i/headshots/wnba/players/full/4398589.png,Elizabeth Balogun,https://www.espn.com/wnba/player/_/id/4398589/elizabeth-balogun,1,Active,active
2026,9,NA,NY,New York Liberty,NA,86cebc,NA,https://a.espncdn.com/i/teamlogos/wnba/500/ny.png,4790258,s:40~l:59~a:4790258,b2f7b319-dc08-320d-ae85-99e9119ca9e6,Raquel Carrera,Raquel Carrera,R. Carrera,Raquel,Carrera,14,F,Forward,7,"6' 3""",NA,24,2001-10-31T08:00Z,NA,NA,NA,0,NA,NA,NA,https://www.espn.com/wnba/player/_/id/4790258/raquel-carrera,1,Active,active
2026,9,NA,NY,New York Liberty,NA,86cebc,NA,https://a.espncdn.com/i/teamlogos/wnba/500/ny.png,4790260,s:40~l:59~a:4790260,c4b25a02-8615-37eb-8ce2-9e841e785c06,Marine Fauthoux,Marine Fauthoux,M. Fauthoux,Marine,Fauthoux,4,G,Guard,3,"5' 9""",NA,25,2001-01-23T08:00Z,NA,NA,NA,0,NA,NA,NA,https://www.espn.com/wnba/player/_/id/4790260/marine-fauthoux,1,Active,active
2026,9,NA,NY,New York Liberty,NA,86cebc,NA,https://a.espncdn.com/i/teamlogos/wnba/500/ny.png,4683006,s:40~l:59~a:4683006,f617ba03-8d34-35a1-945e-a558e716b03f,Leonie Fiebich,Leonie Fiebich,L. Fiebich,Leonie,Fiebich,13,F,Forward,7,"6' 4""",NA,26,2000-01-10T08:00Z,Landsberg am Lech,NA,Germany,3,NA,https://a.espncdn.com/i/headshots/wnba/players/full/4683006.png,Leonie Fiebich,https://www.espn.com/wnba/player/_/id/4683006/leonie-fiebich,1,Active,active
2026,9,NA,NY,New York Liberty,NA,86cebc,NA,https://a.espncdn.com/i/teamlogos/wnba/500/ny.png,2327695,s:40~l:59~a:2327695,cea6f839-f848-4ca0-d19f-600d88fd00db,Rebekah Gardner,Rebekah Gardner,R. Gardner,Rebekah,Gardner,7,G,Guard,3,"6' 1""",130 lbs,36,1990-07-09T07:00Z,Upland,CA,USA,4,NA,https://a.espncdn.com/i/headshots/wnba/players/full/2327695.png,Rebekah Gardner,https://www.espn.com/wnba/player/_/id/2327695/rebekah-gardner,1,Active,active
2026,9,NA,NY,New York Liberty,NA,86cebc,NA,https://a.espncdn.com/i/teamlogos/wnba/500/ny.png,4066533,s:40~l:59~a:4066533,3b205f4b-7b5d-0115-3a92-f8f35ff473ed,Sabrina Ionescu,Sabrina Ionescu,S. Ionescu,Sabrina,Ionescu,20,G,Guard,3,"5' 11""",165 lbs,28,1997-12-06T08:00Z,Walnut Creek,CA,USA,7,NA,https://a.espncdn.com/i/headshots/wnba/players/full/4066533.png,Sabrina Ionescu,https://www.espn.com/wnba/player/_/id/4066533/sabrina-ionescu,1,Active,active
2026,9,NA,NY,New York Liberty,NA,86cebc,NA,https://a.espncdn.com/i/teamlogos/wnba/500/ny.png,4038379,s:40~l:59~a:4038379,871d6177-08d3-b653-26f6-a0f55f970ab9,Marine Johannes,Marine Johannes,M. Johannes,Marine,Johannes,23,G,Guard,3,"5' 10""",134 lbs,31,1995-01-21T08:00Z,Lisieux,NA,France,5,NA,https://a.espncdn.com/i/headshots/wnba/players/full/4038379.png,Marine Johannes,https://www.espn.com/wnba/player/_/id/4038379/marine-johannes,1,Active,active
2026,9,NA,NY,New York Liberty,NA,86cebc,NA,https://a.espncdn.com/i/teamlogos/wnba/500/ny.png,2999101,s:40~l:59~a:2999101,d5154a93-4a46-71af-8b55-f69328b84b54,Jonquel Jones,Jonquel Jones,J. Jones,Jonquel,Jones,35,C,Center,9,"6' 6""",215 lbs,32,1994-01-05T08:00Z,Freeport,GB,Bahamas,10,NA,https://a.espncdn.com/i/headshots/wnba/players/full/2999101.png,Jonquel Jones,https://www.espn.com/wnba/player/_/id/2999101/jonquel-jones,1,Active,active
2026,9,NA,NY,New York Liberty,NA,86cebc,NA,https://a.espncdn.com/i/teamlogos/wnba/500/ny.png,4281930,s:40~l:59~a:4281930,40c31670-7734-867a-cde4-c7e9c3f45808,Anneli Maley,Anneli Maley,A. Maley,Anneli,Maley,24,F,Forward,7,"6' 1""",NA,28,1998-09-01T07:00Z,Melbourne,VIC,Australia,2,NA,https://a.espncdn.com/i/headshots/wnba/players/full/4281930.png,Anneli Maley,https://www.espn.com/wnba/player/_/id/4281930/anneli-maley,1,Active,active
2026,9,NA,NY,New York Liberty,NA,86cebc,NA,https://a.espncdn.com/i/teamlogos/wnba/500/ny.png,4281929,s:40~l:59~a:4281929,d4c403bb-a2c8-ed6b-aeaa-c290d8afea9b,Satou Sabally,Satou Sabally,S. Sabally,Satou,Sabally,0,F,Forward,7,"6' 4""",175 lbs,28,1998-04-25T07:00Z,Berlin,NA,Germany,7,NA,https://a.espncdn.com/i/headshots/wnba/players/full/4281929.png,Satou Sabally,https://www.espn.com/wnba/player/_/id/4281929/satou-sabally,1,Active,active
2026,9,NA,NY,New York Liberty,NA,86cebc,NA,https://a.espncdn.com/i/teamlogos/wnba/500/ny.png,2998928,s:40~l:59~a:2998928,4d83d500-2f40-c89e-4f85-62927c5abbeb,Breanna Stewart,Breanna Stewart,B. Stewart,Breanna,Stewart,30,F,Forward,7,"6' 4""",170 lbs,32,1994-08-27T07:00Z,North Syracuse,NY,USA,10,NA,https://a.espncdn.com/i/headshots/wnba/players/full/2998928.png,Breanna Stewart,https://www.espn.com/wnba/player/_/id/2998928/breanna-stewart,1,Active,active
2026,9,NA,NY,New York Liberty,NA,86cebc,NA,https://a.espncdn.com/i/teamlogos/wnba/500/ny.png,4337216,s:40~l:59~a:4337216,028a2e24-6757-6ce1-a525-47986bfe3c30,Han Xu,Han Xu,H. Xu,Han,Xu,21,C,Center,9,"6' 11""",203 lbs,26,1999-10-31T07:00Z,Hebei,NA,China,4,NA,https://a.espncdn.com/i/headshots/wnba/players/full/4337216.png,Han Xu,https://www.espn.com/wnba/player/_/id/4337216/han-xu,1,Active,active
