season,athlete_id,guid,uid,slug,type,first_name,last_name,full_name,display_name,short_name,height,display_height,weight,display_weight,age,date_of_birth,birth_city,birth_state,birth_country,jersey,position_id,position_name,position_abbreviation,position_display_name,college_id,current_team_id,headshot_href,experience_years,status_id,status_name,status_type,draft_year,draft_round,draft_selection,active
2026,869,74bfe609-0fcb-e955-df3e-e206e06a3a6a,s:40~l:59~a:869,dewanna-bonner,basketball,DeWanna,Bonner,DeWanna Bonner,DeWanna Bonner,D. Bonner,76,"6' 4""",140,140 lbs,39,1987-08-21T07:00Z,Fairfield,AL,USA,24,7,Forward,F,Forward,2,20,https://a.espncdn.com/i/headshots/wnba/players/full/869.png,17,1,Active,active,NA,NA,NA,TRUE
2026,887,c74956ad-2490-b3c4-0cef-485fb49da1a6,s:40~l:59~a:887,sami-whitcomb,basketball,Sami,Whitcomb,Sami Whitcomb,Sami Whitcomb,S. Whitcomb,70,"5' 10""",149,149 lbs,38,1988-07-20T07:00Z,Ventura,CA,USA,33,3,Guard,G,Guard,264,11,https://a.espncdn.com/i/headshots/wnba/players/full/887.png,10,1,Active,active,NA,NA,NA,TRUE
2026,924,09609790-79bb-81d4-522b-7a036e404c50,s:40~l:59~a:924,alysha-clark,basketball,Alysha,Clark,Alysha Clark,Alysha Clark,A. Clark,71,"5' 11""",167,167 lbs,39,1987-07-07T07:00Z,Denver,CO,USA,7,7,Forward,F,Forward,2393,3,https://a.espncdn.com/i/headshots/wnba/players/full/924.png,14,1,Active,active,NA,NA,NA,TRUE
2026,981,1d736065-2a2f-60b2-c21d-d1ccb82836a0,s:40~l:59~a:981,courtney-vandersloot,basketball,Courtney,Vandersloot,Courtney Vandersloot,Courtney Vandersloot,C. Vandersloot,68,"5' 8""",137,137 lbs,37,1989-02-08T08:00Z,Kent,WA,USA,22,3,Guard,G,Guard,2250,19,https://a.espncdn.com/i/headshots/wnba/players/full/981.png,16,1,Active,active,NA,NA,NA,TRUE
2026,1054,026e19c6-c575-58c9-3a66-5d0964edef64,s:40~l:59~a:1054,tiffany-hayes,basketball,Tiffany,Hayes,Tiffany Hayes,Tiffany Hayes,T. Hayes,70,"5' 10""",155,155 lbs,36,1989-09-20T07:00Z,Lakeland,FL,USA,15,3,Guard,G,Guard,41,129689,https://a.espncdn.com/i/headshots/wnba/players/full/1054.png,14,1,Active,active,NA,NA,NA,TRUE
2026,1068,759b52cb-27bf-059a-9407-ea76a87edb14,s:40~l:59~a:1068,nneka-ogwumike,basketball,Nneka,Ogwumike,Nneka Ogwumike,Nneka Ogwumike,N. Ogwumike,74,"6' 2""",190,190 lbs,36,1990-07-02T07:00Z,Tomball,TX,USA,30,7,Forward,F,Forward,24,6,https://a.espncdn.com/i/headshots/wnba/players/full/1068.png,15,1,Active,active,2012,1,1,TRUE
2026,1107,5530f9d2-de57-2f0b-338f-0d4fd3c3d180,s:40~l:59~a:1107,shey-peddy,basketball,Shey,Peddy,Shey Peddy,Shey Peddy,S. Peddy,67,"5' 7""",145,145 lbs,37,1988-10-28T07:00Z,Roxbury,MA,USA,11,3,Guard,G,Guard,218,18,https://a.espncdn.com/i/headshots/wnba/players/full/1107.png,6,9,Free Agent,free-agent,NA,NA,NA,FALSE
2026,2284331,3f0f0fd1-a675-9e8b-5b93-94cec5318060,s:40~l:59~a:2284331,emma-cannon,basketball,Emma,Cannon,Emma Cannon,Emma Cannon,E. Cannon,74,"6' 2""",190,190 lbs,37,1989-06-01T07:00Z,Rochester,NY,USA,32,7,Forward,F,Forward,2116,6,https://a.espncdn.com/i/headshots/wnba/players/full/2284331.png,8,1,Active,active,NA,NA,NA,TRUE
2026,2327695,cea6f839-f848-4ca0-d19f-600d88fd00db,s:40~l:59~a:2327695,rebekah-gardner,basketball,Rebekah,Gardner,Rebekah Gardner,Rebekah Gardner,R. Gardner,73,"6' 1""",130,130 lbs,36,1990-07-09T07:00Z,Upland,CA,USA,7,3,Guard,G,Guard,26,9,https://a.espncdn.com/i/headshots/wnba/players/full/2327695.png,4,1,Active,active,NA,NA,NA,TRUE
2026,2490553,40e7dc87-4f73-696a-7dd3-6953d9f8ae79,s:40~l:59~a:2490553,brittney-griner,basketball,Brittney,Griner,Brittney Griner,Brittney Griner,B. Griner,81,"6' 9""",205,205 lbs,35,1990-10-18T07:00Z,Houston,TX,USA,42,9,Center,C,Center,239,18,https://a.espncdn.com/i/headshots/wnba/players/full/2490553.png,13,1,Active,active,2013,1,1,TRUE
2026,2491205,535bcd09-56fd-8fc0-4442-a28d787609e0,s:40~l:59~a:2491205,skylar-diggins,basketball,Skylar,Diggins,Skylar Diggins,Skylar Diggins,S. Diggins,69,"5' 9""",140,140 lbs,36,1990-08-02T07:00Z,South Bend,IN,USA,4,3,Guard,G,Guard,87,19,https://a.espncdn.com/i/headshots/wnba/players/full/2491205.png,12,1,Active,active,NA,NA,NA,TRUE
2026,2491214,10a2cf09-7845-e376-c86e-0fa06cbdd524,s:40~l:59~a:2491214,erica-wheeler,basketball,Erica,Wheeler,Erica Wheeler,Erica Wheeler,E. Wheeler,67,"5' 7""",143,143 lbs,35,1991-05-02T07:00Z,Miami,FL,USA,17,3,Guard,G,Guard,164,6,https://a.espncdn.com/i/headshots/wnba/players/full/2491214.png,11,1,Active,active,NA,NA,NA,TRUE
2026,2491232,bdd45632-28f8-c3ea-5297-3e4e9492f11c,s:40~l:59~a:2491232,kayla-alexander,basketball,Kayla,Alexander,Kayla Alexander,Kayla Alexander,K. Alexander,76,"6' 4""",195,195 lbs,35,1991-01-05T08:00Z,Milton,ON,Canada,40,9,Center,C,Center,183,8,NA,7,9,Free Agent,free-agent,NA,NA,NA,FALSE
2026,2529047,35267a55-d166-d26f-f64a-cd78632f4e70,s:40~l:59~a:2529047,odyssey-sims,basketball,Odyssey,Sims,Odyssey Sims,Odyssey Sims,O. Sims,68,"5' 8""",155,155 lbs,34,1992-07-13T07:00Z,Irving,TX,USA,1,3,Guard,G,Guard,239,3,https://a.espncdn.com/i/headshots/wnba/players/full/2529047.png,13,1,Active,active,NA,NA,NA,TRUE
2026,2529122,6a3fef56-2bd2-ba2e-1e18-4723c4590b47,s:40~l:59~a:2529122,chelsea-gray,basketball,Chelsea,Gray,Chelsea Gray,Chelsea Gray,C. Gray,71,"5' 11""",170,170 lbs,33,1992-10-08T07:00Z,Hayward,CA,USA,12,3,Guard,G,Guard,150,17,https://a.espncdn.com/i/headshots/wnba/players/full/2529122.png,12,1,Active,active,2014,1,11,TRUE
2026,2529130,2e32f80f-8560-a62e-8654-d21a12d1ed09,s:40~l:59~a:2529130,natasha-howard,basketball,Natasha,Howard,Natasha Howard,Natasha Howard,N. Howard,74,"6' 2""",175,175 lbs,35,1991-09-02T07:00Z,NA,NA,NA,1,7,Forward,F,Forward,52,8,https://a.espncdn.com/i/headshots/wnba/players/full/2529130.png,13,1,Active,active,NA,NA,NA,TRUE
2026,2529137,c3d35267-fedd-d8d2-8c24-64ee7aa144ac,s:40~l:59~a:2529137,natasha-cloud,basketball,Natasha,Cloud,Natasha Cloud,Natasha Cloud,N. Cloud,70,"5' 10""",160,160 lbs,34,1992-02-22T08:00Z,Broomall,PA,USA,9,3,Guard,G,Guard,2603,19,https://a.espncdn.com/i/headshots/wnba/players/full/2529137.png,11,1,Active,active,2015,2,15,TRUE
2026,2529140,908608e9-31d4-62f2-dfe2-9fee9024e7e2,s:40~l:59~a:2529140,alyssa-thomas,basketball,Alyssa,Thomas,Alyssa Thomas,Alyssa Thomas,A. Thomas,74,"6' 2""",203,203 lbs,34,1992-04-12T07:00Z,Camp Hill,PA,USA,25,7,Forward,F,Forward,120,11,https://a.espncdn.com/i/headshots/wnba/players/full/2529140.png,13,1,Active,active,NA,NA,NA,TRUE
2026,2529183,f3e8f659-99fc-fc55-0f62-a95500b0074a,s:40~l:59~a:2529183,stefanie-dolson,basketball,Stefanie,Dolson,Stefanie Dolson,Stefanie Dolson,S. Dolson,77,"6' 5""",235,235 lbs,34,1992-01-08T08:00Z,Port Jervis,NY,USA,31,9,Center,C,Center,41,14,https://a.espncdn.com/i/headshots/wnba/players/full/2529183.png,13,1,Active,active,NA,NA,NA,TRUE
2026,2529205,d1fad434-2410-9267-1759-f76f7d43929f,s:40~l:59~a:2529205,kayla-mcbride,basketball,Kayla,McBride,Kayla McBride,Kayla McBride,K. McBride,71,"5' 11""",187,187 lbs,34,1992-06-25T07:00Z,Erie,PA,USA,21,3,Guard,G,Guard,87,8,https://a.espncdn.com/i/headshots/wnba/players/full/2529205.png,13,1,Active,active,NA,NA,NA,TRUE
2026,2529458,4a8b37e4-d246-2fae-729d-5642babd8ce9,s:40~l:59~a:2529458,cheyenne-parker-tyus,basketball,Cheyenne,Parker-Tyus,Cheyenne Parker-Tyus,Cheyenne Parker-Tyus,C. Parker-Tyus,76,"6' 4""",193,193 lbs,34,1992-08-22T07:00Z,Queens,NY,USA,32,7,Forward,F,Forward,2393,17,https://a.espncdn.com/i/headshots/wnba/players/full/2529458.png,12,1,Active,active,NA,NA,NA,TRUE
2026,2529622,3b2b97b8-5d06-3965-8e22-0e04b6b268fc,s:40~l:59~a:2529622,kayla-thornton,basketball,Kayla,Thornton,Kayla Thornton,Kayla Thornton,K. Thornton,73,"6' 1""",190,190 lbs,33,1992-10-20T07:00Z,El Paso,TX,USA,5,7,Forward,F,Forward,2638,129689,https://a.espncdn.com/i/headshots/wnba/players/full/2529622.png,11,1,Active,active,NA,NA,NA,TRUE
2026,2566081,74e3b928-09c7-ec95-f877-f97869a9d64b,s:40~l:59~a:2566081,elizabeth-williams,basketball,Elizabeth,Williams,Elizabeth Williams,Elizabeth Williams,E. Williams,75,"6' 3""",200,200 lbs,33,1993-06-23T07:00Z,Virginia Beach,VA,USA,1,9,Center,C,Center,150,19,https://a.espncdn.com/i/headshots/wnba/players/full/2566081.png,12,1,Active,active,NA,NA,NA,TRUE
2026,2566106,a69b3a04-2e2f-42bf-6ef5-0b8260cc09bb,s:40~l:59~a:2566106,dearica-hamby,basketball,Dearica,Hamby,Dearica Hamby,Dearica Hamby,D. Hamby,75,"6' 3""",189,189 lbs,32,1993-11-06T08:00Z,Marietta,GA,USA,5,7,Forward,F,Forward,154,6,https://a.espncdn.com/i/headshots/wnba/players/full/2566106.png,12,1,Active,active,NA,NA,NA,TRUE
2026,2566110,20b0ee3b-59ad-3c6f-962a-f3ee42f9d785,s:40~l:59~a:2566110,julie-vanloo,basketball,Julie,Vanloo,Julie Vanloo,Julie Vanloo,J. Vanloo,68,"5' 8""",NA,NA,33,1993-02-10T08:00Z,NA,NA,NA,53,3,Guard,G,Guard,66,9,https://a.espncdn.com/i/headshots/wnba/players/full/2566110.png,2,9,Free Agent,free-agent,NA,NA,NA,FALSE
2026,2566186,986000fe-5c54-7533-2b58-daaf164ffc36,s:40~l:59~a:2566186,rachel-banham,basketball,Rachel,Banham,Rachel Banham,Rachel Banham,R. Banham,70,"5' 10""",181,181 lbs,33,1993-07-15T07:00Z,Lakeville,MN,USA,24,3,Guard,G,Guard,135,19,https://a.espncdn.com/i/headshots/wnba/players/full/2566186.png,11,1,Active,active,2016,1,4,TRUE
2026,2566453,7bce1add-eedb-11c2-3284-1351968dabf2,s:40~l:59~a:2566453,isabelle-harrison,basketball,Isabelle,Harrison,Isabelle Harrison,Isabelle Harrison,I. Harrison,77,"6' 5""",183,183 lbs,32,1993-09-27T07:00Z,Nashville,TN,USA,21,7,Forward,F,Forward,2633,131935,https://a.espncdn.com/i/headshots/wnba/players/full/2566453.png,9,1,Active,active,2015,1,12,TRUE
2026,2569044,6d7c1268-3b3a-65da-d424-2b536d7c2e82,s:40~l:59~a:2569044,temi-fagbenle,basketball,Temi,Fagbenle,Temi Fagbenle,Temi Fagbenle,T. Fagbenle,77,"6' 5""",180,180 lbs,33,1992-09-08T07:00Z,London,NA,England,14,9,Center,C,Center,30,131935,https://a.espncdn.com/i/headshots/wnba/players/full/2569044.png,6,1,Active,active,NA,NA,NA,TRUE
2026,2590093,ff02b428-605d-3fb0-7683-98ff75fa0329,s:40~l:59~a:2590093,kiah-stokes,basketball,Kiah,Stokes,Kiah Stokes,Kiah Stokes,K. Stokes,75,"6' 3""",191,191 lbs,33,1993-03-30T08:00Z,Cedar Rapids,IA,USA,41,9,Center,C,Center,41,129689,https://a.espncdn.com/i/headshots/wnba/players/full/2590093.png,11,1,Active,active,2015,1,11,TRUE
2026,2593770,08d9f7a2-c92a-1db6-6556-b5598083d713,s:40~l:59~a:2593770,betnijah-laney-hamilton,basketball,Betnijah,Laney-Hamilton,Betnijah Laney-Hamilton,Betnijah Laney-Hamilton,B. Laney-Hamilton,72,"6' 0""",166,166 lbs,32,1993-10-29T07:00Z,Clayton,DE,USA,4,3,Guard,G,Guard,164,16,https://a.espncdn.com/i/headshots/wnba/players/full/2593770.png,10,1,Active,active,2015,2,17,TRUE
2026,2955898,71c936c4-e717-4b8c-b30e-c5bd729a89eb,s:40~l:59~a:2955898,damiris-dantas,basketball,Damiris,Dantas,Damiris Dantas,Damiris Dantas,D. Dantas,76,"6' 4""",214,214 lbs,33,1992-11-17T08:00Z,Sao Paulo,NA,Brazil,12,9,Center,C,Center,NA,5,https://a.espncdn.com/i/headshots/wnba/players/full/2955898.png,11,2,Inactive,inactive,2012,1,12,FALSE
2026,2987869,6268520f-7d7f-f5f6-4c16-59e7ffcd3dd0,s:40~l:59~a:2987869,jewell-loyd,basketball,Jewell,Loyd,Jewell Loyd,Jewell Loyd,J. Loyd,71,"5' 11""",175,175 lbs,32,1993-10-05T07:00Z,Lincolnwood,IL,USA,24,3,Guard,G,Guard,87,17,https://a.espncdn.com/i/headshots/wnba/players/full/2987869.png,12,1,Active,active,2015,1,1,TRUE
2026,2987891,af31f6fd-c336-4832-e8bc-60604765de83,s:40~l:59~a:2987891,courtney-williams,basketball,Courtney,Williams,Courtney Williams,Courtney Williams,C. Williams,68,"5' 8""",139,139 lbs,32,1994-05-11T07:00Z,Folkston,GA,USA,10,3,Guard,G,Guard,58,8,https://a.espncdn.com/i/headshots/wnba/players/full/2987891.png,11,1,Active,active,NA,NA,NA,TRUE
2026,2988756,b8564ef4-7521-235a-57d1-0262eb11d1fb,s:40~l:59~a:2988756,brittney-sykes,basketball,Brittney,Sykes,Brittney Sykes,Brittney Sykes,B. Sykes,71,"5' 11""",154,154 lbs,32,1994-02-07T08:00Z,Newark,NJ,USA,20,3,Guard,G,Guard,183,131935,https://a.espncdn.com/i/headshots/wnba/players/full/2988756.png,10,1,Active,active,2017,1,7,TRUE
2026,2998928,4d83d500-2f40-c89e-4f85-62927c5abbeb,s:40~l:59~a:2998928,breanna-stewart,basketball,Breanna,Stewart,Breanna Stewart,Breanna Stewart,B. Stewart,76,"6' 4""",170,170 lbs,32,1994-08-27T07:00Z,North Syracuse,NY,USA,30,7,Forward,F,Forward,41,9,https://a.espncdn.com/i/headshots/wnba/players/full/2998928.png,10,1,Active,active,2016,1,1,TRUE
2026,2998938,6e7575ee-bfdd-009a-f348-3cc2bde0ae32,s:40~l:59~a:2998938,kahleah-copper,basketball,Kahleah,Copper,Kahleah Copper,Kahleah Copper,K. Copper,73,"6' 1""",165,165 lbs,32,1994-08-28T07:00Z,Philadelphia,PA,USA,2,3,Guard,G,Guard,164,11,https://a.espncdn.com/i/headshots/wnba/players/full/2998938.png,11,1,Active,active,NA,NA,NA,TRUE
2026,2999101,d5154a93-4a46-71af-8b55-f69328b84b54,s:40~l:59~a:2999101,jonquel-jones,basketball,Jonquel,Jones,Jonquel Jones,Jonquel Jones,J. Jones,78,"6' 6""",215,215 lbs,32,1994-01-05T08:00Z,Freeport,GB,Bahamas,35,9,Center,C,Center,45,9,https://a.espncdn.com/i/headshots/wnba/players/full/2999101.png,10,1,Active,active,NA,NA,NA,TRUE
2026,3054590,40317e4a-2b95-4d49-ad20-02bf51eb6eb1,s:40~l:59~a:3054590,nia-coffey,basketball,Nia,Coffey,Nia Coffey,Nia Coffey,N. Coffey,73,"6' 1""",182,182 lbs,31,1995-06-11T07:00Z,Saint Paul,MN,USA,12,7,Forward,F,Forward,77,8,https://a.espncdn.com/i/headshots/wnba/players/full/3054590.png,10,1,Active,active,NA,NA,NA,TRUE
2026,3056672,fc7acd4e-21f8-d42e-b0cd-8eb5ba67e40a,s:40~l:59~a:3056672,mercedes-russell,basketball,Mercedes,Russell,Mercedes Russell,Mercedes Russell,M. Russell,78,"6' 6""",195,195 lbs,31,1995-07-27T07:00Z,Springfield,OR,USA,5,9,Center,C,Center,2633,5,https://a.espncdn.com/i/headshots/wnba/players/full/3056672.png,7,1,Active,active,2018,2,22,TRUE
2026,3056730,a6639392-a558-7275-c0b4-120c8c122cc2,s:40~l:59~a:3056730,karlie-samuelson,basketball,Karlie,Samuelson,Karlie Samuelson,Karlie Samuelson,K. Samuelson,72,"6' 0""",160,160 lbs,31,1995-05-10T07:00Z,Huntington Beach,CA,USA,44,3,Guard,G,Guard,24,132052,https://a.espncdn.com/i/headshots/wnba/players/full/3056730.png,8,1,Active,active,NA,NA,NA,TRUE
2026,3058892,c4d8f47b-e9d5-16b6-d1d0-9d9f39fdb679,s:40~l:59~a:3058892,lexie-brown,basketball,Lexie,Brown,Lexie Brown,Lexie Brown,L. Brown,69,"5' 9""",162,162 lbs,31,1994-10-27T07:00Z,Boston,MA,USA,8,3,Guard,G,Guard,150,14,https://a.espncdn.com/i/headshots/wnba/players/full/3058892.png,8,9,Free Agent,free-agent,2018,1,9,FALSE
2026,3058893,29cc312a-eb11-a49b-60a6-3f4595b2d36c,s:40~l:59~a:3058893,shatori-walker-kimbrough,basketball,Shatori,Walker-Kimbrough,Shatori Walker-Kimbrough,Shatori Walker-Kimbrough,S. Walker-Kimbrough,69,"5' 9""",140,140 lbs,31,1995-05-18T07:00Z,Baltimore,MD,USA,33,3,Guard,G,Guard,120,20,https://a.espncdn.com/i/headshots/wnba/players/full/3058893.png,10,1,Active,active,2017,1,6,TRUE
2026,3058895,1d62bb30-f780-da28-7d86-3cc9b29d7ae7,s:40~l:59~a:3058895,brionna-jones,basketball,Brionna,Jones,Brionna Jones,Brionna Jones,B. Jones,75,"6' 3""",215,215 lbs,30,1995-12-18T08:00Z,Havre De Grace,MD,USA,42,7,Forward,F,Forward,120,20,https://a.espncdn.com/i/headshots/wnba/players/full/3058895.png,10,1,Active,active,NA,NA,NA,TRUE
2026,3058901,42ac782c-1f52-80e6-59ee-eebe51e6c1ec,s:40~l:59~a:3058901,allisha-gray,basketball,Allisha,Gray,Allisha Gray,Allisha Gray,A. Gray,72,"6' 0""",167,167 lbs,31,1995-01-12T08:00Z,Greenwood,SC,USA,15,3,Guard,G,Guard,2579,20,https://a.espncdn.com/i/headshots/wnba/players/full/3058901.png,10,1,Active,active,2017,1,4,TRUE
2026,3065570,2e8112d2-f7f5-33dd-0ab1-7a41c4134037,s:40~l:59~a:3065570,kelsey-plum,basketball,Kelsey,Plum,Kelsey Plum,Kelsey Plum,K. Plum,68,"5' 8""",145,145 lbs,32,1994-08-24T07:00Z,Poway,CA,USA,0,3,Guard,G,Guard,264,11,https://a.espncdn.com/i/headshots/wnba/players/full/3065570.png,9,1,Active,active,NA,NA,NA,TRUE
2026,3099736,3067ae5b-8fd8-7b0d-a177-a1d3d6ad2e61,s:40~l:59~a:3099736,stephanie-talbot,basketball,Stephanie,Talbot,Stephanie Talbot,Stephanie Talbot,S. Talbot,74,"6' 2""",192,192 lbs,32,1994-06-15T07:00Z,Darwin,NT,Australia,7,7,Forward,F,Forward,NA,17,https://a.espncdn.com/i/headshots/wnba/players/full/3099736.png,8,1,Active,active,NA,NA,NA,TRUE
2026,3102133,baf2f1cb-234e-740a-0af2-c8a82626b685,s:40~l:59~a:3102133,rebecca-allen,basketball,Rebecca,Allen,Rebecca Allen,Rebecca Allen,R. Allen,74,"6' 2""",162,162 lbs,33,1992-11-06T08:00Z,Wangaratta,VIC,Australia,9,3,Guard,G,Guard,NA,9,https://a.espncdn.com/i/headshots/wnba/players/full/3102133.png,11,1,Active,active,NA,NA,NA,TRUE
2026,3142010,43ed8c0c-d5d6-6472-da7e-17bab7f43965,s:40~l:59~a:3142010,azura-stevens,basketball,Azura,Stevens,Azura Stevens,Azura Stevens,A. Stevens,78,"6' 6""",180,180 lbs,30,1996-02-01T08:00Z,Raleigh,NC,USA,30,7,Forward,F,Forward,41,19,https://a.espncdn.com/i/headshots/wnba/players/full/3142010.png,9,1,Active,active,NA,NA,NA,TRUE
2026,3142055,d493cd46-3eba-dd85-8dc5-fa80389abd03,s:40~l:59~a:3142055,myisha-hines-allen,basketball,Myisha,Hines-Allen,Myisha Hines-Allen,Myisha Hines-Allen,M. Hines-Allen,74,"6' 2""",200,200 lbs,31,1995-05-30T07:00Z,Montclair,NJ,USA,2,7,Forward,F,Forward,97,5,https://a.espncdn.com/i/headshots/wnba/players/full/3142055.png,9,1,Active,active,2018,2,19,TRUE
2026,3142086,1ff615cd-0bc6-eff1-8207-e36689c0672c,s:40~l:59~a:3142086,brianna-turner,basketball,Brianna,Turner,Brianna Turner,Brianna Turner,B. Turner,75,"6' 3""",175,175 lbs,30,1996-07-05T07:00Z,Pearland,TX,USA,21,7,Forward,F,Forward,87,17,https://a.espncdn.com/i/headshots/wnba/players/full/3142086.png,8,1,Active,active,2019,1,11,TRUE
2026,3142191,65441aab-bd32-abef-f1f9-6a95b381c955,s:40~l:59~a:3142191,kelsey-mitchell,basketball,Kelsey,Mitchell,Kelsey Mitchell,Kelsey Mitchell,K. Mitchell,68,"5' 8""",155,155 lbs,30,1995-11-12T08:00Z,Cincinnati,OH,USA,0,3,Guard,G,Guard,194,5,https://a.espncdn.com/i/headshots/wnba/players/full/3142191.png,9,1,Active,active,2018,1,2,TRUE
2026,3142242,edab8db7-9e1f-f296-b408-b4e1d2b4b364,s:40~l:59~a:3142242,amy-okonkwo,basketball,Amy,Okonkwo,Amy Okonkwo,Amy Okonkwo,A. Okonkwo,74,"6' 2""",NA,NA,30,1996-08-26T07:00Z,Rancho Cucamonga,CA,USA,8,7,Forward,F,Forward,2628,132052,https://a.espncdn.com/i/headshots/wnba/players/full/3142242.png,1,1,Active,active,NA,NA,NA,TRUE
2026,3142250,6e517eae-e6cc-f3bb-5761-4b2f27775272,s:40~l:59~a:3142250,jordin-canada,basketball,Jordin,Canada,Jordin Canada,Jordin Canada,J. Canada,66,"5' 6""",135,135 lbs,31,1995-08-11T07:00Z,Los Angeles,CA,USA,3,3,Guard,G,Guard,26,20,https://a.espncdn.com/i/headshots/wnba/players/full/3142250.png,9,1,Active,active,2018,1,5,TRUE
2026,3142255,3546d8bb-b157-5af3-863f-745a9ae0a759,s:40~l:59~a:3142255,monique-billings,basketball,Monique,Billings,Monique Billings,Monique Billings,M. Billings,76,"6' 4""",192,192 lbs,30,1996-05-02T07:00Z,Corona,CA,USA,25,7,Forward,F,Forward,26,5,https://a.espncdn.com/i/headshots/wnba/players/full/3142255.png,9,1,Active,active,NA,NA,NA,TRUE
2026,3142327,01ff0298-57dc-dfde-af86-c862df599b40,s:40~l:59~a:3142327,kia-nurse,basketball,Kia,Nurse,Kia Nurse,Kia Nurse,K. Nurse,73,"6' 1""",181,181 lbs,30,1996-02-22T08:00Z,Hamilton,ON,Canada,11,3,Guard,G,Guard,41,131935,https://a.espncdn.com/i/headshots/wnba/players/full/3142327.png,8,1,Active,active,2018,1,10,TRUE
2026,3142328,868dcf7a-2db5-cda3-48ae-7ee29c87f2c5,s:40~l:59~a:3142328,gabby-williams,basketball,Gabby,Williams,Gabby Williams,Gabby Williams,G. Williams,71,"5' 11""",170,170 lbs,29,1996-09-09T07:00Z,Sparks,NV,USA,1,7,Forward,F,Forward,41,129689,https://a.espncdn.com/i/headshots/wnba/players/full/3142328.png,8,1,Active,active,NA,NA,NA,TRUE
2026,3146151,3bcbeadc-7ef5-ea77-1b70-2392df149627,s:40~l:59~a:3146151,ariel-atkins,basketball,Ariel,Atkins,Ariel Atkins,Ariel Atkins,A. Atkins,70,"5' 10""",167,167 lbs,30,1996-07-30T07:00Z,Dallas,TX,USA,7,3,Guard,G,Guard,251,6,https://a.espncdn.com/i/headshots/wnba/players/full/3146151.png,9,1,Active,active,2018,1,7,TRUE
2026,3149391,9d049a87-30bf-a718-0206-b47ef02f57df,s:40~l:59~a:3149391,aja-wilson,basketball,A'ja,Wilson,A'ja Wilson,A'ja Wilson,A. Wilson,76,"6' 4""",195,195 lbs,30,1996-08-08T07:00Z,Hopkins,SC,USA,22,9,Center,C,Center,2579,17,https://a.espncdn.com/i/headshots/wnba/players/full/3149391.png,9,1,Active,active,2018,1,1,TRUE
2026,3904479,eaaaed8e-7415-590e-e7f1-8899752e9050,s:40~l:59~a:3904479,mariella-fasoula,basketball,Mariella,Fasoula,Mariella Fasoula,Mariella Fasoula,M. Fasoula,77,"6' 5""",NA,NA,28,1997-09-02T07:00Z,Athens,NA,Greece,34,9,Center,C,Center,238,131935,https://a.espncdn.com/i/headshots/wnba/players/full/3904479.png,0,2,Inactive,inactive,NA,NA,NA,FALSE
2026,3904576,1bce47f0-de18-db37-1f24-f707afb155a8,s:40~l:59~a:3904576,marina-mabrey,basketball,Marina,Mabrey,Marina Mabrey,Marina Mabrey,M. Mabrey,73,"6' 1""",170,170 lbs,29,1996-09-14T07:00Z,Belmar,NJ,USA,3,3,Guard,G,Guard,87,131935,https://a.espncdn.com/i/headshots/wnba/players/full/3904576.png,8,1,Active,active,2019,2,19,TRUE
2026,3904577,a35875ce-3ef4-61d5-9a20-483b82d82ed9,s:40~l:59~a:3904577,arike-ogunbowale,basketball,Arike,Ogunbowale,Arike Ogunbowale,Arike Ogunbowale,A. Ogunbowale,68,"5' 8""",165,165 lbs,29,1997-03-02T08:00Z,Milwaukee,WI,USA,24,3,Guard,G,Guard,87,3,https://a.espncdn.com/i/headshots/wnba/players/full/3904577.png,8,1,Active,active,2019,1,5,TRUE
2026,3906753,9fd561fc-eb90-7974-fdde-77acc2436dd0,s:40~l:59~a:3906753,natisha-hiedeman,basketball,Natisha,Hiedeman,Natisha Hiedeman,Natisha Hiedeman,N. Hiedeman,68,"5' 8""",135,135 lbs,29,1997-02-10T08:00Z,Green Bay,WI,USA,2,3,Guard,G,Guard,269,14,https://a.espncdn.com/i/headshots/wnba/players/full/3906753.png,8,1,Active,active,NA,NA,NA,TRUE
2026,3906769,f7e1ce1e-20b3-48e2-fe2c-9a67deaf0712,s:40~l:59~a:3906769,jovana-nogic,basketball,Jovana,Nogic,Jovana Nogic,Jovana Nogic,J. Nogic,72,"6' 0""",NA,NA,28,1997-12-17T08:00Z,Belgrade,NA,Serbia,29,3,Guard,G,Guard,2507,11,NA,0,1,Active,active,NA,NA,NA,TRUE
2026,3906949,b8b701ef-ec68-672e-14ee-86d37130f590,s:40~l:59~a:3906949,jessica-shepard,basketball,Jessica,Shepard,Jessica Shepard,Jessica Shepard,J. Shepard,76,"6' 4""",186,186 lbs,29,1996-09-11T07:00Z,Fremont,NE,USA,32,7,Forward,F,Forward,87,3,https://a.espncdn.com/i/headshots/wnba/players/full/3906949.png,6,1,Active,active,2019,2,16,TRUE
2026,3906972,45bb9001-d6d5-f987-3e64-fe45e12895f8,s:40~l:59~a:3906972,bridget-carleton,basketball,Bridget,Carleton,Bridget Carleton,Bridget Carleton,B. Carleton,74,"6' 2""",179,179 lbs,29,1997-05-22T07:00Z,Chatham,ON,Canada,6,7,Forward,F,Forward,66,132052,https://a.espncdn.com/i/headshots/wnba/players/full/3906972.png,8,1,Active,active,NA,NA,NA,TRUE
2026,3907781,a9aee6b9-fc44-8fc7-e1bb-e6dfa6e5f0ab,s:40~l:59~a:3907781,sophie-cunningham,basketball,Sophie,Cunningham,Sophie Cunningham,Sophie Cunningham,S. Cunningham,73,"6' 1""",165,165 lbs,30,1996-08-16T07:00Z,Columbia,MO,USA,8,3,Guard,G,Guard,142,5,https://a.espncdn.com/i/headshots/wnba/players/full/3907781.png,8,1,Active,active,2019,2,13,TRUE
2026,3910470,19a25a88-6e22-a45f-ebff-dcb85b51a139,s:40~l:59~a:3910470,maria-conde,basketball,Maria,Conde,Maria Conde,Maria Conde,M. Conde,75,"6' 3""",NA,NA,29,1997-01-14T08:00Z,Madrid,NA,Spain,10,7,Forward,F,Forward,52,131935,NA,0,1,Active,active,NA,NA,NA,TRUE
2026,3913680,6b445fb1-ce8f-e24f-a2e6-d17488b29f1d,s:40~l:59~a:3913680,emese-hof,basketball,Emese,Hof,Emese Hof,Emese Hof,E. Hof,75,"6' 3""",NA,NA,30,1996-05-29T07:00Z,Utrecht,NA,Netherlands,25,9,Center,C,Center,2390,8,NA,0,2,Inactive,inactive,NA,NA,NA,FALSE
2026,3913881,af9f2bf5-f7be-a160-609b-577fe20e48e0,s:40~l:59~a:3913881,alanna-smith,basketball,Alanna,Smith,Alanna Smith,Alanna Smith,A. Smith,76,"6' 4""",180,180 lbs,29,1996-09-10T07:00Z,Hobart,TAS,Australia,8,7,Forward,F,Forward,24,3,https://a.espncdn.com/i/headshots/wnba/players/full/3913881.png,8,1,Active,active,2019,1,8,TRUE
2026,3913903,78c47f7b-0e8d-5fb0-159b-86591b85ad23,s:40~l:59~a:3913903,teaira-mccowan,basketball,Teaira,McCowan,Teaira McCowan,Teaira McCowan,T. McCowan,79,"6' 7""",239,239 lbs,29,1996-09-28T07:00Z,Brenham,TX,USA,15,9,Center,C,Center,344,8,https://a.espncdn.com/i/headshots/wnba/players/full/3913903.png,6,9,Free Agent,free-agent,2019,1,3,FALSE
2026,3917450,3050c42f-4845-9e46-c003-1b0adb4c5e14,s:40~l:59~a:3917450,napheesa-collier,basketball,Napheesa,Collier,Napheesa Collier,Napheesa Collier,N. Collier,73,"6' 1""",179,179 lbs,29,1996-09-23T07:00Z,O' Fallon,MO,USA,24,7,Forward,F,Forward,41,8,https://a.espncdn.com/i/headshots/wnba/players/full/3917450.png,8,1,Active,active,2019,1,6,TRUE
2026,3917453,fdc6aae1-ce6c-1bd9-9f74-12381fd45704,s:40~l:59~a:3917453,katie-lou-samuelson,basketball,Katie Lou,Samuelson,Katie Lou Samuelson,Katie Lou Samuelson,K. Samuelson,75,"6' 3""",163,163 lbs,29,1997-06-13T07:00Z,Huntington Beach,CA,USA,33,7,Forward,F,Forward,41,14,https://a.espncdn.com/i/headshots/wnba/players/full/3917453.png,6,1,Active,active,2019,1,4,TRUE
2026,3919496,886df61d-534d-925b-2e18-3feee63a38c9,s:40~l:59~a:3919496,valeriane-ayayi,basketball,Valeriane,Ayayi,Valeriane Ayayi,Valeriane Ayayi,V. Ayayi,73,"6' 1""",NA,NA,32,1994-04-29T07:00Z,Bordeaux,NA,France,11,7,Forward,F,Forward,NA,11,NA,2,1,Active,active,NA,NA,NA,TRUE
2026,3922628,27bec061-e73e-a474-7423-44597e74cce5,s:40~l:59~a:3922628,kennedy-burke,basketball,Kennedy,Burke,Kennedy Burke,Kennedy Burke,K. Burke,73,"6' 1""",182,182 lbs,29,1997-02-14T08:00Z,Northridge,CA,USA,25,3,Guard,G,Guard,26,18,https://a.espncdn.com/i/headshots/wnba/players/full/3922628.png,7,1,Active,active,2019,2,22,TRUE
2026,3934218,090b8e9f-23ec-2850-c9d9-3c7065351537,s:40~l:59~a:3934218,megan-dileo,basketball,Megan,DiLeo,Megan DiLeo,Megan DiLeo,M. DiLeo,76,"6' 4""",195,195 lbs,29,1996-12-13T08:00Z,Port Wing,WI,USA,17,9,Center,C,Center,2294,132052,https://a.espncdn.com/i/headshots/wnba/players/full/3934218.png,8,1,Active,active,2019,2,17,TRUE
2026,4001679,1edef572-e3fd-f1c7-db55-e7c6fee64967,s:40~l:59~a:4001679,julie-allemand,basketball,Julie,Allemand,Julie Allemand,Julie Allemand,J. Allemand,70,"5' 10""",147,147 lbs,30,1996-07-07T07:00Z,Brussels,NA,Belgium,22,3,Guard,G,Guard,NA,131935,https://a.espncdn.com/i/headshots/wnba/players/full/4001679.png,4,1,Active,active,2016,3,33,TRUE
2026,4038379,871d6177-08d3-b653-26f6-a0f55f970ab9,s:40~l:59~a:4038379,marine-johannes,basketball,Marine,Johannes,Marine Johannes,Marine Johannes,M. Johannes,70,"5' 10""",134,134 lbs,31,1995-01-21T08:00Z,Lisieux,NA,France,23,3,Guard,G,Guard,NA,9,https://a.espncdn.com/i/headshots/wnba/players/full/4038379.png,5,1,Active,active,NA,NA,NA,TRUE
2026,4065760,11eae5c8-81e8-7eae-957e-2ab3ffbe7a86,s:40~l:59~a:4065760,tyasha-harris,basketball,Tyasha,Harris,Tyasha Harris,Tyasha Harris,T. Harris,70,"5' 10""",152,152 lbs,28,1998-05-01T07:00Z,Noblesville,IN,USA,52,3,Guard,G,Guard,2579,5,https://a.espncdn.com/i/headshots/wnba/players/full/4065760.png,7,1,Active,active,2020,1,7,TRUE
2026,4065780,5c313370-69c4-be9d-a5b7-a4c005fc5ad7,s:40~l:59~a:4065780,kaila-charles,basketball,Kaila,Charles,Kaila Charles,Kaila Charles,K. Charles,73,"6' 1""",168,168 lbs,28,1998-03-23T08:00Z,Glenn Dale,MD,USA,6,3,Guard,G,Guard,120,129689,https://a.espncdn.com/i/headshots/wnba/players/full/4065780.png,6,1,Active,active,2020,2,23,TRUE
2026,4065870,549665e1-73d4-f906-4670-03961ea95464,s:40~l:59~a:4065870,jackie-young,basketball,Jackie,Young,Jackie Young,Jackie Young,J. Young,72,"6' 0""",165,165 lbs,28,1997-09-16T07:00Z,Princeton,IN,USA,0,3,Guard,G,Guard,87,17,https://a.espncdn.com/i/headshots/wnba/players/full/4065870.png,8,1,Active,active,2019,1,1,TRUE
2026,4066533,3b205f4b-7b5d-0115-3a92-f8f35ff473ed,s:40~l:59~a:4066533,sabrina-ionescu,basketball,Sabrina,Ionescu,Sabrina Ionescu,Sabrina Ionescu,S. Ionescu,71,"5' 11""",165,165 lbs,28,1997-12-06T08:00Z,Walnut Creek,CA,USA,20,3,Guard,G,Guard,2483,9,https://a.espncdn.com/i/headshots/wnba/players/full/4066533.png,7,1,Active,active,2020,1,1,TRUE
2026,4066546,8acbcca0-9cf8-7eb8-8498-eff662ac5410,s:40~l:59~a:4066546,nadia-fingall,basketball,Nadia,Fingall,Nadia Fingall,Nadia Fingall,N. Fingall,76,"6' 4""",NA,NA,28,1998-08-12T07:00Z,Navarre,FL,USA,45,9,Center,C,Center,24,129689,NA,0,1,Active,active,NA,NA,NA,TRUE
2026,4066548,432f8935-cb9d-5789-dbdb-a035de994ff6,s:40~l:59~a:4066548,dijonai-carrington,basketball,DiJonai,Carrington,DiJonai Carrington,DiJonai Carrington,D. Carrington,71,"5' 11""",175,175 lbs,28,1998-01-08T08:00Z,San Diego,CA,USA,7,3,Guard,G,Guard,239,19,https://a.espncdn.com/i/headshots/wnba/players/full/4066548.png,6,1,Active,active,2021,2,20,TRUE
2026,4068042,3522c80d-1624-720f-3a7d-16200259d3c0,s:40~l:59~a:4068042,natasha-mack,basketball,Natasha,Mack,Natasha Mack,Natasha Mack,N. Mack,76,"6' 4""",180,180 lbs,28,1997-11-03T08:00Z,Lufkin,TX,USA,4,7,Forward,F,Forward,197,11,https://a.espncdn.com/i/headshots/wnba/players/full/4068042.png,4,1,Active,active,2021,2,16,TRUE
2026,4068104,1d3bcd9e-875d-b7c2-8092-8b93b2988fa2,s:40~l:59~a:4068104,peyton-williams,basketball,Peyton,Williams,Peyton Williams,Peyton Williams,P. Williams,76,"6' 4""",NA,NA,28,1998-04-27T07:00Z,Topeka,KS,USA,22,7,Forward,F,Forward,2306,11,NA,0,9,Free Agent,free-agent,NA,NA,NA,FALSE
2026,4068159,94505e32-78a6-ac64-2837-0afb0604eb33,s:40~l:59~a:4068159,sug-sutton,basketball,Sug,Sutton,Sug Sutton,Sug Sutton,S. Sutton,68,"5' 8""",140,140 lbs,27,1998-12-17T08:00Z,Saint Louis,MO,USA,0,3,Guard,G,Guard,251,3,https://a.espncdn.com/i/headshots/wnba/players/full/4068159.png,5,1,Active,active,2020,3,36,TRUE
2026,4068161,6a5889e1-493c-11bb-06f9-15006c8575ea,s:40~l:59~a:4068161,joyner-holmes,basketball,Joyner,Holmes,Joyner Holmes,Joyner Holmes,J. Holmes,75,"6' 3""",210,210 lbs,28,1998-02-22T08:00Z,Cedar Hill,TX,USA,8,7,Forward,F,Forward,251,14,https://a.espncdn.com/i/headshots/wnba/players/full/4068161.png,4,9,Free Agent,free-agent,2020,2,19,FALSE
2026,4068346,92324ce3-5bd4-0e54-d5af-b7b9bb69b3bd,s:40~l:59~a:4068346,kamiah-smalls,basketball,Kamiah,Smalls,Kamiah Smalls,Kamiah Smalls,K. Smalls,70,"5' 10""",161,161 lbs,28,1998-04-17T07:00Z,Philadelphia,PA,USA,8,7,Forward,F,Forward,256,132052,NA,3,9,Free Agent,free-agent,2020,3,28,FALSE
2026,4257500,a71dab93-a05b-f098-7c00-004a1030a9d5,s:40~l:59~a:4257500,cecilia-zandalasini,basketball,Cecilia,Zandalasini,Cecilia Zandalasini,Cecilia Zandalasini,C. Zandalasini,74,"6' 2""",175,175 lbs,30,1996-03-16T08:00Z,Milan,NA,Italy,24,7,Forward,F,Forward,NA,129689,https://a.espncdn.com/i/headshots/wnba/players/full/4257500.png,5,1,Active,active,NA,NA,NA,TRUE
2026,4280850,2becd789-1f2e-211a-bc35-244626f12daa,s:40~l:59~a:4280850,maya-caldwell,basketball,Maya,Caldwell,Maya Caldwell,Maya Caldwell,M. Caldwell,71,"5' 11""",160,160 lbs,27,1998-12-15T08:00Z,Charlotte,NC,USA,3,3,Guard,G,Guard,61,8,https://a.espncdn.com/i/headshots/wnba/players/full/4280850.png,5,1,Active,active,2021,3,33,TRUE
2026,4280877,4c2a2e68-137a-9112-972d-cf73279cbfd4,s:40~l:59~a:4280877,chloe-bibby,basketball,Chloe,Bibby,Chloe Bibby,Chloe Bibby,C. Bibby,74,"6' 2""",194,194 lbs,28,1998-06-15T07:00Z,Warracknabeal,VIC,Australia,55,7,Forward,F,Forward,120,8,https://a.espncdn.com/i/headshots/wnba/players/full/4280877.png,2,1,Active,active,NA,NA,NA,TRUE
2026,4280892,0feab94d-9d84-4b8b-b363-57237f8e1855,s:40~l:59~a:4280892,chennedy-carter,basketball,Chennedy,Carter,Chennedy Carter,Chennedy Carter,C. Carter,69,"5' 9""",143,143 lbs,27,1998-11-14T08:00Z,Mansfield,TX,USA,23,3,Guard,G,Guard,245,17,https://a.espncdn.com/i/headshots/wnba/players/full/4280892.png,4,9,Free Agent,free-agent,2020,1,4,FALSE
2026,4281190,051ae3bd-c8ea-eb8a-372b-9cd1cb336b9d,s:40~l:59~a:4281190,dana-evans,basketball,Dana,Evans,Dana Evans,Dana Evans,D. Evans,66,"5' 6""",145,145 lbs,28,1998-08-01T07:00Z,Gary,IN,USA,11,3,Guard,G,Guard,97,17,https://a.espncdn.com/i/headshots/wnba/players/full/4281190.png,6,1,Active,active,2021,2,13,TRUE
2026,4281929,d4c403bb-a2c8-ed6b-aeaa-c290d8afea9b,s:40~l:59~a:4281929,satou-sabally,basketball,Satou,Sabally,Satou Sabally,Satou Sabally,S. Sabally,76,"6' 4""",175,175 lbs,28,1998-04-25T07:00Z,Berlin,NA,Germany,0,7,Forward,F,Forward,2483,9,https://a.espncdn.com/i/headshots/wnba/players/full/4281929.png,7,1,Active,active,2020,1,2,TRUE
2026,4281930,40c31670-7734-867a-cde4-c7e9c3f45808,s:40~l:59~a:4281930,anneli-maley,basketball,Anneli,Maley,Anneli Maley,Anneli Maley,A. Maley,73,"6' 1""",NA,NA,28,1998-09-01T07:00Z,Melbourne,VIC,Australia,24,7,Forward,F,Forward,2628,9,https://a.espncdn.com/i/headshots/wnba/players/full/4281930.png,2,1,Active,active,NA,NA,NA,TRUE
2026,4282168,238153d1-9a08-063a-2638-af40eb8d819d,s:40~l:59~a:4282168,kiana-williams,basketball,Kiana,Williams,Kiana Williams,Kiana Williams,K. Williams,68,"5' 8""",140,140 lbs,27,1999-04-09T07:00Z,San Antonio,TX,USA,NA,3,Guard,G,Guard,24,131935,https://a.espncdn.com/i/headshots/wnba/players/full/4282168.png,5,9,Free Agent,free-agent,2021,2,18,FALSE
2026,4282173,97dad9cd-0677-b9a3-b349-85f39da7c26b,s:40~l:59~a:4282173,michaela-onyenwere,basketball,Michaela,Onyenwere,Michaela Onyenwere,Michaela Onyenwere,M. Onyenwere,72,"6' 0""",178,178 lbs,27,1999-08-10T07:00Z,Aurora,CO,USA,12,7,Forward,F,Forward,26,16,https://a.espncdn.com/i/headshots/wnba/players/full/4282173.png,6,1,Active,active,2021,1,6,TRUE
2026,4336633,1d6e733c-164b-a6e7-df54-d1e5fa8f8117,s:40~l:59~a:4336633,li-yueru,basketball,Li,Yueru,Li Yueru,Li Yueru,L. Yueru,79,"6' 7""",NA,NA,27,1999-03-28T08:00Z,Tai Yuan,NA,China,28,9,Center,C,Center,NA,3,https://a.espncdn.com/i/headshots/wnba/players/full/4336633.png,4,1,Active,active,NA,NA,NA,TRUE
2026,4337216,028a2e24-6757-6ce1-a525-47986bfe3c30,s:40~l:59~a:4337216,han-xu,basketball,Han,Xu,Han Xu,Han Xu,H. Xu,83,"6' 11""",203,203 lbs,26,1999-10-31T07:00Z,Hebei,NA,China,21,9,Center,C,Center,NA,9,https://a.espncdn.com/i/headshots/wnba/players/full/4337216.png,4,1,Active,active,2019,2,14,TRUE
2026,4398577,164cc132-7996-c486-f786-778530375a18,s:40~l:59~a:4398577,miela-sowah,basketball,Miela,Sowah,Miela Sowah,Miela Sowah,M. Sowah,70,"5' 10""",NA,NA,26,2000-06-04T07:00Z,Rockhampton,QLD,Australia,7,3,Guard,G,Guard,150,129689,https://a.espncdn.com/i/headshots/wnba/players/full/4398577.png,0,1,Active,active,NA,NA,NA,TRUE
2026,4398674,940914f8-5293-4fb8-0f4c-7c5436f2c5bd,s:40~l:59~a:4398674,rhyne-howard,basketball,Rhyne,Howard,Rhyne Howard,Rhyne Howard,R. Howard,74,"6' 2""",175,175 lbs,26,2000-04-29T07:00Z,Chattanooga,TN,USA,10,3,Guard,G,Guard,96,20,https://a.espncdn.com/i/headshots/wnba/players/full/4398674.png,5,1,Active,active,2022,1,1,TRUE
2026,4398729,b2eb4e85-2965-f2b9-519a-c12058d48430,s:40~l:59~a:4398729,emily-engstler,basketball,Emily,Engstler,Emily Engstler,Emily Engstler,E. Engstler,73,"6' 1""",180,180 lbs,26,2000-05-01T07:00Z,New York,NY,USA,21,7,Forward,F,Forward,97,132052,https://a.espncdn.com/i/headshots/wnba/players/full/4398729.png,5,1,Active,active,2022,1,4,TRUE
2026,4398764,f3042c82-faad-5d6f-5e5c-6c7930590621,s:40~l:59~a:4398764,rae-burrell,basketball,Rae,Burrell,Rae Burrell,Rae Burrell,R. Burrell,74,"6' 2""",168,168 lbs,26,2000-06-21T07:00Z,Las Vegas,NV,USA,12,3,Guard,G,Guard,2633,6,https://a.espncdn.com/i/headshots/wnba/players/full/4398764.png,5,1,Active,active,2022,1,9,TRUE
2026,4398766,87f39497-5da3-7552-9217-9e10b30bc450,s:40~l:59~a:4398766,zaay-green,basketball,Zaay,Green,Zaay Green,Zaay Green,Z. Green,74,"6' 2""",NA,NA,26,2000-03-25T08:00Z,Duncanville,TX,USA,00,3,Guard,G,Guard,333,131935,https://a.espncdn.com/i/headshots/wnba/players/full/4398766.png,0,1,Active,active,2025,3,32,TRUE
2026,4398768,d802dec8-8c30-07a9-d761-20123ed66d35,s:40~l:59~a:4398768,nyara-sabally,basketball,Nyara,Sabally,Nyara Sabally,Nyara Sabally,N. Sabally,77,"6' 5""",204,204 lbs,26,2000-02-26T08:00Z,Berlin,NA,Germany,8,7,Forward,F,Forward,2483,131935,https://a.espncdn.com/i/headshots/wnba/players/full/4398768.png,4,1,Active,active,2022,1,5,TRUE
2026,4398776,92bac4f9-e4db-67c6-0354-24c06720f754,s:40~l:59~a:4398776,nalyssa-smith,basketball,NaLyssa,Smith,NaLyssa Smith,NaLyssa Smith,N. Smith,76,"6' 4""",185,185 lbs,26,2000-08-08T07:00Z,Converse,TX,USA,3,7,Forward,F,Forward,239,17,https://a.espncdn.com/i/headshots/wnba/players/full/4398776.png,5,1,Active,active,2022,1,2,TRUE
2026,4398829,a27d443a-9d18-a215-5e1d-d4090cd1358d,s:40~l:59~a:4398829,lexie-hull,basketball,Lexie,Hull,Lexie Hull,Lexie Hull,L. Hull,74,"6' 2""",155,155 lbs,26,1999-09-13T07:00Z,Spokane,WA,USA,10,3,Guard,G,Guard,24,5,https://a.espncdn.com/i/headshots/wnba/players/full/4398829.png,5,1,Active,active,2022,1,6,TRUE
2026,4398907,296ab5a3-2d52-084d-9972-b8422769f4a2,s:40~l:59~a:4398907,kate-martin,basketball,Kate,Martin,Kate Martin,Kate Martin,K. Martin,72,"6' 0""",172,172 lbs,26,2000-06-05T07:00Z,Edwardsville,IL,USA,21,3,Guard,G,Guard,2294,6,https://a.espncdn.com/i/headshots/wnba/players/full/4398907.png,3,2,Inactive,inactive,2024,2,18,FALSE
2026,4398911,0390235b-d63b-9a48-470f-dc80c05a20fa,s:40~l:59~a:4398911,shakira-austin,basketball,Shakira,Austin,Shakira Austin,Shakira Austin,S. Austin,77,"6' 5""",190,190 lbs,26,2000-07-25T07:00Z,Fredericksburg,VA,USA,0,9,Center,C,Center,145,16,https://a.espncdn.com/i/headshots/wnba/players/full/4398911.png,5,1,Active,active,2022,1,3,TRUE
2026,4398915,55b8c3a3-d957-b4d9-c706-2e25909a1324,s:40~l:59~a:4398915,naz-hillmon,basketball,Naz,Hillmon,Naz Hillmon,Naz Hillmon,N. Hillmon,74,"6' 2""",190,190 lbs,26,2000-04-05T07:00Z,Cleveland,OH,USA,00,7,Forward,F,Forward,130,20,https://a.espncdn.com/i/headshots/wnba/players/full/4398915.png,5,1,Active,active,2022,2,15,TRUE
2026,4398935,3cfb5941-68e7-722a-4525-aca3d5bdfb66,s:40~l:59~a:4398935,veronica-burton,basketball,Veronica,Burton,Veronica Burton,Veronica Burton,V. Burton,69,"5' 9""",155,155 lbs,26,2000-07-12T07:00Z,Newton,MA,USA,22,3,Guard,G,Guard,77,129689,https://a.espncdn.com/i/headshots/wnba/players/full/4398935.png,5,1,Active,active,2022,1,7,TRUE
2026,4398938,e5939424-9f5d-999f-14d7-0ee6630d2297,s:40~l:59~a:4398938,dorka-juhasz,basketball,Dorka,Juhasz,Dorka Juhasz,Dorka Juhasz,D. Juhasz,77,"6' 5""",191,191 lbs,26,1999-12-18T08:00Z,Pecs,NA,Hungary,14,7,Forward,F,Forward,41,8,https://a.espncdn.com/i/headshots/wnba/players/full/4398938.png,3,1,Active,active,2023,2,16,TRUE
2026,4398965,517e74ee-d98f-d504-2daf-1504e47254bb,s:40~l:59~a:4398965,christyn-williams,basketball,Christyn,Williams,Christyn Williams,Christyn Williams,C. Williams,71,"5' 11""",166,166 lbs,26,2000-05-20T07:00Z,Little Rock,AR,USA,31,3,Guard,G,Guard,41,3,https://a.espncdn.com/i/headshots/wnba/players/full/4398965.png,1,1,Active,active,2022,2,14,TRUE
2026,4398966,808db7f8-1fd0-9331-db1f-e9dba41e61ab,s:40~l:59~a:4398966,olivia-nelson-ododa,basketball,Olivia,Nelson-Ododa,Olivia Nelson-Ododa,Olivia Nelson-Ododa,O. Nelson-Ododa,77,"6' 5""",176,176 lbs,26,2000-08-17T07:00Z,Winder,GA,USA,10,9,Center,C,Center,41,18,https://a.espncdn.com/i/headshots/wnba/players/full/4398966.png,5,1,Active,active,2022,2,19,TRUE
2026,4399342,f677901a-b073-884f-f964-8f95976f58b0,s:40~l:59~a:4399342,lexi-held,basketball,Lexi,Held,Lexi Held,Lexi Held,L. Held,70,"5' 10""",150,150 lbs,26,1999-12-28T08:00Z,Burlington,KY,USA,10,3,Guard,G,Guard,305,11,https://a.espncdn.com/i/headshots/wnba/players/full/4399342.png,2,1,Active,active,NA,NA,NA,TRUE
2026,4399415,36c3c518-87d0-8f3b-b961-c63480bb6976,s:40~l:59~a:4399415,maddy-siegrist,basketball,Maddy,Siegrist,Maddy Siegrist,Maddy Siegrist,M. Siegrist,74,"6' 2""",175,175 lbs,26,2000-05-22T07:00Z,Poughkeepsie,NY,USA,20,7,Forward,F,Forward,222,3,https://a.espncdn.com/i/headshots/wnba/players/full/4399415.png,4,1,Active,active,2023,1,3,TRUE
2026,4420318,1a2b36a5-ad9c-05f3-62fe-4a4b21a3cfc1,s:40~l:59~a:4420318,ezi-magbegor,basketball,Ezi,Magbegor,Ezi Magbegor,Ezi Magbegor,E. Magbegor,76,"6' 4""",181,181 lbs,27,1999-08-13T07:00Z,Wellington,NA,New Zealand,13,7,Forward,F,Forward,NA,14,https://a.espncdn.com/i/headshots/wnba/players/full/4420318.png,7,1,Active,active,2019,1,12,TRUE
2026,4432830,2903f847-ebab-3bc3-923d-1c68c55ec64b,s:40~l:59~a:4432830,jordan-horston,basketball,Jordan,Horston,Jordan Horston,Jordan Horston,J. Horston,74,"6' 2""",165,165 lbs,25,2001-05-21T07:00Z,Columbus,OH,USA,23,7,Forward,F,Forward,2633,14,https://a.espncdn.com/i/headshots/wnba/players/full/4432830.png,3,1,Active,active,2023,1,9,TRUE
2026,4432831,bcc663d0-9e0f-34d5-8298-d1922f84e7d2,s:40~l:59~a:4432831,aliyah-boston,basketball,Aliyah,Boston,Aliyah Boston,Aliyah Boston,A. Boston,77,"6' 5""",220,220 lbs,24,2001-12-11T08:00Z,St. Thomas,NA,Virgin Islands,7,9,Center,C,Center,2579,5,https://a.espncdn.com/i/headshots/wnba/players/full/4432831.png,4,1,Active,active,2023,1,1,TRUE
2026,4432832,23b8092f-e8e4-37c9-bda1-0a39591da854,s:40~l:59~a:4432832,zia-cooke,basketball,Zia,Cooke,Zia Cooke,Zia Cooke,Z. Cooke,69,"5' 9""",163,163 lbs,25,2001-01-09T08:00Z,Toledo,OH,USA,7,3,Guard,G,Guard,2579,14,https://a.espncdn.com/i/headshots/wnba/players/full/4432832.png,4,1,Active,active,2023,1,10,TRUE
2026,4432834,e21b7842-97eb-3a69-9c04-699772356040,s:40~l:59~a:4432834,laeticia-amihere,basketball,Laeticia,Amihere,Laeticia Amihere,Laeticia Amihere,L. Amihere,75,"6' 3""",185,185 lbs,25,2001-07-10T07:00Z,Mississauga,AB,Canada,3,7,Forward,F,Forward,2579,129689,https://a.espncdn.com/i/headshots/wnba/players/full/4432834.png,4,1,Active,active,2023,1,8,TRUE
2026,4432844,102a878e-4ee3-3721-83a7-57426cdf2db0,s:40~l:59~a:4432844,aubrey-griffin,basketball,Aubrey,Griffin,Aubrey Griffin,Aubrey Griffin,A. Griffin,73,"6' 1""",NA,NA,24,2001-11-06T08:00Z,Ossining,NY,USA,22,7,Forward,F,Forward,41,9,NA,0,2,Inactive,inactive,2025,3,37,FALSE
2026,4432865,5d2a7a9d-9110-3d82-b373-0e795cb29fc2,s:40~l:59~a:4432865,jacy-sheldon,basketball,Jacy,Sheldon,Jacy Sheldon,Jacy Sheldon,J. Sheldon,70,"5' 10""",140,140 lbs,26,2000-08-23T07:00Z,Dublin,OH,USA,0,3,Guard,G,Guard,194,19,https://a.espncdn.com/i/headshots/wnba/players/full/4432865.png,3,1,Active,active,2024,1,5,TRUE
2026,4433386,32ac85f3-8056-3b55-bfa3-f848ef92af7c,s:40~l:59~a:4433386,jaylyn-sherrod,basketball,Jaylyn,Sherrod,Jaylyn Sherrod,Jaylyn Sherrod,J. Sherrod,67,"5' 7""",160,160 lbs,24,2001-10-21T07:00Z,Birmingham,AL,USA,4,3,Guard,G,Guard,38,20,https://a.espncdn.com/i/headshots/wnba/players/full/4433386.png,3,9,Free Agent,free-agent,NA,NA,NA,FALSE
2026,4433402,198d799e-9709-3062-8402-34f309bf151e,s:40~l:59~a:4433402,angel-reese,basketball,Angel,Reese,Angel Reese,Angel Reese,A. Reese,76,"6' 4""",165,165 lbs,24,2002-05-06T07:00Z,Baltimore,MD,USA,5,7,Forward,F,Forward,99,20,https://a.espncdn.com/i/headshots/wnba/players/full/4433402.png,3,1,Active,active,2024,1,7,TRUE
2026,4433403,5ec40e1c-3104-322e-b80f-f358ea26aad4,s:40~l:59~a:4433403,caitlin-clark,basketball,Caitlin,Clark,Caitlin Clark,Caitlin Clark,C. Clark,72,"6' 0""",157,157 lbs,24,2002-01-22T08:00Z,West Des Moines,IA,USA,22,3,Guard,G,Guard,2294,5,https://a.espncdn.com/i/headshots/wnba/players/full/4433403.png,3,1,Active,active,2024,1,1,TRUE
2026,4433404,a476e0ef-dad6-3c94-b251-dc9cbb1bf8af,s:40~l:59~a:4433404,cameron-brink,basketball,Cameron,Brink,Cameron Brink,Cameron Brink,C. Brink,76,"6' 4""",170,170 lbs,24,2001-12-31T08:00Z,Beaverton,OR,USA,22,7,Forward,F,Forward,24,6,https://a.espncdn.com/i/headshots/wnba/players/full/4433404.png,3,1,Active,active,2024,1,2,TRUE
2026,4433405,4a4b0ff3-1dd7-31fc-8a29-220b6a17722c,s:40~l:59~a:4433405,kamilla-cardoso,basketball,Kamilla,Cardoso,Kamilla Cardoso,Kamilla Cardoso,K. Cardoso,79,"6' 7""",215,215 lbs,25,2001-04-30T07:00Z,Montes Claros,NA,Brazil,10,9,Center,C,Center,2579,19,https://a.espncdn.com/i/headshots/wnba/players/full/4433405.png,3,1,Active,active,2024,1,3,TRUE
2026,4433408,60595614-8481-3d6c-98be-1a1ee34424cf,s:40~l:59~a:4433408,aaliyah-edwards,basketball,Aaliyah,Edwards,Aaliyah Edwards,Aaliyah Edwards,A. Edwards,75,"6' 3""",NA,NA,24,2002-07-09T07:00Z,Kingston,ON,Canada,8,7,Forward,F,Forward,41,18,https://a.espncdn.com/i/headshots/wnba/players/full/4433408.png,3,1,Active,active,2024,1,6,TRUE
2026,4433411,3a83740b-47c1-36bc-b0d6-b709f5a2723c,s:40~l:59~a:4433411,angela-dugalic,basketball,Angela,Dugalic,Angela Dugalic,Angela Dugalic,A. Dugalic,76,"6' 4""",NA,NA,24,2001-12-29T08:00Z,Des Plaines,IL,USA,32,7,Forward,F,Forward,26,16,https://a.espncdn.com/i/headshots/wnba/players/full/4433411.png,0,1,Active,active,2026,1,9,TRUE
2026,4433412,eba67921-6ad6-3f9c-bf1c-0e2a9703d911,s:40~l:59~a:4433412,hailey-van-lith,basketball,Hailey,Van Lith,Hailey Van Lith,Hailey Van Lith,H. Van Lith,69,"5' 9""",NA,NA,24,2001-09-09T07:00Z,Wenatchee,WA,USA,2,3,Guard,G,Guard,2628,18,https://a.espncdn.com/i/headshots/wnba/players/full/4433412.png,2,1,Active,active,2025,1,11,TRUE
2026,4433424,f62cb32b-7172-3aca-9789-64ce2dc59655,s:40~l:59~a:4433424,maddy-westbeld,basketball,Maddy,Westbeld,Maddy Westbeld,Maddy Westbeld,M. Westbeld,75,"6' 3""",NA,NA,24,2002-02-10T08:00Z,Kettering,OH,USA,21,7,Forward,F,Forward,87,11,https://a.espncdn.com/i/headshots/wnba/players/full/4433424.png,2,1,Active,active,2025,2,16,TRUE
2026,4433431,7ebfa5fa-40e4-3bb5-a3a3-91984fc47b8a,s:40~l:59~a:4433431,te-hina-paopao,basketball,Te-Hina,Paopao,Te-Hina Paopao,Te-Hina Paopao,T. Paopao,69,"5' 9""",NA,NA,24,2002-08-21T07:00Z,Oceanside,CA,USA,2,3,Guard,G,Guard,2579,20,https://a.espncdn.com/i/headshots/wnba/players/full/4433431.png,2,1,Active,active,2025,2,18,TRUE
2026,4433433,d10cbe2c-26de-31fe-a119-5618bcf03b5d,s:40~l:59~a:4433433,aicha-coulibaly,basketball,Aicha,Coulibaly,Aicha Coulibaly,Aicha Coulibaly,A. Coulibaly,72,"6' 0""",NA,NA,24,2001-10-18T07:00Z,Bamako,NA,Mali,35,3,Guard,G,Guard,245,19,https://a.espncdn.com/i/headshots/wnba/players/full/4433433.png,0,1,Active,active,2025,2,22,TRUE
2026,4433514,0dd1606f-2bcc-34fd-96ae-57e02ea8e7e3,s:40~l:59~a:4433514,saniya-rivers,basketball,Saniya,Rivers,Saniya Rivers,Saniya Rivers,S. Rivers,73,"6' 1""",NA,NA,23,2003-03-04T08:00Z,Wilmington,NC,USA,22,3,Guard,G,Guard,152,18,https://a.espncdn.com/i/headshots/wnba/players/full/4433514.png,2,1,Active,active,2025,1,8,TRUE
2026,4433523,d977afa5-f2e8-3294-abbb-57ee9f5cac2f,s:40~l:59~a:4433523,rori-harmon,basketball,Rori,Harmon,Rori Harmon,Rori Harmon,R. Harmon,66,"5' 6""",NA,NA,23,2003-01-29T08:00Z,Houston,TX,USA,3,3,Guard,G,Guard,251,16,https://a.espncdn.com/i/headshots/wnba/players/full/4433523.png,0,1,Active,active,2026,3,34,TRUE
2026,4433524,40260700-49ec-36b3-8b20-339722b76b02,s:40~l:59~a:4433524,sonia-citron,basketball,Sonia,Citron,Sonia Citron,Sonia Citron,S. Citron,73,"6' 1""",NA,NA,22,2003-10-22T07:00Z,Eastchester,NY,USA,22,3,Guard,G,Guard,87,16,https://a.espncdn.com/i/headshots/wnba/players/full/4433524.png,2,1,Active,active,2025,1,3,TRUE
2026,4433542,df8e6239-a341-3b44-937d-f0a99c3202c2,s:40~l:59~a:4433542,saylor-poffenbarger,basketball,Saylor,Poffenbarger,Saylor Poffenbarger,Saylor Poffenbarger,S. Poffenbarger,74,"6' 2""",NA,NA,23,2003-04-14T07:00Z,Middletown,MD,USA,6,3,Guard,G,Guard,120,11,NA,0,9,Free Agent,free-agent,NA,NA,NA,FALSE
2026,4433546,2c390df6-0870-3471-ad6d-f78105118ac8,s:40~l:59~a:4433546,makayla-timpson,basketball,Makayla,Timpson,Makayla Timpson,Makayla Timpson,M. Timpson,74,"6' 2""",173,173 lbs,23,2002-09-20T07:00Z,Edison,GA,USA,21,7,Forward,F,Forward,52,5,https://a.espncdn.com/i/headshots/wnba/players/full/4433546.png,2,1,Active,active,2025,2,19,TRUE
2026,4433630,bf28c328-c1c8-30f0-be04-d5eeaec2c856,s:40~l:59~a:4433630,rickea-jackson,basketball,Rickea,Jackson,Rickea Jackson,Rickea Jackson,R. Jackson,74,"6' 2""",175,175 lbs,25,2001-03-16T08:00Z,Detroit,MI,USA,5,7,Forward,F,Forward,2633,19,https://a.espncdn.com/i/headshots/wnba/players/full/4433630.png,3,1,Active,active,2024,1,4,TRUE
2026,4433633,7923526e-bc15-3288-9363-4a77de99bd64,s:40~l:59~a:4433633,kierstan-bell,basketball,Kierstan,Bell,Kierstan Bell,Kierstan Bell,K. Bell,73,"6' 1""",176,176 lbs,26,2000-03-16T08:00Z,Alliance,OH,USA,1,7,Forward,F,Forward,526,17,https://a.espncdn.com/i/headshots/wnba/players/full/4433633.png,5,1,Active,active,2022,1,11,TRUE
2026,4433634,264fd764-8c8a-3d08-b70b-02279aad2492,s:40~l:59~a:4433634,ashten-prechtel,basketball,Ashten,Prechtel,Ashten Prechtel,Ashten Prechtel,A. Prechtel,77,"6' 5""",NA,NA,25,2001-05-11T07:00Z,Colorado Springs,CO,USA,11,7,Forward,F,Forward,24,129689,https://a.espncdn.com/i/headshots/wnba/players/full/4433634.png,0,1,Active,active,2023,3,34,TRUE
2026,4433635,aa42d38c-ef50-3eb6-85e8-409671e7b517,s:40~l:59~a:4433635,diamond-miller,basketball,Diamond,Miller,Diamond Miller,Diamond Miller,D. Miller,75,"6' 3""",168,168 lbs,25,2001-02-11T08:00Z,Somerset,NJ,USA,1,7,Forward,F,Forward,120,18,https://a.espncdn.com/i/headshots/wnba/players/full/4433635.png,4,1,Active,active,2023,1,2,TRUE
2026,4433643,50c2fa38-e22a-3ea0-80d8-c6f7be8001ae,s:40~l:59~a:4433643,mackenzie-holmes,basketball,Mackenzie,Holmes,Mackenzie Holmes,Mackenzie Holmes,M. Holmes,75,"6' 3""",NA,NA,25,2000-11-01T08:00Z,Gorham,ME,USA,54,7,Forward,F,Forward,84,14,https://a.espncdn.com/i/headshots/wnba/players/full/4433643.png,2,1,Active,active,2024,3,26,TRUE
2026,4433690,62448f65-1b2a-360a-8b73-ae45f21a0044,s:40~l:59~a:4433690,holly-winterburn,basketball,Holly,Winterburn,Holly Winterburn,Holly Winterburn,H. Winterburn,71,"5' 11""",NA,NA,25,2000-10-01T07:00Z,Northampton,NA,England,77,3,Guard,G,Guard,2483,132052,https://a.espncdn.com/i/headshots/wnba/players/full/4433690.png,0,1,Active,active,NA,NA,NA,TRUE
2026,4433730,5d79683b-b6b8-3474-a96f-617daff9251e,s:40~l:59~a:4433730,paige-bueckers,basketball,Paige,Bueckers,Paige Bueckers,Paige Bueckers,P. Bueckers,72,"6' 0""",NA,NA,24,2001-10-20T07:00Z,Hopkins,MN,USA,5,3,Guard,G,Guard,41,3,https://a.espncdn.com/i/headshots/wnba/players/full/4433730.png,2,1,Active,active,2025,1,1,TRUE
2026,4433744,b1ff3eeb-b7d2-3c39-a10e-24e96dc874e3,s:40~l:59~a:4433744,michelle-onyiah,basketball,Michelle,Onyiah,Michelle Onyiah,Michelle Onyiah,M. Onyiah,75,"6' 3""",NA,NA,23,2003-03-12T08:00Z,Eastvale,CA,USA,1,9,Center,C,Center,25,5,NA,0,1,Active,active,NA,NA,NA,TRUE
2026,4433790,343afb44-7a8b-3984-8141-361e8045fdaa,s:40~l:59~a:4433790,azzi-fudd,basketball,Azzi,Fudd,Azzi Fudd,Azzi Fudd,A. Fudd,71,"5' 11""",NA,NA,23,2002-11-11T08:00Z,Arlington,VA,USA,35,3,Guard,G,Guard,41,3,https://a.espncdn.com/i/headshots/wnba/players/full/4433790.png,0,1,Active,active,2026,1,1,TRUE
2026,4433791,9b981a71-c55e-3b7f-81a2-1663a2d50ea3,s:40~l:59~a:4433791,olivia-miles,basketball,Olivia,Miles,Olivia Miles,Olivia Miles,O. Miles,70,"5' 10""",NA,NA,23,2003-01-29T08:00Z,Phillipsburg,NJ,USA,5,3,Guard,G,Guard,2628,8,https://a.espncdn.com/i/headshots/wnba/players/full/4433791.png,0,1,Active,active,2026,1,2,TRUE
2026,4433792,cf20effc-99d1-388d-9c5f-45671adbae34,s:40~l:59~a:4433792,rayah-marshall,basketball,Rayah,Marshall,Rayah Marshall,Rayah Marshall,R. Marshall,76,"6' 4""",NA,NA,22,2003-11-15T08:00Z,Los Angeles,CA,USA,13,9,Center,C,Center,30,18,https://a.espncdn.com/i/headshots/wnba/players/full/4433792.png,1,1,Active,active,2025,2,25,TRUE
2026,4433795,96865a84-9cac-3ca0-9525-04367218dd7b,s:40~l:59~a:4433795,sania-feagin,basketball,Sania,Feagin,Sania Feagin,Sania Feagin,S. Feagin,75,"6' 3""",NA,NA,23,2003-03-15T08:00Z,Ellenwood,GA,USA,1,7,Forward,F,Forward,2579,132052,https://a.espncdn.com/i/headshots/wnba/players/full/4433795.png,2,1,Active,active,2025,2,21,TRUE
2026,4433797,847d34e9-93c3-3b36-b920-e52db3c812b9,s:40~l:59~a:4433797,raven-johnson,basketball,Raven,Johnson,Raven Johnson,Raven Johnson,R. Johnson,68,"5' 8""",NA,NA,23,2003-03-04T08:00Z,Atlanta,GA,USA,3,3,Guard,G,Guard,2579,5,https://a.espncdn.com/i/headshots/wnba/players/full/4433797.png,0,1,Active,active,2026,1,10,TRUE
2026,4433807,8414d14d-bade-316b-8e82-203de8c26582,s:40~l:59~a:4433807,aziaha-james,basketball,Aziaha,James,Aziaha James,Aziaha James,A. James,70,"5' 10""",NA,NA,23,2002-11-19T08:00Z,Virginia Beach,VA,USA,10,3,Guard,G,Guard,152,3,https://a.espncdn.com/i/headshots/wnba/players/full/4433807.png,2,1,Active,active,2025,1,12,TRUE
2026,4433815,270986ef-94a3-3efb-8688-8b4b7c5931e8,s:40~l:59~a:4433815,lucy-olsen,basketball,Lucy,Olsen,Lucy Olsen,Lucy Olsen,L. Olsen,70,"5' 10""",NA,NA,23,2003-05-26T07:00Z,Collegeville,PA,USA,33,3,Guard,G,Guard,2294,16,https://a.espncdn.com/i/headshots/wnba/players/full/4433815.png,2,1,Active,active,2025,2,23,TRUE
2026,4434015,00fd5edf-6b2a-3da4-b07a-13657a4d9afd,s:40~l:59~a:4434015,jj-quinerly,basketball,JJ,Quinerly,JJ Quinerly,JJ Quinerly,J. Quinerly,68,"5' 8""",NA,NA,23,2002-10-24T07:00Z,Norfolk,VA,USA,11,3,Guard,G,Guard,277,3,https://a.espncdn.com/i/headshots/wnba/players/full/4434015.png,1,9,Free Agent,free-agent,2025,3,27,FALSE
2026,4434020,3c773812-ecda-3552-9481-5ddc79600200,s:40~l:59~a:4434020,teonni-key,basketball,Teonni,Key,Teonni Key,Teonni Key,T. Key,77,"6' 5""",NA,NA,23,2003-07-10T07:00Z,Cary,NC,USA,7,7,Forward,F,Forward,96,131935,https://a.espncdn.com/i/headshots/wnba/players/full/4434020.png,0,1,Active,active,2026,2,22,TRUE
2026,4565501,e5ff3eb2-935b-3dcb-8a91-d8b1cdf0a1f0,s:40~l:59~a:4565501,janiah-barker,basketball,Janiah,Barker,Janiah Barker,Janiah Barker,J. Barker,76,"6' 4""",185,185 lbs,22,2003-11-08T08:00Z,Marietta,GA,USA,2,7,Forward,F,Forward,2633,17,https://a.espncdn.com/i/headshots/wnba/players/full/4565501.png,0,9,Free Agent,free-agent,2026,2,29,FALSE
2026,4565505,527099c9-b18c-356a-a939-b950af0427c5,s:40~l:59~a:4565505,kiki-rice,basketball,Kiki,Rice,Kiki Rice,Kiki Rice,K. Rice,71,"5' 11""",NA,NA,22,2004-01-14T08:00Z,Bethesda,MD,USA,1,3,Guard,G,Guard,26,131935,https://a.espncdn.com/i/headshots/wnba/players/full/4565505.png,0,1,Active,active,2026,1,6,TRUE
2026,4565515,4c0311d4-ad53-31ee-a45d-682bd25e8eb9,s:40~l:59~a:4565515,tonie-morgan,basketball,Tonie,Morgan,Tonie Morgan,Tonie Morgan,T. Morgan,69,"5' 9""",NA,NA,22,2004-07-16T07:00Z,Tallahassee,FL,USA,4,3,Guard,G,Guard,96,6,https://a.espncdn.com/i/headshots/wnba/players/full/4565515.png,0,1,Active,active,2026,3,32,TRUE
2026,4583144,f3f823c7-0beb-3fde-89f4-b3439835fafd,s:40~l:59~a:4583144,cotie-mcmahon,basketball,Cotie,McMahon,Cotie McMahon,Cotie McMahon,C. McMahon,72,"6' 0""",NA,NA,22,2004-05-04T07:00Z,Dayton,OH,USA,23,3,Guard,G,Guard,145,16,https://a.espncdn.com/i/headshots/wnba/players/full/4583144.png,0,1,Active,active,2026,1,11,TRUE
2026,4594527,611dabd6-ffbe-3358-b05d-24f19b85c612,s:40~l:59~a:4594527,dulcy-fankam-mendjiadeu,basketball,Dulcy,Fankam Mendjiadeu,Dulcy Fankam Mendjiadeu,Dulcy Fankam Mendjiadeu,D. Fankam Mendjiadeu,75,"6' 3""",204,204 lbs,27,1999-07-26T07:00Z,Nkongsamba,NA,Cameroon,12,7,Forward,F,Forward,58,3,https://a.espncdn.com/i/headshots/wnba/players/full/4594527.png,2,9,Free Agent,free-agent,2023,2,21,FALSE
2026,4594786,b91883fa-0be3-3459-84de-71b3aae5761a,s:40~l:59~a:4594786,sydney-taylor,basketball,Sydney,Taylor,Sydney Taylor,Sydney Taylor,S. Taylor,69,"5' 9""",NA,NA,25,2001-06-21T07:00Z,Long Island,NY,USA,12,3,Guard,G,Guard,97,19,https://a.espncdn.com/i/headshots/wnba/players/full/4594786.png,0,1,Active,active,NA,NA,NA,TRUE
2026,4595823,2d21c20c-284b-3339-b4bd-ef53f1cb7cc4,s:40~l:59~a:4595823,alex-fowler,basketball,Alex,Fowler,Alex Fowler,Alex Fowler,A. Fowler,74,"6' 2""",NA,NA,25,2001-07-21T07:00Z,Townsville,QLD,Australia,12,7,Forward,F,Forward,2501,9,NA,0,9,Free Agent,free-agent,NA,NA,NA,FALSE
2026,4595910,9818876f-26d7-3b05-9f77-595b6c5e07cc,s:40~l:59~a:4595910,haley-jones,basketball,Haley,Jones,Haley Jones,Haley Jones,H. Jones,73,"6' 1""",187,187 lbs,25,2001-05-23T07:00Z,Santa Cruz,CA,USA,30,3,Guard,G,Guard,24,3,https://a.espncdn.com/i/headshots/wnba/players/full/4595910.png,4,1,Active,active,2023,1,6,TRUE
2026,4596309,746b21e0-5cd7-3b17-ae15-b49221248f77,s:40~l:59~a:4596309,liatu-king,basketball,Liatu,King,Liatu King,Liatu King,L. King,71,"5' 11""",NA,NA,24,2002-02-10T08:00Z,Washington,DC,USA,2,7,Forward,F,Forward,87,8,https://a.espncdn.com/i/headshots/wnba/players/full/4596309.png,2,1,Active,active,2025,3,28,TRUE
2026,4597509,d21a1e7d-c02e-3dc6-9ba5-d3e450b4c3b5,s:40~l:59~a:4597509,aaliyah-nye,basketball,Aaliyah,Nye,Aaliyah Nye,Aaliyah Nye,A. Nye,72,"6' 0""",NA,NA,24,2002-08-14T07:00Z,East Lansing,MI,USA,32,3,Guard,G,Guard,333,6,https://a.espncdn.com/i/headshots/wnba/players/full/4597509.png,2,1,Active,active,2025,2,13,TRUE
2026,4599199,1537c5a9-6bf9-3897-9268-72a3f7dfb211,s:40~l:59~a:4599199,morgan-maly,basketball,Morgan,Maly,Morgan Maly,Morgan Maly,M. Maly,73,"6' 1""",NA,NA,24,2002-01-25T08:00Z,Crete,NE,USA,15,3,Guard,G,Guard,156,19,NA,0,1,Active,active,NA,NA,NA,TRUE
2026,4609797,e8210eb0-fe71-31e6-87e9-8c4b286aeb3f,s:40~l:59~a:4609797,taniya-latson,basketball,Ta'Niya,Latson,Ta'Niya Latson,Ta'Niya Latson,T. Latson,68,"5' 8""",NA,NA,22,2003-12-26T08:00Z,Miami,FL,USA,5,3,Guard,G,Guard,2579,17,https://a.espncdn.com/i/headshots/wnba/players/full/4609797.png,0,1,Active,active,2026,2,20,TRUE
2026,4682797,02e432d5-84c9-3937-8dda-7038d7340286,s:40~l:59~a:4682797,luisa-geiselsoder,basketball,Luisa,Geiselsoder,Luisa Geiselsoder,Luisa Geiselsoder,L. Geiselsoder,76,"6' 4""",NA,NA,26,2000-02-10T08:00Z,Ansbach,NA,Germany,15,9,Center,C,Center,NA,132052,https://a.espncdn.com/i/headshots/wnba/players/full/4682797.png,2,1,Active,active,2020,2,21,TRUE
2026,4682855,05de73f8-c374-3b02-b482-0de66a790a71,s:40~l:59~a:4682855,justine-pissott,basketball,Justine,Pissott,Justine Pissott,Justine Pissott,J. Pissott,76,"6' 4""",NA,NA,22,2004-02-04T08:00Z,Toms River,NJ,USA,13,3,Guard,G,Guard,238,17,https://a.espncdn.com/i/headshots/wnba/players/full/4682855.png,0,1,Active,active,2026,2,25,TRUE
2026,4683006,f617ba03-8d34-35a1-945e-a558e716b03f,s:40~l:59~a:4683006,leonie-fiebich,basketball,Leonie,Fiebich,Leonie Fiebich,Leonie Fiebich,L. Fiebich,76,"6' 4""",NA,NA,26,2000-01-10T08:00Z,Landsberg am Lech,NA,Germany,13,7,Forward,F,Forward,NA,9,https://a.espncdn.com/i/headshots/wnba/players/full/4683006.png,3,1,Active,active,2020,2,22,TRUE
2026,4684384,b03d1b88-edb6-387f-b7bd-60905928eb2c,s:40~l:59~a:4684384,aneesah-morrow,basketball,Aneesah,Morrow,Aneesah Morrow,Aneesah Morrow,A. Morrow,73,"6' 1""",NA,NA,23,2003-02-02T08:00Z,Chicago,IL,USA,24,7,Forward,F,Forward,99,131935,https://a.espncdn.com/i/headshots/wnba/players/full/4684384.png,2,1,Active,active,2025,1,7,TRUE
2026,4688629,24a2c19a-7c30-3104-80e8-f18695c6d369,s:40~l:59~a:4688629,shay-ciezki,basketball,Shay,Ciezki,Shay Ciezki,Shay Ciezki,S. Ciezki,67,"5' 7""",NA,NA,22,2003-11-26T08:00Z,Buffalo,NY,USA,5,3,Guard,G,Guard,84,11,NA,0,1,Active,active,NA,NA,NA,TRUE
2026,4698730,eeaa5b81-7137-3138-8f78-cb064fa4eac8,s:40~l:59~a:4698730,kara-dunn,basketball,Kara,Dunn,Kara Dunn,Kara Dunn,K. Dunn,71,"5' 11""",NA,NA,22,2003-12-06T08:00Z,Dallas,GA,USA,12,3,Guard,G,Guard,30,11,NA,0,1,Active,active,NA,NA,NA,TRUE
2026,4698736,1875dbcd-73f8-3c49-858b-6bab339c69fb,s:40~l:59~a:4698736,flaujae-johnson,basketball,Flau'jae,Johnson,Flau'jae Johnson,Flau'jae Johnson,F. Johnson,70,"5' 10""",NA,NA,22,2003-11-03T08:00Z,Savannah,GA,USA,4,3,Guard,G,Guard,99,14,https://a.espncdn.com/i/headshots/wnba/players/full/4698736.png,0,1,Active,active,2026,1,8,TRUE
2026,4703609,ffe45994-90cb-3f4b-bdaf-9c030d327caa,s:40~l:59~a:4703609,charlisse-leger-walker,basketball,Charlisse,Leger-Walker,Charlisse Leger-Walker,Charlisse Leger-Walker,C. Leger-Walker,70,"5' 10""",NA,NA,24,2001-09-15T07:00Z,Waikato,NA,New Zealand,4,3,Guard,G,Guard,26,18,https://a.espncdn.com/i/headshots/wnba/players/full/4703609.png,0,1,Active,active,2026,2,18,TRUE
2026,4703794,6259bc38-22d1-3564-bd88-eaf13345c7eb,s:40~l:59~a:4703794,sarah-ashlee-barker,basketball,Sarah Ashlee,Barker,Sarah Ashlee Barker,Sarah Ashlee Barker,S. Barker,72,"6' 0""",NA,NA,24,2001-09-10T07:00Z,Birmingham,AL,USA,3,3,Guard,G,Guard,333,132052,https://a.espncdn.com/i/headshots/wnba/players/full/4703794.png,2,1,Active,active,2025,1,9,TRUE
2026,4704180,a9d1aaa5-c146-30df-9cf6-927d1b93d32c,s:40~l:59~a:4704180,georgia-amoore,basketball,Georgia,Amoore,Georgia Amoore,Georgia Amoore,G. Amoore,66,"5' 6""",NA,NA,25,2001-04-03T07:00Z,Ballarat,VIC,Australia,8,3,Guard,G,Guard,96,16,https://a.espncdn.com/i/headshots/wnba/players/full/4704180.png,0,1,Active,active,2025,1,6,TRUE
2026,4704594,2dad6630-5c45-3e7b-85ce-0fbd64e45979,s:40~l:59~a:4704594,marta-suarez,basketball,Marta,Suarez,Marta Suarez,Marta Suarez,M. Suarez,75,"6' 3""",NA,NA,24,2002-05-07T07:00Z,Oviedo,NA,Spain,77,7,Forward,F,Forward,2628,11,https://a.espncdn.com/i/headshots/wnba/players/full/4704594.png,0,1,Active,active,2026,2,16,TRUE
2026,4790258,b2f7b319-dc08-320d-ae85-99e9119ca9e6,s:40~l:59~a:4790258,raquel-carrera,basketball,Raquel,Carrera,Raquel Carrera,Raquel Carrera,R. Carrera,75,"6' 3""",NA,NA,24,2001-10-31T08:00Z,NA,NA,NA,14,7,Forward,F,Forward,NA,9,NA,0,1,Active,active,2021,2,15,TRUE
2026,4790260,c4b25a02-8615-37eb-8ce2-9e841e785c06,s:40~l:59~a:4790260,marine-fauthoux,basketball,Marine,Fauthoux,Marine Fauthoux,Marine Fauthoux,M. Fauthoux,69,"5' 9""",NA,NA,25,2001-01-23T08:00Z,NA,NA,NA,4,3,Guard,G,Guard,NA,9,NA,0,1,Active,active,2021,3,29,TRUE
2026,4790263,3e54c9a6-1552-32ec-a6b5-7004bc25b567,s:40~l:59~a:4790263,iliana-rupert,basketball,Iliana,Rupert,Iliana Rupert,Iliana Rupert,I. Rupert,76,"6' 4""",189,189 lbs,25,2001-07-12T07:00Z,NA,NA,NA,12,9,Center,C,Center,NA,129689,https://a.espncdn.com/i/headshots/wnba/players/full/4790263.png,4,1,Active,active,2021,1,12,TRUE
2026,4790264,ea04a1f9-4ef0-3d47-8345-30f7da76a396,s:40~l:59~a:4790264,janelle-salaun,basketball,Janelle,Salaun,Janelle Salaun,Janelle Salaun,J. Salaun,74,"6' 2""",NA,NA,24,2001-09-05T07:00Z,NA,NA,NA,13,7,Forward,F,Forward,NA,129689,https://a.espncdn.com/i/headshots/wnba/players/full/4790264.png,2,1,Active,active,NA,NA,NA,TRUE
2026,4790266,4c6f8bc9-958c-3597-ac7a-686f012dbf34,s:40~l:59~a:4790266,awak-kuier,basketball,Awak,Kuier,Awak Kuier,Awak Kuier,A. Kuier,78,"6' 6""",168,168 lbs,25,2001-08-19T07:00Z,NA,NA,NA,34,7,Forward,F,Forward,NA,3,https://a.espncdn.com/i/headshots/wnba/players/full/4790266.png,4,1,Active,active,2021,1,2,TRUE
2026,4858656,9499df6a-a7f8-3467-87a7-25fc67524c3b,s:40~l:59~a:4858656,gabriela-jaquez,basketball,Gabriela,Jaquez,Gabriela Jaquez,Gabriela Jaquez,G. Jaquez,72,"6' 0""",NA,NA,22,2003-11-19T08:00Z,Camarillo,CA,USA,11,3,Guard,G,Guard,26,19,https://a.espncdn.com/i/headshots/wnba/players/full/4858656.png,0,1,Active,active,2026,1,5,TRUE
2026,4873358,dbcc5603-b86e-34ac-a28f-dc91b47d45a6,s:40~l:59~a:4873358,antonia-delaere,basketball,Antonia,Delaere,Antonia Delaere,Antonia Delaere,A. Delaere,71,"5' 11""",NA,NA,32,1994-08-01T07:00Z,Antwerp,NA,Belgium,8,7,Forward,F,Forward,NA,8,https://a.espncdn.com/i/headshots/wnba/players/full/4873358.png,0,1,Active,active,NA,NA,NA,TRUE
2026,4873359,a8cc79dc-a95e-3e9e-83cb-8d56ac77f6c4,s:40~l:59~a:4873359,kyara-linskens,basketball,Kyara,Linskens,Kyara Linskens,Kyara Linskens,K. Linskens,76,"6' 4""",NA,NA,29,1996-11-13T08:00Z,NA,NA,NA,31,9,Center,C,Center,NA,11,https://a.espncdn.com/i/headshots/wnba/players/full/4873359.png,2,1,Active,active,NA,NA,NA,TRUE
2026,4874375,68f1ef82-738a-33b6-b421-63d7baf44b37,s:40~l:59~a:4874375,jihyun-park,basketball,Jihyun,Park,Jihyun Park,Jihyun Park,J. Park,73,"6' 1""",NA,NA,26,2000-04-07T07:00Z,NA,NA,NA,6,7,Forward,F,Forward,NA,6,https://a.espncdn.com/i/headshots/wnba/players/full/4874375.png,0,1,Active,active,NA,NA,NA,TRUE
2026,4874475,ca706507-7327-340a-a51b-aa993432040f,s:40~l:59~a:4874475,nikolina-milic,basketball,Nikolina,Milic,Nikolina Milic,Nikolina Milic,N. Milic,75,"6' 3""",181,181 lbs,32,1994-04-12T07:00Z,NA,NA,NA,31,7,Forward,F,Forward,NA,131935,NA,2,9,Free Agent,free-agent,NA,NA,NA,FALSE
2026,4898383,0e1ce69c-c183-3a97-9568-966580a0934b,s:40~l:59~a:4898383,bree-hall,basketball,Bree,Hall,Bree Hall,Bree Hall,B. Hall,73,"6' 1""",161,161 lbs,23,2003-06-28T07:00Z,Dayton,OH,USA,23,3,Guard,G,Guard,2579,5,https://a.espncdn.com/i/headshots/wnba/players/full/4898383.png,2,1,Active,active,2025,2,20,TRUE
2026,4898384,8c14caa5-a9c7-3508-aca8-567930a6d9b7,s:40~l:59~a:4898384,kiki-iriafen,basketball,Kiki,Iriafen,Kiki Iriafen,Kiki Iriafen,K. Iriafen,75,"6' 3""",NA,NA,23,2003-08-26T07:00Z,Los Angeles,CA,USA,44,7,Forward,F,Forward,30,16,https://a.espncdn.com/i/headshots/wnba/players/full/4898384.png,2,1,Active,active,2025,1,4,TRUE
2026,4898400,d6708816-8ec4-3961-a73b-8f422d6aa1b6,s:40~l:59~a:4898400,taylor-thierry,basketball,Taylor,Thierry,Taylor Thierry,Taylor Thierry,T. Thierry,73,"6' 1""",NA,NA,23,2003-01-08T08:00Z,Cleveland,OH,USA,3,7,Forward,F,Forward,194,14,https://a.espncdn.com/i/headshots/wnba/players/full/4898400.png,2,1,Active,active,2025,3,36,TRUE
2026,4898898,84510952-68e5-3e34-8395-423168617a53,s:40~l:59~a:4898898,gianna-kneepkens,basketball,Gianna,Kneepkens,Gianna Kneepkens,Gianna Kneepkens,G. Kneepkens,71,"5' 11""",NA,NA,23,2003-03-04T08:00Z,Duluth,MN,USA,5,3,Guard,G,Guard,26,18,https://a.espncdn.com/i/headshots/wnba/players/full/4898898.png,0,1,Active,active,2026,1,15,TRUE
2026,4899328,29fe074b-4d7f-392e-b8e5-e5e44e035f0d,s:40~l:59~a:4899328,kaitlyn-chen,basketball,Kaitlyn,Chen,Kaitlyn Chen,Kaitlyn Chen,K. Chen,69,"5' 9""",NA,NA,24,2002-02-22T08:00Z,San Marino,CA,USA,2,3,Guard,G,Guard,41,129689,https://a.espncdn.com/i/headshots/wnba/players/full/4899328.png,2,1,Active,active,2025,3,30,TRUE
2026,5017721,52f3ae67-8df5-39f9-aa55-aa6bdae30f53,s:40~l:59~a:5017721,sika-kone,basketball,Sika,Kone,Sika Kone,Sika Kone,S. Kone,75,"6' 3""",180,180 lbs,24,2002-07-13T07:00Z,NA,NA,NA,23,7,Forward,F,Forward,NA,20,https://a.espncdn.com/i/headshots/wnba/players/full/5017721.png,4,1,Active,active,2022,3,29,TRUE
2026,5017726,2211a4f3-092f-3294-b5f2-2dda7bb7d167,s:40~l:59~a:5017726,jade-melbourne,basketball,Jade,Melbourne,Jade Melbourne,Jade Melbourne,J. Melbourne,70,"5' 10""",145,145 lbs,24,2002-08-18T07:00Z,Traralgon,VIC,Australia,5,3,Guard,G,Guard,NA,14,https://a.espncdn.com/i/headshots/wnba/players/full/5017726.png,4,1,Active,active,2022,3,33,TRUE
2026,5105406,52f94a97-def2-3e09-946b-ae3fc49c7244,s:40~l:59~a:5105406,frieda-buhner,basketball,Frieda,Buhner,Frieda Buhner,Frieda Buhner,F. Buhner,73,"6' 1""",NA,NA,22,2004-05-28T07:00Z,Osnabruck,NA,Germany,20,7,Forward,F,Forward,57,132052,https://a.espncdn.com/i/headshots/wnba/players/full/5105406.png,0,1,Active,active,2026,2,17,TRUE
2026,5105729,9abc3d2b-196f-36f9-ace8-9f29a8a763fc,s:40~l:59~a:5105729,chance-gray,basketball,Chance,Gray,Chance Gray,Chance Gray,C. Gray,69,"5' 9""",NA,NA,22,2004-07-06T07:00Z,Cincinnati,OH,USA,2,3,Guard,G,Guard,194,6,https://a.espncdn.com/i/headshots/wnba/players/full/5105729.png,0,1,Active,active,2026,2,24,TRUE
2026,5105731,6f18be21-0028-3499-89be-8159cbfc4e4f,s:40~l:59~a:5105731,grace-vanslooten,basketball,Grace,VanSlooten,Grace VanSlooten,Grace VanSlooten,G. VanSlooten,75,"6' 3""",NA,NA,22,2004-06-16T07:00Z,Toledo,OH,USA,14,7,Forward,F,Forward,127,5,https://a.espncdn.com/i/headshots/wnba/players/full/5105731.png,0,1,Active,active,2026,3,39,TRUE
2026,5105732,7b77ac68-882f-3528-bac4-1d90a16ed61d,s:40~l:59~a:5105732,raegan-beers,basketball,Raegan,Beers,Raegan Beers,Raegan Beers,R. Beers,76,"6' 4""",NA,NA,23,2003-07-23T07:00Z,Littleton,CO,USA,15,7,Forward,F,Forward,201,18,https://a.espncdn.com/i/headshots/wnba/players/full/5105732.png,0,1,Active,active,NA,NA,NA,TRUE
2026,5105737,4e73e15c-bb39-3a82-b4bf-8c71fae48868,s:40~l:59~a:5105737,lauren-betts,basketball,Lauren,Betts,Lauren Betts,Lauren Betts,L. Betts,79,"6' 7""",NA,NA,22,2003-10-15T07:00Z,Centennial,CO,USA,51,9,Center,C,Center,26,16,https://a.espncdn.com/i/headshots/wnba/players/full/5105737.png,0,1,Active,active,2026,1,4,TRUE
2026,5105740,8406506b-e9bf-3a2e-bc94-754c91b4f1c3,s:40~l:59~a:5105740,indya-nivar,basketball,Indya,Nivar,Indya Nivar,Indya Nivar,I. Nivar,70,"5' 10""",NA,NA,22,2004-01-16T08:00Z,Apex,NC,USA,21,3,Guard,G,Guard,153,20,https://a.espncdn.com/i/headshots/wnba/players/full/5105740.png,0,1,Active,active,2026,2,28,TRUE
2026,5105752,3dc539a9-acc2-3377-a234-0e969c2dc6e8,s:40~l:59~a:5105752,alissa-pili,basketball,Alissa,Pili,Alissa Pili,Alissa Pili,A. Pili,71,"5' 11""",235,235 lbs,25,2001-06-08T07:00Z,Anchorage,AK,USA,35,7,Forward,F,Forward,254,6,https://a.espncdn.com/i/headshots/wnba/players/full/5105752.png,3,9,Free Agent,free-agent,2024,1,8,FALSE
2026,5106145,56b890e5-f0b5-3062-a62a-8c8793939ccf,s:40~l:59~a:5106145,darianna-littlepage-buggs,basketball,Darianna,Littlepage-Buggs,Darianna Littlepage-Buggs,Darianna Littlepage-Buggs,D. Littlepage-Buggs,73,"6' 1""",NA,NA,22,2003-09-23T07:00Z,Oklahoma City,OK,USA,5,3,Guard,G,Guard,239,16,https://a.espncdn.com/i/headshots/wnba/players/full/5106145.png,0,1,Active,active,2026,2,30,TRUE
2026,5106170,ff2fed2b-b1b1-3cd8-9314-ba1651ba0e81,s:40~l:59~a:5106170,ndjakalenga-mwenentanda,basketball,Ndjakalenga,Mwenentanda,Ndjakalenga Mwenentanda,Ndjakalenga Mwenentanda,N. Mwenentanda,74,"6' 2""",NA,NA,22,2003-11-24T08:00Z,Sioux Falls,SD,USA,32,3,Guard,G,Guard,238,129689,NA,0,9,Free Agent,free-agent,NA,NA,NA,FALSE
2026,5106222,db8bf392-38a2-3c5b-8437-df665ff5cdfe,s:40~l:59~a:5106222,taina-mair,basketball,Taina,Mair,Taina Mair,Taina Mair,T. Mair,69,"5' 9""",NA,NA,22,2003-11-20T08:00Z,Boston,MA,USA,22,3,Guard,G,Guard,150,14,https://a.espncdn.com/i/headshots/wnba/players/full/5106222.png,0,1,Active,active,2026,1,14,TRUE
2026,5106232,2892cbb6-410c-3f84-9aae-594f58242912,s:40~l:59~a:5106232,ashlon-jackson,basketball,Ashlon,Jackson,Ashlon Jackson,Ashlon Jackson,A. Jackson,72,"6' 0""",NA,NA,22,2004-01-06T08:00Z,China,TX,USA,3,3,Guard,G,Guard,150,18,https://a.espncdn.com/i/headshots/wnba/players/full/5106232.png,0,1,Active,active,2026,2,23,TRUE
2026,5107404,22f7154d-3606-3087-a6b6-56be6df1e26d,s:40~l:59~a:5107404,quionche-carter,basketball,Quionche,Carter,Quionche Carter,Quionche Carter,Q. Carter,72,"6' 0""",NA,NA,25,2000-10-25T07:00Z,Southfield,MI,USA,20,3,Guard,G,Guard,526,11,NA,0,9,Free Agent,free-agent,NA,NA,NA,FALSE
2026,5107515,57f2a409-93c1-3159-afb5-86b6456128e4,s:40~l:59~a:5107515,laura-ziegler,basketball,Laura,Ziegler,Laura Ziegler,Laura Ziegler,L. Ziegler,74,"6' 2""",NA,NA,24,2002-07-23T07:00Z,Herley,NA,Denmark,4,7,Forward,F,Forward,97,6,NA,0,9,Free Agent,free-agent,NA,NA,NA,FALSE
2026,5108051,d44d111a-6d98-318b-b77c-1faadbcd7a37,s:40~l:59~a:5108051,jordan-harrison,basketball,Jordan,Harrison,Jordan Harrison,Jordan Harrison,J. Harrison,66,"5' 6""",NA,NA,22,2004-04-26T07:00Z,Oklahoma City,OK,USA,2,3,Guard,G,Guard,277,132052,NA,0,1,Active,active,NA,NA,NA,TRUE
2026,5108550,31ef5a00-81e3-3cb3-a433-e1141bfeedc0,s:40~l:59~a:5108550,serah-williams,basketball,Serah,Williams,Serah Williams,Serah Williams,S. Williams,76,"6' 4""",NA,NA,22,2004-01-17T08:00Z,Brooklyn,NY,USA,25,9,Center,C,Center,41,132052,https://a.espncdn.com/i/headshots/wnba/players/full/5108550.png,0,1,Active,active,2026,3,33,TRUE
2026,5108587,65d1a858-06e1-3642-bea2-83d7e8b17653,s:40~l:59~a:5108587,madina-okot,basketball,Madina,Okot,Madina Okot,Madina Okot,M. Okot,78,"6' 6""",NA,NA,22,2004-08-23T07:00Z,Mumias,NA,Kenya,11,9,Center,C,Center,2579,20,https://a.espncdn.com/i/headshots/wnba/players/full/5108587.png,0,1,Active,active,2026,1,13,TRUE
2026,5122345,118f7a39-0568-39be-84c0-dbabfcdba438,s:40~l:59~a:5122345,cassandre-prosper,basketball,Cassandre,Prosper,Cassandre Prosper,Cassandre Prosper,C. Prosper,75,"6' 3""",NA,NA,21,2005-06-25T07:00Z,Montreal,PQ,Canada,18,3,Guard,G,Guard,87,16,https://a.espncdn.com/i/headshots/wnba/players/full/5122345.png,0,1,Active,active,2026,2,19,TRUE
2026,5208981,9d9d26db-061d-39a8-81cd-f49f20ca6fe3,s:40~l:59~a:5208981,leila-lacan,basketball,Leila,Lacan,Leila Lacan,Leila Lacan,L. Lacan,71,"5' 11""",NA,NA,22,2004-06-02T07:00Z,Rodez,NA,France,47,3,Guard,G,Guard,NA,18,https://a.espncdn.com/i/headshots/wnba/players/full/5208981.png,2,1,Active,active,2024,1,10,TRUE
2026,5208982,fd8b301a-a297-3515-a852-42f2eabda167,s:40~l:59~a:5208982,carla-leite,basketball,Carla,Leite,Carla Leite,Carla Leite,C. Leite,69,"5' 9""",NA,NA,22,2004-04-16T07:00Z,NA,NA,NA,0,3,Guard,G,Guard,NA,132052,https://a.espncdn.com/i/headshots/wnba/players/full/5208982.png,2,1,Active,active,2024,1,9,TRUE
2026,5208983,c3bdc5c0-306d-3749-90c4-fced7e62b5b0,s:40~l:59~a:5208983,isobel-borlase,basketball,Isobel,Borlase,Isobel Borlase,Isobel Borlase,I. Borlase,71,"5' 11""",NA,NA,21,2004-09-12T07:00Z,Melbourne,VIC,Australia,20,3,Guard,G,Guard,NA,20,https://a.espncdn.com/i/headshots/wnba/players/full/5208983.png,0,1,Active,active,2024,2,20,TRUE
2026,5208985,NA,s:40~l:59~a:5208985,alicia-florez,basketball,Alicia,Florez,Alicia Florez,Alicia Florez,A. Florez,69,"5' 9""",NA,NA,22,2004-04-19T07:00Z,NA,NA,NA,2,3,Guard,G,Guard,NA,16,NA,0,1,Active,active,NA,NA,NA,TRUE
2026,5209202,6303c62d-cb1c-3f1f-af17-5eaa16fadc80,s:40~l:59~a:5209202,nyadiew-puoch,basketball,Nyadiew,Puoch,Nyadiew Puoch,Nyadiew Puoch,N. Puoch,75,"6' 3""",NA,NA,22,2004-06-23T07:00Z,NA,NA,NA,13,7,Forward,F,Forward,NA,132052,https://a.espncdn.com/i/headshots/wnba/players/full/5209202.png,0,1,Active,active,2024,1,12,TRUE
2026,5220104,c546914c-6fd9-3ec8-9d52-b9e3e7c0147f,s:40~l:59~a:5220104,mai-yamamoto,basketball,Mai,Yamamoto,Mai Yamamoto,Mai Yamamoto,M. Yamamoto,65,"5' 5""",128,128 lbs,26,1999-10-23T07:00Z,Hiroshima,NA,Japan,18,3,Guard,G,Guard,NA,17,https://a.espncdn.com/i/headshots/wnba/players/full/5220104.png,0,1,Active,active,NA,NA,NA,TRUE
2026,5220150,f21b6680-508f-39c7-91a2-fc38d8d247e7,s:40~l:59~a:5220150,dominique-malonga,basketball,Dominique,Malonga,Dominique Malonga,Dominique Malonga,D. Malonga,78,"6' 6""",NA,NA,20,2005-11-16T08:00Z,NA,NA,NA,14,9,Center,C,Center,NA,14,https://a.espncdn.com/i/headshots/wnba/players/full/5220150.png,2,1,Active,active,2025,1,2,TRUE
2026,5274110,6ef764cb-eec3-39b9-880e-05920b32a1bb,s:40~l:59~a:5274110,monique-akoa-makani,basketball,Monique,Akoa Makani,Monique Akoa Makani,Monique Akoa Makani,M. Akoa Makani,71,"5' 11""",NA,NA,25,2001-02-04T08:00Z,Bafang,NA,Cameroon,1,3,Guard,G,Guard,NA,6,https://a.espncdn.com/i/headshots/wnba/players/full/5274110.png,2,1,Active,active,NA,NA,NA,TRUE
2026,5277552,13e247d7-b5ca-3b2a-93f8-5c442a44b1d1,s:40~l:59~a:5277552,juste-jocyte,basketball,Juste,Jocyte,Juste Jocyte,Juste Jocyte,J. Jocyte,72,"6' 0""",NA,NA,20,2005-11-19T08:00Z,NA,NA,NA,4,3,Guard,G,Guard,NA,129689,NA,0,1,Active,active,2025,1,5,TRUE
2026,5278157,46f20148-e1c5-376b-b75b-75da707b1e4f,s:40~l:59~a:5278157,alex-wilson,basketball,Alex,Wilson,Alex Wilson,Alex Wilson,A. Wilson,69,"5' 9""",NA,NA,32,1994-03-21T08:00Z,Murray Bridge,SA,Australia,4,3,Guard,G,Guard,NA,16,https://a.espncdn.com/i/headshots/wnba/players/full/5278157.png,0,9,Free Agent,free-agent,NA,NA,NA,FALSE
2026,5278237,076a085a-42e0-3781-a609-9f19e7b6859f,s:40~l:59~a:5278237,anastasiia-olairi-kosu,basketball,Anastasiia Olairi,Kosu,Anastasiia Olairi Kosu,Anastasiia Olairi Kosu,A. Kosu,73,"6' 1""",190,190 lbs,21,2005-04-21T07:00Z,NA,NA,NA,7,7,Forward,F,Forward,NA,8,https://a.espncdn.com/i/headshots/wnba/players/full/5278237.png,2,1,Active,active,2025,2,15,TRUE
2026,5345319,ef3e02b1-f566-3530-846b-a7fe8994fc4c,s:40~l:59~a:5345319,nell-angloma,basketball,Nell,Angloma,Nell Angloma,Nell Angloma,N. Angloma,73,"6' 1""",NA,NA,20,2006-06-12T07:00Z,NA,NA,NA,33,7,Forward,F,Forward,NA,18,NA,0,1,Active,active,2026,1,12,TRUE
2026,5345320,ec51e869-c3e1-332c-bc18-e565c4742d0b,s:40~l:59~a:5345320,pauline-astier,basketball,Pauline,Astier,Pauline Astier,Pauline Astier,P. Astier,71,"5' 11""",NA,NA,24,2002-02-15T08:00Z,NA,NA,NA,18,3,Guard,G,Guard,NA,9,https://a.espncdn.com/i/headshots/wnba/players/full/5345320.png,0,1,Active,active,NA,NA,NA,TRUE
2026,5345322,ba377667-5db5-363e-9790-0ee1fb996aee,s:40~l:59~a:5345322,emma-cechova,basketball,Emma,Cechova,Emma Cechova,Emma Cechova,E. Cechova,76,"6' 4""",NA,NA,22,2004-07-12T07:00Z,NA,NA,NA,22,7,Forward,F,Forward,NA,8,https://a.espncdn.com/i/headshots/wnba/players/full/5345322.png,0,2,Inactive,inactive,NA,NA,NA,FALSE
2026,5345325,79194bb3-caeb-3af5-a503-9baa2b42b377,s:40~l:59~a:5345325,awa-fam,basketball,Awa,Fam,Awa Fam,Awa Fam,A. Fam,76,"6' 4""",NA,NA,20,2006-06-17T07:00Z,NA,NA,NA,11,9,Center,C,Center,NA,14,https://a.espncdn.com/i/headshots/wnba/players/full/5345325.png,0,1,Active,active,2026,1,3,TRUE
2026,5345444,2a592264-7e41-3bf1-b764-9e18529bb8a7,s:40~l:59~a:5345444,laura-juskaite,basketball,Laura,Juskaite,Laura Juskaite,Laura Juskaite,L. Juskaite,76,"6' 4""",NA,NA,28,1997-09-22T07:00Z,NA,NA,NA,2,7,Forward,F,Forward,NA,131935,https://a.espncdn.com/i/headshots/wnba/players/full/5345444.png,0,1,Active,active,NA,NA,NA,TRUE
2026,5345473,266a1aad-0a0d-3fc4-bb7d-d324d246e164,s:40~l:59~a:5345473,costanza-verona,basketball,Costanza,Verona,Costanza Verona,Costanza Verona,C. Verona,66,"5' 6""",NA,NA,27,1999-08-06T07:00Z,Palermo,NA,Italy,6,3,Guard,G,Guard,NA,3,https://a.espncdn.com/i/headshots/wnba/players/full/5345473.png,0,1,Active,active,NA,NA,NA,TRUE
2026,5345478,744bdcfa-1a5b-39c2-9501-1ae60cae2925,s:40~l:59~a:5345478,eliska-joklova,basketball,Eliska,Joklova,Eliska Joklova,Eliska Joklova,E. Joklova,72,"6' 0""",NA,NA,24,2001-10-01T07:00Z,NA,NA,NA,11,3,Guard,G,Guard,NA,8,https://a.espncdn.com/i/headshots/wnba/players/full/5345478.png,0,1,Active,active,NA,NA,NA,TRUE
2026,5345524,c1abd888-8ab0-3e4f-9ba1-1280f0a60832,s:40~l:59~a:5345524,noemie-brochant,basketball,Noemie,Brochant,Noemie Brochant,Noemie Brochant,N. Brochant,71,"5' 11""",NA,NA,26,1999-10-25T07:00Z,NA,NA,NA,1,7,Forward,F,Forward,NA,11,https://a.espncdn.com/i/headshots/wnba/players/full/5345524.png,0,1,Active,active,NA,NA,NA,TRUE
2026,5346554,6a6ba819-3a0d-3440-860c-8840e78e77ef,s:40~l:59~a:5346554,teja-oblak,basketball,Teja,Oblak,Teja Oblak,Teja Oblak,T. Oblak,68,"5' 8""",NA,NA,35,1990-12-20T08:00Z,NA,NA,NA,7,3,Guard,G,Guard,NA,132052,NA,0,1,Active,active,NA,NA,NA,TRUE
2026,5355509,6a19ebf5-983e-36c1-8240-d7ca6cd9316b,s:40~l:59~a:5355509,tima-pouye,basketball,Tima,Pouye,Tima Pouye,Tima Pouye,T. Pouye,68,"5' 8""",NA,NA,27,1999-04-07T07:00Z,NA,NA,NA,32,3,Guard,G,Guard,NA,131935,NA,0,9,Free Agent,free-agent,NA,NA,NA,FALSE
2026,5364343,fa7af6bf-dda7-3195-849d-b37a0646b1c0,s:40~l:59~a:5364343,ornella-bankole,basketball,Ornella,Bankole,Ornella Bankole,Ornella Bankole,O. Bankole,71,"5' 11""",NA,NA,28,1997-09-17T07:00Z,Auxerre,NA,France,33,3,Guard,G,Guard,NA,131935,NA,0,1,Active,active,NA,NA,NA,TRUE
