season,group_id,group_name,group_abbreviation,group_short_name,team_id,team_uid,team_slug,team_location,team_name,team_abbreviation,team_display_name,team_short_display_name,team_color,team_alternate_color,team_logo,stat_name,stat_display_name,stat_short_display_name,stat_description,stat_abbreviation,stat_type,display_value,value
2026,1,Eastern Conference,E,NA,20,s:40~l:59~t:20,NA,Atlanta,Dream,ATL,Atlanta Dream,Dream,NA,NA,https://a.espncdn.com/i/teamlogos/wnba/500/atl.png,avgPointsAgainst,Opponent Points Per Game,OPP PPG,Opponent Points Per Game,OPP PPG,avgpointsagainst,85.7,85.7
2026,1,Eastern Conference,E,NA,20,s:40~l:59~t:20,NA,Atlanta,Dream,ATL,Atlanta Dream,Dream,NA,NA,https://a.espncdn.com/i/teamlogos/wnba/500/atl.png,avgPointsFor,Points Per Game,PPG,Points Per Game,PPG,avgpointsfor,90.8,90.8
2026,1,Eastern Conference,E,NA,20,s:40~l:59~t:20,NA,Atlanta,Dream,ATL,Atlanta Dream,Dream,NA,NA,https://a.espncdn.com/i/teamlogos/wnba/500/atl.png,clincher,Clincher,CLINCH,Clinched Playoff Berth,CLINCH,clincher,x,1
2026,1,Eastern Conference,E,NA,20,s:40~l:59~t:20,NA,Atlanta,Dream,ATL,Atlanta Dream,Dream,NA,NA,https://a.espncdn.com/i/teamlogos/wnba/500/atl.png,differential,Average Point Differential,DIFF,Average Point Differential,DIFF,differential,+5.1,5.09999999999999
2026,1,Eastern Conference,E,NA,20,s:40~l:59~t:20,NA,Atlanta,Dream,ATL,Atlanta Dream,Dream,NA,NA,https://a.espncdn.com/i/teamlogos/wnba/500/atl.png,divisionWinPercent,Division Win Percentage,DPCT,Division Winning Percentage,DPCT,divisionwinpercent,0.000,0
2026,1,Eastern Conference,E,NA,20,s:40~l:59~t:20,NA,Atlanta,Dream,ATL,Atlanta Dream,Dream,NA,NA,https://a.espncdn.com/i/teamlogos/wnba/500/atl.png,gamesBehind,Games Back,GB,Games Back,GB,gamesbehind,-,0
2026,1,Eastern Conference,E,NA,20,s:40~l:59~t:20,NA,Atlanta,Dream,ATL,Atlanta Dream,Dream,NA,NA,https://a.espncdn.com/i/teamlogos/wnba/500/atl.png,leagueWinPercent,League Win Percentage,LPCT,League Winning Percentage,LPCT,leaguewinpercent,0.688,0.6875
2026,1,Eastern Conference,E,NA,20,s:40~l:59~t:20,NA,Atlanta,Dream,ATL,Atlanta Dream,Dream,NA,NA,https://a.espncdn.com/i/teamlogos/wnba/500/atl.png,losses,Losses,L,Losses,L,losses,14,14
2026,1,Eastern Conference,E,NA,20,s:40~l:59~t:20,NA,Atlanta,Dream,ATL,Atlanta Dream,Dream,NA,NA,https://a.espncdn.com/i/teamlogos/wnba/500/atl.png,playoffSeed,Position,POS,Playoff Seed,SEED,playoffseed,1,1
2026,1,Eastern Conference,E,NA,20,s:40~l:59~t:20,NA,Atlanta,Dream,ATL,Atlanta Dream,Dream,NA,NA,https://a.espncdn.com/i/teamlogos/wnba/500/atl.png,pointDifferential,Point Differential,DIFF,Point Differential,DIFF,pointdifferential,+204,204
2026,1,Eastern Conference,E,NA,20,s:40~l:59~t:20,NA,Atlanta,Dream,ATL,Atlanta Dream,Dream,NA,NA,https://a.espncdn.com/i/teamlogos/wnba/500/atl.png,points,Points,PTS,Total Points,PTS,points,6.0,6
2026,1,Eastern Conference,E,NA,20,s:40~l:59~t:20,NA,Atlanta,Dream,ATL,Atlanta Dream,Dream,NA,NA,https://a.espncdn.com/i/teamlogos/wnba/500/atl.png,pointsAgainst,Points Against,PA,Total Points Against,PA,pointsagainst,3428,3428
2026,1,Eastern Conference,E,NA,20,s:40~l:59~t:20,NA,Atlanta,Dream,ATL,Atlanta Dream,Dream,NA,NA,https://a.espncdn.com/i/teamlogos/wnba/500/atl.png,pointsFor,Points For,PF,Total Points For,PF,pointsfor,3632,3632
2026,1,Eastern Conference,E,NA,20,s:40~l:59~t:20,NA,Atlanta,Dream,ATL,Atlanta Dream,Dream,NA,NA,https://a.espncdn.com/i/teamlogos/wnba/500/atl.png,streak,Streak,STRK,Current Streak,STRK,streak,W1,1
2026,1,Eastern Conference,E,NA,20,s:40~l:59~t:20,NA,Atlanta,Dream,ATL,Atlanta Dream,Dream,NA,NA,https://a.espncdn.com/i/teamlogos/wnba/500/atl.png,winPercent,Win Percentage,PCT,Winning Percentage,PCT,winpercent,.650,0.65
2026,1,Eastern Conference,E,NA,20,s:40~l:59~t:20,NA,Atlanta,Dream,ATL,Atlanta Dream,Dream,NA,NA,https://a.espncdn.com/i/teamlogos/wnba/500/atl.png,wins,Wins,W,Wins,W,wins,26,26
2026,1,Eastern Conference,E,NA,20,s:40~l:59~t:20,NA,Atlanta,Dream,ATL,Atlanta Dream,Dream,NA,NA,https://a.espncdn.com/i/teamlogos/wnba/500/atl.png,gamesAhead,Games Ahead,GA,Games Ahead,GA,gamesahead,-,0
2026,1,Eastern Conference,E,NA,20,s:40~l:59~t:20,NA,Atlanta,Dream,ATL,Atlanta Dream,Dream,NA,NA,https://a.espncdn.com/i/teamlogos/wnba/500/atl.png,overall,Overall,OVER,Overall Record,Total,total,26-14,NA
2026,1,Eastern Conference,E,NA,20,s:40~l:59~t:20,NA,Atlanta,Dream,ATL,Atlanta Dream,Dream,NA,NA,https://a.espncdn.com/i/teamlogos/wnba/500/atl.png,Home,Home,HOME,Home Record,NA,home,13-7,NA
2026,1,Eastern Conference,E,NA,20,s:40~l:59~t:20,NA,Atlanta,Dream,ATL,Atlanta Dream,Dream,NA,NA,https://a.espncdn.com/i/teamlogos/wnba/500/atl.png,Road,Road,AWAY,Away Record,NA,road,13-7,NA
2026,1,Eastern Conference,E,NA,20,s:40~l:59~t:20,NA,Atlanta,Dream,ATL,Atlanta Dream,Dream,NA,NA,https://a.espncdn.com/i/teamlogos/wnba/500/atl.png,vs. Div.,DIV,DIV,Division Record,NA,vsdiv,0-0,NA
2026,1,Eastern Conference,E,NA,20,s:40~l:59~t:20,NA,Atlanta,Dream,ATL,Atlanta Dream,Dream,NA,NA,https://a.espncdn.com/i/teamlogos/wnba/500/atl.png,vs. Conf.,CONF,CONF,Conference Record,NA,vsconf,11-5,NA
2026,1,Eastern Conference,E,NA,20,s:40~l:59~t:20,NA,Atlanta,Dream,ATL,Atlanta Dream,Dream,NA,NA,https://a.espncdn.com/i/teamlogos/wnba/500/atl.png,Last Ten Games,Last Ten Games,L10,Record last 10 games,Last Ten,lasttengames,7-3,NA
2026,1,Eastern Conference,E,NA,5,s:40~l:59~t:5,NA,Indiana,Fever,IND,Indiana Fever,Fever,NA,NA,https://a.espncdn.com/i/teamlogos/wnba/500/ind.png,avgPointsAgainst,Opponent Points Per Game,OPP PPG,Opponent Points Per Game,OPP PPG,avgpointsagainst,91.0,90.95
2026,1,Eastern Conference,E,NA,5,s:40~l:59~t:5,NA,Indiana,Fever,IND,Indiana Fever,Fever,NA,NA,https://a.espncdn.com/i/teamlogos/wnba/500/ind.png,avgPointsFor,Points Per Game,PPG,Points Per Game,PPG,avgpointsfor,97.0,97
2026,1,Eastern Conference,E,NA,5,s:40~l:59~t:5,NA,Indiana,Fever,IND,Indiana Fever,Fever,NA,NA,https://a.espncdn.com/i/teamlogos/wnba/500/ind.png,clincher,Clincher,CLINCH,Clinched Playoff Berth,CLINCH,clincher,x,1
2026,1,Eastern Conference,E,NA,5,s:40~l:59~t:5,NA,Indiana,Fever,IND,Indiana Fever,Fever,NA,NA,https://a.espncdn.com/i/teamlogos/wnba/500/ind.png,differential,Average Point Differential,DIFF,Average Point Differential,DIFF,differential,+6.1,6.09999999999999
2026,1,Eastern Conference,E,NA,5,s:40~l:59~t:5,NA,Indiana,Fever,IND,Indiana Fever,Fever,NA,NA,https://a.espncdn.com/i/teamlogos/wnba/500/ind.png,divisionWinPercent,Division Win Percentage,DPCT,Division Winning Percentage,DPCT,divisionwinpercent,0.000,0
2026,1,Eastern Conference,E,NA,5,s:40~l:59~t:5,NA,Indiana,Fever,IND,Indiana Fever,Fever,NA,NA,https://a.espncdn.com/i/teamlogos/wnba/500/ind.png,gamesBehind,Games Back,GB,Games Back,GB,gamesbehind,-,0
2026,1,Eastern Conference,E,NA,5,s:40~l:59~t:5,NA,Indiana,Fever,IND,Indiana Fever,Fever,NA,NA,https://a.espncdn.com/i/teamlogos/wnba/500/ind.png,leagueWinPercent,League Win Percentage,LPCT,League Winning Percentage,LPCT,leaguewinpercent,0.722,0.7222222
2026,1,Eastern Conference,E,NA,5,s:40~l:59~t:5,NA,Indiana,Fever,IND,Indiana Fever,Fever,NA,NA,https://a.espncdn.com/i/teamlogos/wnba/500/ind.png,losses,Losses,L,Losses,L,losses,14,14
2026,1,Eastern Conference,E,NA,5,s:40~l:59~t:5,NA,Indiana,Fever,IND,Indiana Fever,Fever,NA,NA,https://a.espncdn.com/i/teamlogos/wnba/500/ind.png,playoffSeed,Position,POS,Playoff Seed,SEED,playoffseed,2,2
2026,1,Eastern Conference,E,NA,5,s:40~l:59~t:5,NA,Indiana,Fever,IND,Indiana Fever,Fever,NA,NA,https://a.espncdn.com/i/teamlogos/wnba/500/ind.png,pointDifferential,Point Differential,DIFF,Point Differential,DIFF,pointdifferential,+242,242
2026,1,Eastern Conference,E,NA,5,s:40~l:59~t:5,NA,Indiana,Fever,IND,Indiana Fever,Fever,NA,NA,https://a.espncdn.com/i/teamlogos/wnba/500/ind.png,points,Points,PTS,Total Points,PTS,points,6.0,6
2026,1,Eastern Conference,E,NA,5,s:40~l:59~t:5,NA,Indiana,Fever,IND,Indiana Fever,Fever,NA,NA,https://a.espncdn.com/i/teamlogos/wnba/500/ind.png,pointsAgainst,Points Against,PA,Total Points Against,PA,pointsagainst,3638,3638
2026,1,Eastern Conference,E,NA,5,s:40~l:59~t:5,NA,Indiana,Fever,IND,Indiana Fever,Fever,NA,NA,https://a.espncdn.com/i/teamlogos/wnba/500/ind.png,pointsFor,Points For,PF,Total Points For,PF,pointsfor,3880,3880
2026,1,Eastern Conference,E,NA,5,s:40~l:59~t:5,NA,Indiana,Fever,IND,Indiana Fever,Fever,NA,NA,https://a.espncdn.com/i/teamlogos/wnba/500/ind.png,streak,Streak,STRK,Current Streak,STRK,streak,W2,2
2026,1,Eastern Conference,E,NA,5,s:40~l:59~t:5,NA,Indiana,Fever,IND,Indiana Fever,Fever,NA,NA,https://a.espncdn.com/i/teamlogos/wnba/500/ind.png,winPercent,Win Percentage,PCT,Winning Percentage,PCT,winpercent,.650,0.65
2026,1,Eastern Conference,E,NA,5,s:40~l:59~t:5,NA,Indiana,Fever,IND,Indiana Fever,Fever,NA,NA,https://a.espncdn.com/i/teamlogos/wnba/500/ind.png,wins,Wins,W,Wins,W,wins,26,26
2026,1,Eastern Conference,E,NA,5,s:40~l:59~t:5,NA,Indiana,Fever,IND,Indiana Fever,Fever,NA,NA,https://a.espncdn.com/i/teamlogos/wnba/500/ind.png,gamesAhead,Games Ahead,GA,Games Ahead,GA,gamesahead,-,0
2026,1,Eastern Conference,E,NA,5,s:40~l:59~t:5,NA,Indiana,Fever,IND,Indiana Fever,Fever,NA,NA,https://a.espncdn.com/i/teamlogos/wnba/500/ind.png,overall,Overall,OVER,Overall Record,Total,total,26-14,NA
2026,1,Eastern Conference,E,NA,5,s:40~l:59~t:5,NA,Indiana,Fever,IND,Indiana Fever,Fever,NA,NA,https://a.espncdn.com/i/teamlogos/wnba/500/ind.png,Home,Home,HOME,Home Record,NA,home,14-6,NA
2026,1,Eastern Conference,E,NA,5,s:40~l:59~t:5,NA,Indiana,Fever,IND,Indiana Fever,Fever,NA,NA,https://a.espncdn.com/i/teamlogos/wnba/500/ind.png,Road,Road,AWAY,Away Record,NA,road,12-8,NA
2026,1,Eastern Conference,E,NA,5,s:40~l:59~t:5,NA,Indiana,Fever,IND,Indiana Fever,Fever,NA,NA,https://a.espncdn.com/i/teamlogos/wnba/500/ind.png,vs. Div.,DIV,DIV,Division Record,NA,vsdiv,0-0,NA
2026,1,Eastern Conference,E,NA,5,s:40~l:59~t:5,NA,Indiana,Fever,IND,Indiana Fever,Fever,NA,NA,https://a.espncdn.com/i/teamlogos/wnba/500/ind.png,vs. Conf.,CONF,CONF,Conference Record,NA,vsconf,13-5,NA
2026,1,Eastern Conference,E,NA,5,s:40~l:59~t:5,NA,Indiana,Fever,IND,Indiana Fever,Fever,NA,NA,https://a.espncdn.com/i/teamlogos/wnba/500/ind.png,Last Ten Games,Last Ten Games,L10,Record last 10 games,Last Ten,lasttengames,7-3,NA
2026,1,Eastern Conference,E,NA,9,s:40~l:59~t:9,NA,New York,Liberty,NY,New York Liberty,Liberty,NA,NA,https://a.espncdn.com/i/teamlogos/wnba/500/ny.png,avgPointsAgainst,Opponent Points Per Game,OPP PPG,Opponent Points Per Game,OPP PPG,avgpointsagainst,86.9,86.85
2026,1,Eastern Conference,E,NA,9,s:40~l:59~t:9,NA,New York,Liberty,NY,New York Liberty,Liberty,NA,NA,https://a.espncdn.com/i/teamlogos/wnba/500/ny.png,avgPointsFor,Points Per Game,PPG,Points Per Game,PPG,avgpointsfor,89.8,89.825
2026,1,Eastern Conference,E,NA,9,s:40~l:59~t:9,NA,New York,Liberty,NY,New York Liberty,Liberty,NA,NA,https://a.espncdn.com/i/teamlogos/wnba/500/ny.png,clincher,Clincher,CLINCH,Clinched Playoff Berth and Won Commissioner's Cup,CLINCH,clincher,cx,8
2026,1,Eastern Conference,E,NA,9,s:40~l:59~t:9,NA,New York,Liberty,NY,New York Liberty,Liberty,NA,NA,https://a.espncdn.com/i/teamlogos/wnba/500/ny.png,differential,Average Point Differential,DIFF,Average Point Differential,DIFF,differential,+3.0,3
2026,1,Eastern Conference,E,NA,9,s:40~l:59~t:9,NA,New York,Liberty,NY,New York Liberty,Liberty,NA,NA,https://a.espncdn.com/i/teamlogos/wnba/500/ny.png,divisionWinPercent,Division Win Percentage,DPCT,Division Winning Percentage,DPCT,divisionwinpercent,0.000,0
2026,1,Eastern Conference,E,NA,9,s:40~l:59~t:9,NA,New York,Liberty,NY,New York Liberty,Liberty,NA,NA,https://a.espncdn.com/i/teamlogos/wnba/500/ny.png,gamesBehind,Games Back,GB,Games Back,GB,gamesbehind,2,2
2026,1,Eastern Conference,E,NA,9,s:40~l:59~t:9,NA,New York,Liberty,NY,New York Liberty,Liberty,NA,NA,https://a.espncdn.com/i/teamlogos/wnba/500/ny.png,leagueWinPercent,League Win Percentage,LPCT,League Winning Percentage,LPCT,leaguewinpercent,0.706,0.7058824
2026,1,Eastern Conference,E,NA,9,s:40~l:59~t:9,NA,New York,Liberty,NY,New York Liberty,Liberty,NA,NA,https://a.espncdn.com/i/teamlogos/wnba/500/ny.png,losses,Losses,L,Losses,L,losses,16,16
2026,1,Eastern Conference,E,NA,9,s:40~l:59~t:9,NA,New York,Liberty,NY,New York Liberty,Liberty,NA,NA,https://a.espncdn.com/i/teamlogos/wnba/500/ny.png,playoffSeed,Position,POS,Playoff Seed,SEED,playoffseed,3,3
2026,1,Eastern Conference,E,NA,9,s:40~l:59~t:9,NA,New York,Liberty,NY,New York Liberty,Liberty,NA,NA,https://a.espncdn.com/i/teamlogos/wnba/500/ny.png,pointDifferential,Point Differential,DIFF,Point Differential,DIFF,pointdifferential,+119,119
2026,1,Eastern Conference,E,NA,9,s:40~l:59~t:9,NA,New York,Liberty,NY,New York Liberty,Liberty,NA,NA,https://a.espncdn.com/i/teamlogos/wnba/500/ny.png,points,Points,PTS,Total Points,PTS,points,4.0,4
2026,1,Eastern Conference,E,NA,9,s:40~l:59~t:9,NA,New York,Liberty,NY,New York Liberty,Liberty,NA,NA,https://a.espncdn.com/i/teamlogos/wnba/500/ny.png,pointsAgainst,Points Against,PA,Total Points Against,PA,pointsagainst,3474,3474
2026,1,Eastern Conference,E,NA,9,s:40~l:59~t:9,NA,New York,Liberty,NY,New York Liberty,Liberty,NA,NA,https://a.espncdn.com/i/teamlogos/wnba/500/ny.png,pointsFor,Points For,PF,Total Points For,PF,pointsfor,3593,3593
2026,1,Eastern Conference,E,NA,9,s:40~l:59~t:9,NA,New York,Liberty,NY,New York Liberty,Liberty,NA,NA,https://a.espncdn.com/i/teamlogos/wnba/500/ny.png,streak,Streak,STRK,Current Streak,STRK,streak,W1,1
2026,1,Eastern Conference,E,NA,9,s:40~l:59~t:9,NA,New York,Liberty,NY,New York Liberty,Liberty,NA,NA,https://a.espncdn.com/i/teamlogos/wnba/500/ny.png,winPercent,Win Percentage,PCT,Winning Percentage,PCT,winpercent,.600,0.6
2026,1,Eastern Conference,E,NA,9,s:40~l:59~t:9,NA,New York,Liberty,NY,New York Liberty,Liberty,NA,NA,https://a.espncdn.com/i/teamlogos/wnba/500/ny.png,wins,Wins,W,Wins,W,wins,24,24
2026,1,Eastern Conference,E,NA,9,s:40~l:59~t:9,NA,New York,Liberty,NY,New York Liberty,Liberty,NA,NA,https://a.espncdn.com/i/teamlogos/wnba/500/ny.png,gamesAhead,Games Ahead,GA,Games Ahead,GA,gamesahead,-,0
2026,1,Eastern Conference,E,NA,9,s:40~l:59~t:9,NA,New York,Liberty,NY,New York Liberty,Liberty,NA,NA,https://a.espncdn.com/i/teamlogos/wnba/500/ny.png,overall,Overall,OVER,Overall Record,Total,total,24-16,NA
2026,1,Eastern Conference,E,NA,9,s:40~l:59~t:9,NA,New York,Liberty,NY,New York Liberty,Liberty,NA,NA,https://a.espncdn.com/i/teamlogos/wnba/500/ny.png,Home,Home,HOME,Home Record,NA,home,14-6,NA
2026,1,Eastern Conference,E,NA,9,s:40~l:59~t:9,NA,New York,Liberty,NY,New York Liberty,Liberty,NA,NA,https://a.espncdn.com/i/teamlogos/wnba/500/ny.png,Road,Road,AWAY,Away Record,NA,road,10-10,NA
2026,1,Eastern Conference,E,NA,9,s:40~l:59~t:9,NA,New York,Liberty,NY,New York Liberty,Liberty,NA,NA,https://a.espncdn.com/i/teamlogos/wnba/500/ny.png,vs. Div.,DIV,DIV,Division Record,NA,vsdiv,0-0,NA
2026,1,Eastern Conference,E,NA,9,s:40~l:59~t:9,NA,New York,Liberty,NY,New York Liberty,Liberty,NA,NA,https://a.espncdn.com/i/teamlogos/wnba/500/ny.png,vs. Conf.,CONF,CONF,Conference Record,NA,vsconf,12-5,NA
2026,1,Eastern Conference,E,NA,9,s:40~l:59~t:9,NA,New York,Liberty,NY,New York Liberty,Liberty,NA,NA,https://a.espncdn.com/i/teamlogos/wnba/500/ny.png,Last Ten Games,Last Ten Games,L10,Record last 10 games,Last Ten,lasttengames,7-3,NA
2026,1,Eastern Conference,E,NA,16,s:40~l:59~t:16,NA,Washington,Mystics,WSH,Washington Mystics,Mystics,NA,NA,https://a.espncdn.com/i/teamlogos/wnba/500/wsh.png,avgPointsAgainst,Opponent Points Per Game,OPP PPG,Opponent Points Per Game,OPP PPG,avgpointsagainst,83.0,83.025
2026,1,Eastern Conference,E,NA,16,s:40~l:59~t:16,NA,Washington,Mystics,WSH,Washington Mystics,Mystics,NA,NA,https://a.espncdn.com/i/teamlogos/wnba/500/wsh.png,avgPointsFor,Points Per Game,PPG,Points Per Game,PPG,avgpointsfor,82.8,82.825
2026,1,Eastern Conference,E,NA,16,s:40~l:59~t:16,NA,Washington,Mystics,WSH,Washington Mystics,Mystics,NA,NA,https://a.espncdn.com/i/teamlogos/wnba/500/wsh.png,clincher,Clincher,CLINCH,Clinched Playoff Berth,CLINCH,clincher,x,1
2026,1,Eastern Conference,E,NA,16,s:40~l:59~t:16,NA,Washington,Mystics,WSH,Washington Mystics,Mystics,NA,NA,https://a.espncdn.com/i/teamlogos/wnba/500/wsh.png,differential,Average Point Differential,DIFF,Average Point Differential,DIFF,differential,-0.2,-0.200000000000003
2026,1,Eastern Conference,E,NA,16,s:40~l:59~t:16,NA,Washington,Mystics,WSH,Washington Mystics,Mystics,NA,NA,https://a.espncdn.com/i/teamlogos/wnba/500/wsh.png,divisionWinPercent,Division Win Percentage,DPCT,Division Winning Percentage,DPCT,divisionwinpercent,0.000,0
2026,1,Eastern Conference,E,NA,16,s:40~l:59~t:16,NA,Washington,Mystics,WSH,Washington Mystics,Mystics,NA,NA,https://a.espncdn.com/i/teamlogos/wnba/500/wsh.png,gamesBehind,Games Back,GB,Games Back,GB,gamesbehind,2,2
2026,1,Eastern Conference,E,NA,16,s:40~l:59~t:16,NA,Washington,Mystics,WSH,Washington Mystics,Mystics,NA,NA,https://a.espncdn.com/i/teamlogos/wnba/500/wsh.png,leagueWinPercent,League Win Percentage,LPCT,League Winning Percentage,LPCT,leaguewinpercent,0.688,0.6875
2026,1,Eastern Conference,E,NA,16,s:40~l:59~t:16,NA,Washington,Mystics,WSH,Washington Mystics,Mystics,NA,NA,https://a.espncdn.com/i/teamlogos/wnba/500/wsh.png,losses,Losses,L,Losses,L,losses,16,16
2026,1,Eastern Conference,E,NA,16,s:40~l:59~t:16,NA,Washington,Mystics,WSH,Washington Mystics,Mystics,NA,NA,https://a.espncdn.com/i/teamlogos/wnba/500/wsh.png,playoffSeed,Position,POS,Playoff Seed,SEED,playoffseed,4,4
2026,1,Eastern Conference,E,NA,16,s:40~l:59~t:16,NA,Washington,Mystics,WSH,Washington Mystics,Mystics,NA,NA,https://a.espncdn.com/i/teamlogos/wnba/500/wsh.png,pointDifferential,Point Differential,DIFF,Point Differential,DIFF,pointdifferential,-8,-8
2026,1,Eastern Conference,E,NA,16,s:40~l:59~t:16,NA,Washington,Mystics,WSH,Washington Mystics,Mystics,NA,NA,https://a.espncdn.com/i/teamlogos/wnba/500/wsh.png,points,Points,PTS,Total Points,PTS,points,4.0,4
2026,1,Eastern Conference,E,NA,16,s:40~l:59~t:16,NA,Washington,Mystics,WSH,Washington Mystics,Mystics,NA,NA,https://a.espncdn.com/i/teamlogos/wnba/500/wsh.png,pointsAgainst,Points Against,PA,Total Points Against,PA,pointsagainst,3321,3321
2026,1,Eastern Conference,E,NA,16,s:40~l:59~t:16,NA,Washington,Mystics,WSH,Washington Mystics,Mystics,NA,NA,https://a.espncdn.com/i/teamlogos/wnba/500/wsh.png,pointsFor,Points For,PF,Total Points For,PF,pointsfor,3313,3313
2026,1,Eastern Conference,E,NA,16,s:40~l:59~t:16,NA,Washington,Mystics,WSH,Washington Mystics,Mystics,NA,NA,https://a.espncdn.com/i/teamlogos/wnba/500/wsh.png,streak,Streak,STRK,Current Streak,STRK,streak,L1,-1
2026,1,Eastern Conference,E,NA,16,s:40~l:59~t:16,NA,Washington,Mystics,WSH,Washington Mystics,Mystics,NA,NA,https://a.espncdn.com/i/teamlogos/wnba/500/wsh.png,winPercent,Win Percentage,PCT,Winning Percentage,PCT,winpercent,.600,0.6
2026,1,Eastern Conference,E,NA,16,s:40~l:59~t:16,NA,Washington,Mystics,WSH,Washington Mystics,Mystics,NA,NA,https://a.espncdn.com/i/teamlogos/wnba/500/wsh.png,wins,Wins,W,Wins,W,wins,24,24
2026,1,Eastern Conference,E,NA,16,s:40~l:59~t:16,NA,Washington,Mystics,WSH,Washington Mystics,Mystics,NA,NA,https://a.espncdn.com/i/teamlogos/wnba/500/wsh.png,gamesAhead,Games Ahead,GA,Games Ahead,GA,gamesahead,-,0
2026,1,Eastern Conference,E,NA,16,s:40~l:59~t:16,NA,Washington,Mystics,WSH,Washington Mystics,Mystics,NA,NA,https://a.espncdn.com/i/teamlogos/wnba/500/wsh.png,overall,Overall,OVER,Overall Record,Total,total,24-16,NA
2026,1,Eastern Conference,E,NA,16,s:40~l:59~t:16,NA,Washington,Mystics,WSH,Washington Mystics,Mystics,NA,NA,https://a.espncdn.com/i/teamlogos/wnba/500/wsh.png,Home,Home,HOME,Home Record,NA,home,13-7,NA
2026,1,Eastern Conference,E,NA,16,s:40~l:59~t:16,NA,Washington,Mystics,WSH,Washington Mystics,Mystics,NA,NA,https://a.espncdn.com/i/teamlogos/wnba/500/wsh.png,Road,Road,AWAY,Away Record,NA,road,11-9,NA
2026,1,Eastern Conference,E,NA,16,s:40~l:59~t:16,NA,Washington,Mystics,WSH,Washington Mystics,Mystics,NA,NA,https://a.espncdn.com/i/teamlogos/wnba/500/wsh.png,vs. Div.,DIV,DIV,Division Record,NA,vsdiv,0-0,NA
2026,1,Eastern Conference,E,NA,16,s:40~l:59~t:16,NA,Washington,Mystics,WSH,Washington Mystics,Mystics,NA,NA,https://a.espncdn.com/i/teamlogos/wnba/500/wsh.png,vs. Conf.,CONF,CONF,Conference Record,NA,vsconf,11-5,NA
2026,1,Eastern Conference,E,NA,16,s:40~l:59~t:16,NA,Washington,Mystics,WSH,Washington Mystics,Mystics,NA,NA,https://a.espncdn.com/i/teamlogos/wnba/500/wsh.png,Last Ten Games,Last Ten Games,L10,Record last 10 games,Last Ten,lasttengames,6-4,NA
2026,1,Eastern Conference,E,NA,19,s:40~l:59~t:19,NA,Chicago,Sky,CHI,Chicago Sky,Sky,NA,NA,https://a.espncdn.com/i/teamlogos/wnba/500/chi.png,avgPointsAgainst,Opponent Points Per Game,OPP PPG,Opponent Points Per Game,OPP PPG,avgpointsagainst,89.7,89.675
2026,1,Eastern Conference,E,NA,19,s:40~l:59~t:19,NA,Chicago,Sky,CHI,Chicago Sky,Sky,NA,NA,https://a.espncdn.com/i/teamlogos/wnba/500/chi.png,avgPointsFor,Points Per Game,PPG,Points Per Game,PPG,avgpointsfor,86.7,86.675
2026,1,Eastern Conference,E,NA,19,s:40~l:59~t:19,NA,Chicago,Sky,CHI,Chicago Sky,Sky,NA,NA,https://a.espncdn.com/i/teamlogos/wnba/500/chi.png,clincher,Clincher,CLINCH,Eliminated From Playoffs,CLINCH,clincher,e,4
2026,1,Eastern Conference,E,NA,19,s:40~l:59~t:19,NA,Chicago,Sky,CHI,Chicago Sky,Sky,NA,NA,https://a.espncdn.com/i/teamlogos/wnba/500/chi.png,differential,Average Point Differential,DIFF,Average Point Differential,DIFF,differential,-3.0,-3
2026,1,Eastern Conference,E,NA,19,s:40~l:59~t:19,NA,Chicago,Sky,CHI,Chicago Sky,Sky,NA,NA,https://a.espncdn.com/i/teamlogos/wnba/500/chi.png,divisionWinPercent,Division Win Percentage,DPCT,Division Winning Percentage,DPCT,divisionwinpercent,0.000,0
2026,1,Eastern Conference,E,NA,19,s:40~l:59~t:19,NA,Chicago,Sky,CHI,Chicago Sky,Sky,NA,NA,https://a.espncdn.com/i/teamlogos/wnba/500/chi.png,gamesBehind,Games Back,GB,Games Back,GB,gamesbehind,11,11
2026,1,Eastern Conference,E,NA,19,s:40~l:59~t:19,NA,Chicago,Sky,CHI,Chicago Sky,Sky,NA,NA,https://a.espncdn.com/i/teamlogos/wnba/500/chi.png,leagueWinPercent,League Win Percentage,LPCT,League Winning Percentage,LPCT,leaguewinpercent,0.188,0.1875
2026,1,Eastern Conference,E,NA,19,s:40~l:59~t:19,NA,Chicago,Sky,CHI,Chicago Sky,Sky,NA,NA,https://a.espncdn.com/i/teamlogos/wnba/500/chi.png,losses,Losses,L,Losses,L,losses,25,25
2026,1,Eastern Conference,E,NA,19,s:40~l:59~t:19,NA,Chicago,Sky,CHI,Chicago Sky,Sky,NA,NA,https://a.espncdn.com/i/teamlogos/wnba/500/chi.png,playoffSeed,Position,POS,Playoff Seed,SEED,playoffseed,5,5
2026,1,Eastern Conference,E,NA,19,s:40~l:59~t:19,NA,Chicago,Sky,CHI,Chicago Sky,Sky,NA,NA,https://a.espncdn.com/i/teamlogos/wnba/500/chi.png,pointDifferential,Point Differential,DIFF,Point Differential,DIFF,pointdifferential,-120,-120
2026,1,Eastern Conference,E,NA,19,s:40~l:59~t:19,NA,Chicago,Sky,CHI,Chicago Sky,Sky,NA,NA,https://a.espncdn.com/i/teamlogos/wnba/500/chi.png,points,Points,PTS,Total Points,PTS,points,-5.0,-5
2026,1,Eastern Conference,E,NA,19,s:40~l:59~t:19,NA,Chicago,Sky,CHI,Chicago Sky,Sky,NA,NA,https://a.espncdn.com/i/teamlogos/wnba/500/chi.png,pointsAgainst,Points Against,PA,Total Points Against,PA,pointsagainst,3587,3587
2026,1,Eastern Conference,E,NA,19,s:40~l:59~t:19,NA,Chicago,Sky,CHI,Chicago Sky,Sky,NA,NA,https://a.espncdn.com/i/teamlogos/wnba/500/chi.png,pointsFor,Points For,PF,Total Points For,PF,pointsfor,3467,3467
2026,1,Eastern Conference,E,NA,19,s:40~l:59~t:19,NA,Chicago,Sky,CHI,Chicago Sky,Sky,NA,NA,https://a.espncdn.com/i/teamlogos/wnba/500/chi.png,streak,Streak,STRK,Current Streak,STRK,streak,L3,-3
2026,1,Eastern Conference,E,NA,19,s:40~l:59~t:19,NA,Chicago,Sky,CHI,Chicago Sky,Sky,NA,NA,https://a.espncdn.com/i/teamlogos/wnba/500/chi.png,winPercent,Win Percentage,PCT,Winning Percentage,PCT,winpercent,.375,0.375
2026,1,Eastern Conference,E,NA,19,s:40~l:59~t:19,NA,Chicago,Sky,CHI,Chicago Sky,Sky,NA,NA,https://a.espncdn.com/i/teamlogos/wnba/500/chi.png,wins,Wins,W,Wins,W,wins,15,15
2026,1,Eastern Conference,E,NA,19,s:40~l:59~t:19,NA,Chicago,Sky,CHI,Chicago Sky,Sky,NA,NA,https://a.espncdn.com/i/teamlogos/wnba/500/chi.png,gamesAhead,Games Ahead,GA,Games Ahead,GA,gamesahead,-,0
2026,1,Eastern Conference,E,NA,19,s:40~l:59~t:19,NA,Chicago,Sky,CHI,Chicago Sky,Sky,NA,NA,https://a.espncdn.com/i/teamlogos/wnba/500/chi.png,overall,Overall,OVER,Overall Record,Total,total,15-25,NA
2026,1,Eastern Conference,E,NA,19,s:40~l:59~t:19,NA,Chicago,Sky,CHI,Chicago Sky,Sky,NA,NA,https://a.espncdn.com/i/teamlogos/wnba/500/chi.png,Home,Home,HOME,Home Record,NA,home,10-10,NA
2026,1,Eastern Conference,E,NA,19,s:40~l:59~t:19,NA,Chicago,Sky,CHI,Chicago Sky,Sky,NA,NA,https://a.espncdn.com/i/teamlogos/wnba/500/chi.png,Road,Road,AWAY,Away Record,NA,road,5-15,NA
2026,1,Eastern Conference,E,NA,19,s:40~l:59~t:19,NA,Chicago,Sky,CHI,Chicago Sky,Sky,NA,NA,https://a.espncdn.com/i/teamlogos/wnba/500/chi.png,vs. Div.,DIV,DIV,Division Record,NA,vsdiv,0-0,NA
2026,1,Eastern Conference,E,NA,19,s:40~l:59~t:19,NA,Chicago,Sky,CHI,Chicago Sky,Sky,NA,NA,https://a.espncdn.com/i/teamlogos/wnba/500/chi.png,vs. Conf.,CONF,CONF,Conference Record,NA,vsconf,3-13,NA
2026,1,Eastern Conference,E,NA,19,s:40~l:59~t:19,NA,Chicago,Sky,CHI,Chicago Sky,Sky,NA,NA,https://a.espncdn.com/i/teamlogos/wnba/500/chi.png,Last Ten Games,Last Ten Games,L10,Record last 10 games,Last Ten,lasttengames,4-6,NA
2026,1,Eastern Conference,E,NA,131935,s:40~l:59~t:131935,NA,Toronto,Tempo,TOR,Toronto Tempo,Tempo,NA,NA,https://a.espncdn.com/i/teamlogos/wnba/500/tor.png,avgPointsAgainst,Opponent Points Per Game,OPP PPG,Opponent Points Per Game,OPP PPG,avgpointsagainst,93.8,93.775
2026,1,Eastern Conference,E,NA,131935,s:40~l:59~t:131935,NA,Toronto,Tempo,TOR,Toronto Tempo,Tempo,NA,NA,https://a.espncdn.com/i/teamlogos/wnba/500/tor.png,avgPointsFor,Points Per Game,PPG,Points Per Game,PPG,avgpointsfor,86.2,86.225
2026,1,Eastern Conference,E,NA,131935,s:40~l:59~t:131935,NA,Toronto,Tempo,TOR,Toronto Tempo,Tempo,NA,NA,https://a.espncdn.com/i/teamlogos/wnba/500/tor.png,clincher,Clincher,CLINCH,Eliminated From Playoffs,CLINCH,clincher,e,4
2026,1,Eastern Conference,E,NA,131935,s:40~l:59~t:131935,NA,Toronto,Tempo,TOR,Toronto Tempo,Tempo,NA,NA,https://a.espncdn.com/i/teamlogos/wnba/500/tor.png,differential,Average Point Differential,DIFF,Average Point Differential,DIFF,differential,-7.6,-7.59999999999999
2026,1,Eastern Conference,E,NA,131935,s:40~l:59~t:131935,NA,Toronto,Tempo,TOR,Toronto Tempo,Tempo,NA,NA,https://a.espncdn.com/i/teamlogos/wnba/500/tor.png,divisionWinPercent,Division Win Percentage,DPCT,Division Winning Percentage,DPCT,divisionwinpercent,0.000,0
2026,1,Eastern Conference,E,NA,131935,s:40~l:59~t:131935,NA,Toronto,Tempo,TOR,Toronto Tempo,Tempo,NA,NA,https://a.espncdn.com/i/teamlogos/wnba/500/tor.png,gamesBehind,Games Back,GB,Games Back,GB,gamesbehind,15,15
2026,1,Eastern Conference,E,NA,131935,s:40~l:59~t:131935,NA,Toronto,Tempo,TOR,Toronto Tempo,Tempo,NA,NA,https://a.espncdn.com/i/teamlogos/wnba/500/tor.png,leagueWinPercent,League Win Percentage,LPCT,League Winning Percentage,LPCT,leaguewinpercent,0.313,0.3125
2026,1,Eastern Conference,E,NA,131935,s:40~l:59~t:131935,NA,Toronto,Tempo,TOR,Toronto Tempo,Tempo,NA,NA,https://a.espncdn.com/i/teamlogos/wnba/500/tor.png,losses,Losses,L,Losses,L,losses,29,29
2026,1,Eastern Conference,E,NA,131935,s:40~l:59~t:131935,NA,Toronto,Tempo,TOR,Toronto Tempo,Tempo,NA,NA,https://a.espncdn.com/i/teamlogos/wnba/500/tor.png,playoffSeed,Position,POS,Playoff Seed,SEED,playoffseed,6,6
2026,1,Eastern Conference,E,NA,131935,s:40~l:59~t:131935,NA,Toronto,Tempo,TOR,Toronto Tempo,Tempo,NA,NA,https://a.espncdn.com/i/teamlogos/wnba/500/tor.png,pointDifferential,Point Differential,DIFF,Point Differential,DIFF,pointdifferential,-302,-302
2026,1,Eastern Conference,E,NA,131935,s:40~l:59~t:131935,NA,Toronto,Tempo,TOR,Toronto Tempo,Tempo,NA,NA,https://a.espncdn.com/i/teamlogos/wnba/500/tor.png,points,Points,PTS,Total Points,PTS,points,-9.0,-9
2026,1,Eastern Conference,E,NA,131935,s:40~l:59~t:131935,NA,Toronto,Tempo,TOR,Toronto Tempo,Tempo,NA,NA,https://a.espncdn.com/i/teamlogos/wnba/500/tor.png,pointsAgainst,Points Against,PA,Total Points Against,PA,pointsagainst,3751,3751
2026,1,Eastern Conference,E,NA,131935,s:40~l:59~t:131935,NA,Toronto,Tempo,TOR,Toronto Tempo,Tempo,NA,NA,https://a.espncdn.com/i/teamlogos/wnba/500/tor.png,pointsFor,Points For,PF,Total Points For,PF,pointsfor,3449,3449
2026,1,Eastern Conference,E,NA,131935,s:40~l:59~t:131935,NA,Toronto,Tempo,TOR,Toronto Tempo,Tempo,NA,NA,https://a.espncdn.com/i/teamlogos/wnba/500/tor.png,streak,Streak,STRK,Current Streak,STRK,streak,L4,-4
2026,1,Eastern Conference,E,NA,131935,s:40~l:59~t:131935,NA,Toronto,Tempo,TOR,Toronto Tempo,Tempo,NA,NA,https://a.espncdn.com/i/teamlogos/wnba/500/tor.png,winPercent,Win Percentage,PCT,Winning Percentage,PCT,winpercent,.275,0.275
2026,1,Eastern Conference,E,NA,131935,s:40~l:59~t:131935,NA,Toronto,Tempo,TOR,Toronto Tempo,Tempo,NA,NA,https://a.espncdn.com/i/teamlogos/wnba/500/tor.png,wins,Wins,W,Wins,W,wins,11,11
2026,1,Eastern Conference,E,NA,131935,s:40~l:59~t:131935,NA,Toronto,Tempo,TOR,Toronto Tempo,Tempo,NA,NA,https://a.espncdn.com/i/teamlogos/wnba/500/tor.png,gamesAhead,Games Ahead,GA,Games Ahead,GA,gamesahead,-,0
2026,1,Eastern Conference,E,NA,131935,s:40~l:59~t:131935,NA,Toronto,Tempo,TOR,Toronto Tempo,Tempo,NA,NA,https://a.espncdn.com/i/teamlogos/wnba/500/tor.png,overall,Overall,OVER,Overall Record,Total,total,11-29,NA
2026,1,Eastern Conference,E,NA,131935,s:40~l:59~t:131935,NA,Toronto,Tempo,TOR,Toronto Tempo,Tempo,NA,NA,https://a.espncdn.com/i/teamlogos/wnba/500/tor.png,Home,Home,HOME,Home Record,NA,home,7-13,NA
2026,1,Eastern Conference,E,NA,131935,s:40~l:59~t:131935,NA,Toronto,Tempo,TOR,Toronto Tempo,Tempo,NA,NA,https://a.espncdn.com/i/teamlogos/wnba/500/tor.png,Road,Road,AWAY,Away Record,NA,road,4-16,NA
2026,1,Eastern Conference,E,NA,131935,s:40~l:59~t:131935,NA,Toronto,Tempo,TOR,Toronto Tempo,Tempo,NA,NA,https://a.espncdn.com/i/teamlogos/wnba/500/tor.png,vs. Div.,DIV,DIV,Division Record,NA,vsdiv,0-0,NA
2026,1,Eastern Conference,E,NA,131935,s:40~l:59~t:131935,NA,Toronto,Tempo,TOR,Toronto Tempo,Tempo,NA,NA,https://a.espncdn.com/i/teamlogos/wnba/500/tor.png,vs. Conf.,CONF,CONF,Conference Record,NA,vsconf,5-11,NA
2026,1,Eastern Conference,E,NA,131935,s:40~l:59~t:131935,NA,Toronto,Tempo,TOR,Toronto Tempo,Tempo,NA,NA,https://a.espncdn.com/i/teamlogos/wnba/500/tor.png,Last Ten Games,Last Ten Games,L10,Record last 10 games,Last Ten,lasttengames,1-9,NA
2026,1,Eastern Conference,E,NA,18,s:40~l:59~t:18,NA,Connecticut,Sun,CON,Connecticut Sun,Sun,NA,NA,https://a.espncdn.com/i/teamlogos/wnba/500/con.png,avgPointsAgainst,Opponent Points Per Game,OPP PPG,Opponent Points Per Game,OPP PPG,avgpointsagainst,87.8,87.775
2026,1,Eastern Conference,E,NA,18,s:40~l:59~t:18,NA,Connecticut,Sun,CON,Connecticut Sun,Sun,NA,NA,https://a.espncdn.com/i/teamlogos/wnba/500/con.png,avgPointsFor,Points Per Game,PPG,Points Per Game,PPG,avgpointsfor,79.0,78.95
2026,1,Eastern Conference,E,NA,18,s:40~l:59~t:18,NA,Connecticut,Sun,CON,Connecticut Sun,Sun,NA,NA,https://a.espncdn.com/i/teamlogos/wnba/500/con.png,clincher,Clincher,CLINCH,Eliminated From Playoffs,CLINCH,clincher,e,4
2026,1,Eastern Conference,E,NA,18,s:40~l:59~t:18,NA,Connecticut,Sun,CON,Connecticut Sun,Sun,NA,NA,https://a.espncdn.com/i/teamlogos/wnba/500/con.png,differential,Average Point Differential,DIFF,Average Point Differential,DIFF,differential,-8.9,-8.89999999999999
2026,1,Eastern Conference,E,NA,18,s:40~l:59~t:18,NA,Connecticut,Sun,CON,Connecticut Sun,Sun,NA,NA,https://a.espncdn.com/i/teamlogos/wnba/500/con.png,divisionWinPercent,Division Win Percentage,DPCT,Division Winning Percentage,DPCT,divisionwinpercent,0.000,0
2026,1,Eastern Conference,E,NA,18,s:40~l:59~t:18,NA,Connecticut,Sun,CON,Connecticut Sun,Sun,NA,NA,https://a.espncdn.com/i/teamlogos/wnba/500/con.png,gamesBehind,Games Back,GB,Games Back,GB,gamesbehind,16,16
2026,1,Eastern Conference,E,NA,18,s:40~l:59~t:18,NA,Connecticut,Sun,CON,Connecticut Sun,Sun,NA,NA,https://a.espncdn.com/i/teamlogos/wnba/500/con.png,leagueWinPercent,League Win Percentage,LPCT,League Winning Percentage,LPCT,leaguewinpercent,0.176,0.1764706
2026,1,Eastern Conference,E,NA,18,s:40~l:59~t:18,NA,Connecticut,Sun,CON,Connecticut Sun,Sun,NA,NA,https://a.espncdn.com/i/teamlogos/wnba/500/con.png,losses,Losses,L,Losses,L,losses,30,30
2026,1,Eastern Conference,E,NA,18,s:40~l:59~t:18,NA,Connecticut,Sun,CON,Connecticut Sun,Sun,NA,NA,https://a.espncdn.com/i/teamlogos/wnba/500/con.png,playoffSeed,Position,POS,Playoff Seed,SEED,playoffseed,7,7
2026,1,Eastern Conference,E,NA,18,s:40~l:59~t:18,NA,Connecticut,Sun,CON,Connecticut Sun,Sun,NA,NA,https://a.espncdn.com/i/teamlogos/wnba/500/con.png,pointDifferential,Point Differential,DIFF,Point Differential,DIFF,pointdifferential,-353,-353
2026,1,Eastern Conference,E,NA,18,s:40~l:59~t:18,NA,Connecticut,Sun,CON,Connecticut Sun,Sun,NA,NA,https://a.espncdn.com/i/teamlogos/wnba/500/con.png,points,Points,PTS,Total Points,PTS,points,-10.0,-10
2026,1,Eastern Conference,E,NA,18,s:40~l:59~t:18,NA,Connecticut,Sun,CON,Connecticut Sun,Sun,NA,NA,https://a.espncdn.com/i/teamlogos/wnba/500/con.png,pointsAgainst,Points Against,PA,Total Points Against,PA,pointsagainst,3511,3511
2026,1,Eastern Conference,E,NA,18,s:40~l:59~t:18,NA,Connecticut,Sun,CON,Connecticut Sun,Sun,NA,NA,https://a.espncdn.com/i/teamlogos/wnba/500/con.png,pointsFor,Points For,PF,Total Points For,PF,pointsfor,3158,3158
2026,1,Eastern Conference,E,NA,18,s:40~l:59~t:18,NA,Connecticut,Sun,CON,Connecticut Sun,Sun,NA,NA,https://a.espncdn.com/i/teamlogos/wnba/500/con.png,streak,Streak,STRK,Current Streak,STRK,streak,L3,-3
2026,1,Eastern Conference,E,NA,18,s:40~l:59~t:18,NA,Connecticut,Sun,CON,Connecticut Sun,Sun,NA,NA,https://a.espncdn.com/i/teamlogos/wnba/500/con.png,winPercent,Win Percentage,PCT,Winning Percentage,PCT,winpercent,.250,0.25
2026,1,Eastern Conference,E,NA,18,s:40~l:59~t:18,NA,Connecticut,Sun,CON,Connecticut Sun,Sun,NA,NA,https://a.espncdn.com/i/teamlogos/wnba/500/con.png,wins,Wins,W,Wins,W,wins,10,10
2026,1,Eastern Conference,E,NA,18,s:40~l:59~t:18,NA,Connecticut,Sun,CON,Connecticut Sun,Sun,NA,NA,https://a.espncdn.com/i/teamlogos/wnba/500/con.png,gamesAhead,Games Ahead,GA,Games Ahead,GA,gamesahead,-,0
2026,1,Eastern Conference,E,NA,18,s:40~l:59~t:18,NA,Connecticut,Sun,CON,Connecticut Sun,Sun,NA,NA,https://a.espncdn.com/i/teamlogos/wnba/500/con.png,overall,Overall,OVER,Overall Record,Total,total,10-30,NA
2026,1,Eastern Conference,E,NA,18,s:40~l:59~t:18,NA,Connecticut,Sun,CON,Connecticut Sun,Sun,NA,NA,https://a.espncdn.com/i/teamlogos/wnba/500/con.png,Home,Home,HOME,Home Record,NA,home,7-13,NA
2026,1,Eastern Conference,E,NA,18,s:40~l:59~t:18,NA,Connecticut,Sun,CON,Connecticut Sun,Sun,NA,NA,https://a.espncdn.com/i/teamlogos/wnba/500/con.png,Road,Road,AWAY,Away Record,NA,road,3-17,NA
2026,1,Eastern Conference,E,NA,18,s:40~l:59~t:18,NA,Connecticut,Sun,CON,Connecticut Sun,Sun,NA,NA,https://a.espncdn.com/i/teamlogos/wnba/500/con.png,vs. Div.,DIV,DIV,Division Record,NA,vsdiv,0-0,NA
2026,1,Eastern Conference,E,NA,18,s:40~l:59~t:18,NA,Connecticut,Sun,CON,Connecticut Sun,Sun,NA,NA,https://a.espncdn.com/i/teamlogos/wnba/500/con.png,vs. Conf.,CONF,CONF,Conference Record,NA,vsconf,3-14,NA
2026,1,Eastern Conference,E,NA,18,s:40~l:59~t:18,NA,Connecticut,Sun,CON,Connecticut Sun,Sun,NA,NA,https://a.espncdn.com/i/teamlogos/wnba/500/con.png,Last Ten Games,Last Ten Games,L10,Record last 10 games,Last Ten,lasttengames,3-7,NA
2026,2,Western Conference,W,NA,8,s:40~l:59~t:8,NA,Minnesota,Lynx,MIN,Minnesota Lynx,Lynx,NA,NA,https://a.espncdn.com/i/teamlogos/wnba/500/min.png,avgPointsAgainst,Opponent Points Per Game,OPP PPG,Opponent Points Per Game,OPP PPG,avgpointsagainst,83.4,83.425
2026,2,Western Conference,W,NA,8,s:40~l:59~t:8,NA,Minnesota,Lynx,MIN,Minnesota Lynx,Lynx,NA,NA,https://a.espncdn.com/i/teamlogos/wnba/500/min.png,avgPointsFor,Points Per Game,PPG,Points Per Game,PPG,avgpointsfor,91.3,91.3
2026,2,Western Conference,W,NA,8,s:40~l:59~t:8,NA,Minnesota,Lynx,MIN,Minnesota Lynx,Lynx,NA,NA,https://a.espncdn.com/i/teamlogos/wnba/500/min.png,clincher,Clincher,CLINCH,Clinched Playoff Berth,CLINCH,clincher,x,1
2026,2,Western Conference,W,NA,8,s:40~l:59~t:8,NA,Minnesota,Lynx,MIN,Minnesota Lynx,Lynx,NA,NA,https://a.espncdn.com/i/teamlogos/wnba/500/min.png,differential,Average Point Differential,DIFF,Average Point Differential,DIFF,differential,+7.9,7.89999999999999
2026,2,Western Conference,W,NA,8,s:40~l:59~t:8,NA,Minnesota,Lynx,MIN,Minnesota Lynx,Lynx,NA,NA,https://a.espncdn.com/i/teamlogos/wnba/500/min.png,divisionWinPercent,Division Win Percentage,DPCT,Division Winning Percentage,DPCT,divisionwinpercent,0.000,0
2026,2,Western Conference,W,NA,8,s:40~l:59~t:8,NA,Minnesota,Lynx,MIN,Minnesota Lynx,Lynx,NA,NA,https://a.espncdn.com/i/teamlogos/wnba/500/min.png,gamesBehind,Games Back,GB,Games Back,GB,gamesbehind,-,0
2026,2,Western Conference,W,NA,8,s:40~l:59~t:8,NA,Minnesota,Lynx,MIN,Minnesota Lynx,Lynx,NA,NA,https://a.espncdn.com/i/teamlogos/wnba/500/min.png,leagueWinPercent,League Win Percentage,LPCT,League Winning Percentage,LPCT,leaguewinpercent,0.870,0.8695652
2026,2,Western Conference,W,NA,8,s:40~l:59~t:8,NA,Minnesota,Lynx,MIN,Minnesota Lynx,Lynx,NA,NA,https://a.espncdn.com/i/teamlogos/wnba/500/min.png,losses,Losses,L,Losses,L,losses,9,9
2026,2,Western Conference,W,NA,8,s:40~l:59~t:8,NA,Minnesota,Lynx,MIN,Minnesota Lynx,Lynx,NA,NA,https://a.espncdn.com/i/teamlogos/wnba/500/min.png,playoffSeed,Position,POS,Playoff Seed,SEED,playoffseed,1,1
2026,2,Western Conference,W,NA,8,s:40~l:59~t:8,NA,Minnesota,Lynx,MIN,Minnesota Lynx,Lynx,NA,NA,https://a.espncdn.com/i/teamlogos/wnba/500/min.png,pointDifferential,Point Differential,DIFF,Point Differential,DIFF,pointdifferential,+315,315
2026,2,Western Conference,W,NA,8,s:40~l:59~t:8,NA,Minnesota,Lynx,MIN,Minnesota Lynx,Lynx,NA,NA,https://a.espncdn.com/i/teamlogos/wnba/500/min.png,points,Points,PTS,Total Points,PTS,points,11.0,11
2026,2,Western Conference,W,NA,8,s:40~l:59~t:8,NA,Minnesota,Lynx,MIN,Minnesota Lynx,Lynx,NA,NA,https://a.espncdn.com/i/teamlogos/wnba/500/min.png,pointsAgainst,Points Against,PA,Total Points Against,PA,pointsagainst,3337,3337
2026,2,Western Conference,W,NA,8,s:40~l:59~t:8,NA,Minnesota,Lynx,MIN,Minnesota Lynx,Lynx,NA,NA,https://a.espncdn.com/i/teamlogos/wnba/500/min.png,pointsFor,Points For,PF,Total Points For,PF,pointsfor,3652,3652
2026,2,Western Conference,W,NA,8,s:40~l:59~t:8,NA,Minnesota,Lynx,MIN,Minnesota Lynx,Lynx,NA,NA,https://a.espncdn.com/i/teamlogos/wnba/500/min.png,streak,Streak,STRK,Current Streak,STRK,streak,L2,-2
2026,2,Western Conference,W,NA,8,s:40~l:59~t:8,NA,Minnesota,Lynx,MIN,Minnesota Lynx,Lynx,NA,NA,https://a.espncdn.com/i/teamlogos/wnba/500/min.png,winPercent,Win Percentage,PCT,Winning Percentage,PCT,winpercent,.775,0.775
2026,2,Western Conference,W,NA,8,s:40~l:59~t:8,NA,Minnesota,Lynx,MIN,Minnesota Lynx,Lynx,NA,NA,https://a.espncdn.com/i/teamlogos/wnba/500/min.png,wins,Wins,W,Wins,W,wins,31,31
2026,2,Western Conference,W,NA,8,s:40~l:59~t:8,NA,Minnesota,Lynx,MIN,Minnesota Lynx,Lynx,NA,NA,https://a.espncdn.com/i/teamlogos/wnba/500/min.png,gamesAhead,Games Ahead,GA,Games Ahead,GA,gamesahead,-,0
2026,2,Western Conference,W,NA,8,s:40~l:59~t:8,NA,Minnesota,Lynx,MIN,Minnesota Lynx,Lynx,NA,NA,https://a.espncdn.com/i/teamlogos/wnba/500/min.png,overall,Overall,OVER,Overall Record,Total,total,31-9,NA
2026,2,Western Conference,W,NA,8,s:40~l:59~t:8,NA,Minnesota,Lynx,MIN,Minnesota Lynx,Lynx,NA,NA,https://a.espncdn.com/i/teamlogos/wnba/500/min.png,Home,Home,HOME,Home Record,NA,home,14-6,NA
2026,2,Western Conference,W,NA,8,s:40~l:59~t:8,NA,Minnesota,Lynx,MIN,Minnesota Lynx,Lynx,NA,NA,https://a.espncdn.com/i/teamlogos/wnba/500/min.png,Road,Road,AWAY,Away Record,NA,road,17-3,NA
2026,2,Western Conference,W,NA,8,s:40~l:59~t:8,NA,Minnesota,Lynx,MIN,Minnesota Lynx,Lynx,NA,NA,https://a.espncdn.com/i/teamlogos/wnba/500/min.png,vs. Div.,DIV,DIV,Division Record,NA,vsdiv,0-0,NA
2026,2,Western Conference,W,NA,8,s:40~l:59~t:8,NA,Minnesota,Lynx,MIN,Minnesota Lynx,Lynx,NA,NA,https://a.espncdn.com/i/teamlogos/wnba/500/min.png,vs. Conf.,CONF,CONF,Conference Record,NA,vsconf,20-3,NA
2026,2,Western Conference,W,NA,8,s:40~l:59~t:8,NA,Minnesota,Lynx,MIN,Minnesota Lynx,Lynx,NA,NA,https://a.espncdn.com/i/teamlogos/wnba/500/min.png,Last Ten Games,Last Ten Games,L10,Record last 10 games,Last Ten,lasttengames,7-3,NA
2026,2,Western Conference,W,NA,129689,s:40~l:59~t:129689,NA,Golden State,Valkyries,GS,Golden State Valkyries,Valkyries,NA,NA,https://a.espncdn.com/i/teamlogos/wnba/500/gs.png,avgPointsAgainst,Opponent Points Per Game,OPP PPG,Opponent Points Per Game,OPP PPG,avgpointsagainst,75.4,75.425
2026,2,Western Conference,W,NA,129689,s:40~l:59~t:129689,NA,Golden State,Valkyries,GS,Golden State Valkyries,Valkyries,NA,NA,https://a.espncdn.com/i/teamlogos/wnba/500/gs.png,avgPointsFor,Points Per Game,PPG,Points Per Game,PPG,avgpointsfor,82.6,82.625
2026,2,Western Conference,W,NA,129689,s:40~l:59~t:129689,NA,Golden State,Valkyries,GS,Golden State Valkyries,Valkyries,NA,NA,https://a.espncdn.com/i/teamlogos/wnba/500/gs.png,clincher,Clincher,CLINCH,Clinched Playoff Berth,CLINCH,clincher,x,1
2026,2,Western Conference,W,NA,129689,s:40~l:59~t:129689,NA,Golden State,Valkyries,GS,Golden State Valkyries,Valkyries,NA,NA,https://a.espncdn.com/i/teamlogos/wnba/500/gs.png,differential,Average Point Differential,DIFF,Average Point Differential,DIFF,differential,+7.2,7.19999999999999
2026,2,Western Conference,W,NA,129689,s:40~l:59~t:129689,NA,Golden State,Valkyries,GS,Golden State Valkyries,Valkyries,NA,NA,https://a.espncdn.com/i/teamlogos/wnba/500/gs.png,divisionWinPercent,Division Win Percentage,DPCT,Division Winning Percentage,DPCT,divisionwinpercent,0.000,0
2026,2,Western Conference,W,NA,129689,s:40~l:59~t:129689,NA,Golden State,Valkyries,GS,Golden State Valkyries,Valkyries,NA,NA,https://a.espncdn.com/i/teamlogos/wnba/500/gs.png,gamesBehind,Games Back,GB,Games Back,GB,gamesbehind,2,2
2026,2,Western Conference,W,NA,129689,s:40~l:59~t:129689,NA,Golden State,Valkyries,GS,Golden State Valkyries,Valkyries,NA,NA,https://a.espncdn.com/i/teamlogos/wnba/500/gs.png,leagueWinPercent,League Win Percentage,LPCT,League Winning Percentage,LPCT,leaguewinpercent,0.632,0.6315789
2026,2,Western Conference,W,NA,129689,s:40~l:59~t:129689,NA,Golden State,Valkyries,GS,Golden State Valkyries,Valkyries,NA,NA,https://a.espncdn.com/i/teamlogos/wnba/500/gs.png,losses,Losses,L,Losses,L,losses,11,11
2026,2,Western Conference,W,NA,129689,s:40~l:59~t:129689,NA,Golden State,Valkyries,GS,Golden State Valkyries,Valkyries,NA,NA,https://a.espncdn.com/i/teamlogos/wnba/500/gs.png,playoffSeed,Position,POS,Playoff Seed,SEED,playoffseed,2,2
2026,2,Western Conference,W,NA,129689,s:40~l:59~t:129689,NA,Golden State,Valkyries,GS,Golden State Valkyries,Valkyries,NA,NA,https://a.espncdn.com/i/teamlogos/wnba/500/gs.png,pointDifferential,Point Differential,DIFF,Point Differential,DIFF,pointdifferential,+288,288
2026,2,Western Conference,W,NA,129689,s:40~l:59~t:129689,NA,Golden State,Valkyries,GS,Golden State Valkyries,Valkyries,NA,NA,https://a.espncdn.com/i/teamlogos/wnba/500/gs.png,points,Points,PTS,Total Points,PTS,points,9.0,9
2026,2,Western Conference,W,NA,129689,s:40~l:59~t:129689,NA,Golden State,Valkyries,GS,Golden State Valkyries,Valkyries,NA,NA,https://a.espncdn.com/i/teamlogos/wnba/500/gs.png,pointsAgainst,Points Against,PA,Total Points Against,PA,pointsagainst,3017,3017
2026,2,Western Conference,W,NA,129689,s:40~l:59~t:129689,NA,Golden State,Valkyries,GS,Golden State Valkyries,Valkyries,NA,NA,https://a.espncdn.com/i/teamlogos/wnba/500/gs.png,pointsFor,Points For,PF,Total Points For,PF,pointsfor,3305,3305
2026,2,Western Conference,W,NA,129689,s:40~l:59~t:129689,NA,Golden State,Valkyries,GS,Golden State Valkyries,Valkyries,NA,NA,https://a.espncdn.com/i/teamlogos/wnba/500/gs.png,streak,Streak,STRK,Current Streak,STRK,streak,W4,4
2026,2,Western Conference,W,NA,129689,s:40~l:59~t:129689,NA,Golden State,Valkyries,GS,Golden State Valkyries,Valkyries,NA,NA,https://a.espncdn.com/i/teamlogos/wnba/500/gs.png,winPercent,Win Percentage,PCT,Winning Percentage,PCT,winpercent,.725,0.725
2026,2,Western Conference,W,NA,129689,s:40~l:59~t:129689,NA,Golden State,Valkyries,GS,Golden State Valkyries,Valkyries,NA,NA,https://a.espncdn.com/i/teamlogos/wnba/500/gs.png,wins,Wins,W,Wins,W,wins,29,29
2026,2,Western Conference,W,NA,129689,s:40~l:59~t:129689,NA,Golden State,Valkyries,GS,Golden State Valkyries,Valkyries,NA,NA,https://a.espncdn.com/i/teamlogos/wnba/500/gs.png,gamesAhead,Games Ahead,GA,Games Ahead,GA,gamesahead,-,0
2026,2,Western Conference,W,NA,129689,s:40~l:59~t:129689,NA,Golden State,Valkyries,GS,Golden State Valkyries,Valkyries,NA,NA,https://a.espncdn.com/i/teamlogos/wnba/500/gs.png,overall,Overall,OVER,Overall Record,Total,total,29-11,NA
2026,2,Western Conference,W,NA,129689,s:40~l:59~t:129689,NA,Golden State,Valkyries,GS,Golden State Valkyries,Valkyries,NA,NA,https://a.espncdn.com/i/teamlogos/wnba/500/gs.png,Home,Home,HOME,Home Record,NA,home,15-5,NA
2026,2,Western Conference,W,NA,129689,s:40~l:59~t:129689,NA,Golden State,Valkyries,GS,Golden State Valkyries,Valkyries,NA,NA,https://a.espncdn.com/i/teamlogos/wnba/500/gs.png,Road,Road,AWAY,Away Record,NA,road,14-6,NA
2026,2,Western Conference,W,NA,129689,s:40~l:59~t:129689,NA,Golden State,Valkyries,GS,Golden State Valkyries,Valkyries,NA,NA,https://a.espncdn.com/i/teamlogos/wnba/500/gs.png,vs. Div.,DIV,DIV,Division Record,NA,vsdiv,0-0,NA
2026,2,Western Conference,W,NA,129689,s:40~l:59~t:129689,NA,Golden State,Valkyries,GS,Golden State Valkyries,Valkyries,NA,NA,https://a.espncdn.com/i/teamlogos/wnba/500/gs.png,vs. Conf.,CONF,CONF,Conference Record,NA,vsconf,12-7,NA
2026,2,Western Conference,W,NA,129689,s:40~l:59~t:129689,NA,Golden State,Valkyries,GS,Golden State Valkyries,Valkyries,NA,NA,https://a.espncdn.com/i/teamlogos/wnba/500/gs.png,Last Ten Games,Last Ten Games,L10,Record last 10 games,Last Ten,lasttengames,8-2,NA
2026,2,Western Conference,W,NA,17,s:40~l:59~t:17,NA,Las Vegas,Aces,LV,Las Vegas Aces,Aces,NA,NA,https://a.espncdn.com/i/teamlogos/wnba/500/lv.png,avgPointsAgainst,Opponent Points Per Game,OPP PPG,Opponent Points Per Game,OPP PPG,avgpointsagainst,86.5,86.525
2026,2,Western Conference,W,NA,17,s:40~l:59~t:17,NA,Las Vegas,Aces,LV,Las Vegas Aces,Aces,NA,NA,https://a.espncdn.com/i/teamlogos/wnba/500/lv.png,avgPointsFor,Points Per Game,PPG,Points Per Game,PPG,avgpointsfor,90.6,90.6
2026,2,Western Conference,W,NA,17,s:40~l:59~t:17,NA,Las Vegas,Aces,LV,Las Vegas Aces,Aces,NA,NA,https://a.espncdn.com/i/teamlogos/wnba/500/lv.png,clincher,Clincher,CLINCH,Clinched Playoff Berth,CLINCH,clincher,x,1
2026,2,Western Conference,W,NA,17,s:40~l:59~t:17,NA,Las Vegas,Aces,LV,Las Vegas Aces,Aces,NA,NA,https://a.espncdn.com/i/teamlogos/wnba/500/lv.png,differential,Average Point Differential,DIFF,Average Point Differential,DIFF,differential,+4.1,4.09999999999999
2026,2,Western Conference,W,NA,17,s:40~l:59~t:17,NA,Las Vegas,Aces,LV,Las Vegas Aces,Aces,NA,NA,https://a.espncdn.com/i/teamlogos/wnba/500/lv.png,divisionWinPercent,Division Win Percentage,DPCT,Division Winning Percentage,DPCT,divisionwinpercent,0.000,0
2026,2,Western Conference,W,NA,17,s:40~l:59~t:17,NA,Las Vegas,Aces,LV,Las Vegas Aces,Aces,NA,NA,https://a.espncdn.com/i/teamlogos/wnba/500/lv.png,gamesBehind,Games Back,GB,Games Back,GB,gamesbehind,4,4
2026,2,Western Conference,W,NA,17,s:40~l:59~t:17,NA,Las Vegas,Aces,LV,Las Vegas Aces,Aces,NA,NA,https://a.espncdn.com/i/teamlogos/wnba/500/lv.png,leagueWinPercent,League Win Percentage,LPCT,League Winning Percentage,LPCT,leaguewinpercent,0.684,0.68421054
2026,2,Western Conference,W,NA,17,s:40~l:59~t:17,NA,Las Vegas,Aces,LV,Las Vegas Aces,Aces,NA,NA,https://a.espncdn.com/i/teamlogos/wnba/500/lv.png,losses,Losses,L,Losses,L,losses,13,13
2026,2,Western Conference,W,NA,17,s:40~l:59~t:17,NA,Las Vegas,Aces,LV,Las Vegas Aces,Aces,NA,NA,https://a.espncdn.com/i/teamlogos/wnba/500/lv.png,playoffSeed,Position,POS,Playoff Seed,SEED,playoffseed,3,3
2026,2,Western Conference,W,NA,17,s:40~l:59~t:17,NA,Las Vegas,Aces,LV,Las Vegas Aces,Aces,NA,NA,https://a.espncdn.com/i/teamlogos/wnba/500/lv.png,pointDifferential,Point Differential,DIFF,Point Differential,DIFF,pointdifferential,+163,163
2026,2,Western Conference,W,NA,17,s:40~l:59~t:17,NA,Las Vegas,Aces,LV,Las Vegas Aces,Aces,NA,NA,https://a.espncdn.com/i/teamlogos/wnba/500/lv.png,points,Points,PTS,Total Points,PTS,points,7.0,7
2026,2,Western Conference,W,NA,17,s:40~l:59~t:17,NA,Las Vegas,Aces,LV,Las Vegas Aces,Aces,NA,NA,https://a.espncdn.com/i/teamlogos/wnba/500/lv.png,pointsAgainst,Points Against,PA,Total Points Against,PA,pointsagainst,3461,3461
2026,2,Western Conference,W,NA,17,s:40~l:59~t:17,NA,Las Vegas,Aces,LV,Las Vegas Aces,Aces,NA,NA,https://a.espncdn.com/i/teamlogos/wnba/500/lv.png,pointsFor,Points For,PF,Total Points For,PF,pointsfor,3624,3624
2026,2,Western Conference,W,NA,17,s:40~l:59~t:17,NA,Las Vegas,Aces,LV,Las Vegas Aces,Aces,NA,NA,https://a.espncdn.com/i/teamlogos/wnba/500/lv.png,streak,Streak,STRK,Current Streak,STRK,streak,W3,3
2026,2,Western Conference,W,NA,17,s:40~l:59~t:17,NA,Las Vegas,Aces,LV,Las Vegas Aces,Aces,NA,NA,https://a.espncdn.com/i/teamlogos/wnba/500/lv.png,winPercent,Win Percentage,PCT,Winning Percentage,PCT,winpercent,.675,0.675
2026,2,Western Conference,W,NA,17,s:40~l:59~t:17,NA,Las Vegas,Aces,LV,Las Vegas Aces,Aces,NA,NA,https://a.espncdn.com/i/teamlogos/wnba/500/lv.png,wins,Wins,W,Wins,W,wins,27,27
2026,2,Western Conference,W,NA,17,s:40~l:59~t:17,NA,Las Vegas,Aces,LV,Las Vegas Aces,Aces,NA,NA,https://a.espncdn.com/i/teamlogos/wnba/500/lv.png,gamesAhead,Games Ahead,GA,Games Ahead,GA,gamesahead,-,0
2026,2,Western Conference,W,NA,17,s:40~l:59~t:17,NA,Las Vegas,Aces,LV,Las Vegas Aces,Aces,NA,NA,https://a.espncdn.com/i/teamlogos/wnba/500/lv.png,overall,Overall,OVER,Overall Record,Total,total,27-13,NA
2026,2,Western Conference,W,NA,17,s:40~l:59~t:17,NA,Las Vegas,Aces,LV,Las Vegas Aces,Aces,NA,NA,https://a.espncdn.com/i/teamlogos/wnba/500/lv.png,Home,Home,HOME,Home Record,NA,home,13-7,NA
2026,2,Western Conference,W,NA,17,s:40~l:59~t:17,NA,Las Vegas,Aces,LV,Las Vegas Aces,Aces,NA,NA,https://a.espncdn.com/i/teamlogos/wnba/500/lv.png,Road,Road,AWAY,Away Record,NA,road,14-6,NA
2026,2,Western Conference,W,NA,17,s:40~l:59~t:17,NA,Las Vegas,Aces,LV,Las Vegas Aces,Aces,NA,NA,https://a.espncdn.com/i/teamlogos/wnba/500/lv.png,vs. Div.,DIV,DIV,Division Record,NA,vsdiv,0-0,NA
2026,2,Western Conference,W,NA,17,s:40~l:59~t:17,NA,Las Vegas,Aces,LV,Las Vegas Aces,Aces,NA,NA,https://a.espncdn.com/i/teamlogos/wnba/500/lv.png,vs. Conf.,CONF,CONF,Conference Record,NA,vsconf,13-6,NA
2026,2,Western Conference,W,NA,17,s:40~l:59~t:17,NA,Las Vegas,Aces,LV,Las Vegas Aces,Aces,NA,NA,https://a.espncdn.com/i/teamlogos/wnba/500/lv.png,Last Ten Games,Last Ten Games,L10,Record last 10 games,Last Ten,lasttengames,6-4,NA
2026,2,Western Conference,W,NA,3,s:40~l:59~t:3,NA,Dallas,Wings,DAL,Dallas Wings,Wings,NA,NA,https://a.espncdn.com/i/teamlogos/wnba/500/dal.png,avgPointsAgainst,Opponent Points Per Game,OPP PPG,Opponent Points Per Game,OPP PPG,avgpointsagainst,85.4,85.35
2026,2,Western Conference,W,NA,3,s:40~l:59~t:3,NA,Dallas,Wings,DAL,Dallas Wings,Wings,NA,NA,https://a.espncdn.com/i/teamlogos/wnba/500/dal.png,avgPointsFor,Points Per Game,PPG,Points Per Game,PPG,avgpointsfor,89.0,89
2026,2,Western Conference,W,NA,3,s:40~l:59~t:3,NA,Dallas,Wings,DAL,Dallas Wings,Wings,NA,NA,https://a.espncdn.com/i/teamlogos/wnba/500/dal.png,clincher,Clincher,CLINCH,Clinched Playoff Berth,CLINCH,clincher,x,1
2026,2,Western Conference,W,NA,3,s:40~l:59~t:3,NA,Dallas,Wings,DAL,Dallas Wings,Wings,NA,NA,https://a.espncdn.com/i/teamlogos/wnba/500/dal.png,differential,Average Point Differential,DIFF,Average Point Differential,DIFF,differential,+3.7,3.7
2026,2,Western Conference,W,NA,3,s:40~l:59~t:3,NA,Dallas,Wings,DAL,Dallas Wings,Wings,NA,NA,https://a.espncdn.com/i/teamlogos/wnba/500/dal.png,divisionWinPercent,Division Win Percentage,DPCT,Division Winning Percentage,DPCT,divisionwinpercent,0.000,0
2026,2,Western Conference,W,NA,3,s:40~l:59~t:3,NA,Dallas,Wings,DAL,Dallas Wings,Wings,NA,NA,https://a.espncdn.com/i/teamlogos/wnba/500/dal.png,gamesBehind,Games Back,GB,Games Back,GB,gamesbehind,7,7
2026,2,Western Conference,W,NA,3,s:40~l:59~t:3,NA,Dallas,Wings,DAL,Dallas Wings,Wings,NA,NA,https://a.espncdn.com/i/teamlogos/wnba/500/dal.png,leagueWinPercent,League Win Percentage,LPCT,League Winning Percentage,LPCT,leaguewinpercent,0.526,0.5263158
2026,2,Western Conference,W,NA,3,s:40~l:59~t:3,NA,Dallas,Wings,DAL,Dallas Wings,Wings,NA,NA,https://a.espncdn.com/i/teamlogos/wnba/500/dal.png,losses,Losses,L,Losses,L,losses,16,16
2026,2,Western Conference,W,NA,3,s:40~l:59~t:3,NA,Dallas,Wings,DAL,Dallas Wings,Wings,NA,NA,https://a.espncdn.com/i/teamlogos/wnba/500/dal.png,playoffSeed,Position,POS,Playoff Seed,SEED,playoffseed,4,4
2026,2,Western Conference,W,NA,3,s:40~l:59~t:3,NA,Dallas,Wings,DAL,Dallas Wings,Wings,NA,NA,https://a.espncdn.com/i/teamlogos/wnba/500/dal.png,pointDifferential,Point Differential,DIFF,Point Differential,DIFF,pointdifferential,+146,146
2026,2,Western Conference,W,NA,3,s:40~l:59~t:3,NA,Dallas,Wings,DAL,Dallas Wings,Wings,NA,NA,https://a.espncdn.com/i/teamlogos/wnba/500/dal.png,points,Points,PTS,Total Points,PTS,points,4.0,4
2026,2,Western Conference,W,NA,3,s:40~l:59~t:3,NA,Dallas,Wings,DAL,Dallas Wings,Wings,NA,NA,https://a.espncdn.com/i/teamlogos/wnba/500/dal.png,pointsAgainst,Points Against,PA,Total Points Against,PA,pointsagainst,3414,3414
2026,2,Western Conference,W,NA,3,s:40~l:59~t:3,NA,Dallas,Wings,DAL,Dallas Wings,Wings,NA,NA,https://a.espncdn.com/i/teamlogos/wnba/500/dal.png,pointsFor,Points For,PF,Total Points For,PF,pointsfor,3560,3560
2026,2,Western Conference,W,NA,3,s:40~l:59~t:3,NA,Dallas,Wings,DAL,Dallas Wings,Wings,NA,NA,https://a.espncdn.com/i/teamlogos/wnba/500/dal.png,streak,Streak,STRK,Current Streak,STRK,streak,W4,4
2026,2,Western Conference,W,NA,3,s:40~l:59~t:3,NA,Dallas,Wings,DAL,Dallas Wings,Wings,NA,NA,https://a.espncdn.com/i/teamlogos/wnba/500/dal.png,winPercent,Win Percentage,PCT,Winning Percentage,PCT,winpercent,.600,0.6
2026,2,Western Conference,W,NA,3,s:40~l:59~t:3,NA,Dallas,Wings,DAL,Dallas Wings,Wings,NA,NA,https://a.espncdn.com/i/teamlogos/wnba/500/dal.png,wins,Wins,W,Wins,W,wins,24,24
2026,2,Western Conference,W,NA,3,s:40~l:59~t:3,NA,Dallas,Wings,DAL,Dallas Wings,Wings,NA,NA,https://a.espncdn.com/i/teamlogos/wnba/500/dal.png,gamesAhead,Games Ahead,GA,Games Ahead,GA,gamesahead,-,0
2026,2,Western Conference,W,NA,3,s:40~l:59~t:3,NA,Dallas,Wings,DAL,Dallas Wings,Wings,NA,NA,https://a.espncdn.com/i/teamlogos/wnba/500/dal.png,overall,Overall,OVER,Overall Record,Total,total,24-16,NA
2026,2,Western Conference,W,NA,3,s:40~l:59~t:3,NA,Dallas,Wings,DAL,Dallas Wings,Wings,NA,NA,https://a.espncdn.com/i/teamlogos/wnba/500/dal.png,Home,Home,HOME,Home Record,NA,home,14-6,NA
2026,2,Western Conference,W,NA,3,s:40~l:59~t:3,NA,Dallas,Wings,DAL,Dallas Wings,Wings,NA,NA,https://a.espncdn.com/i/teamlogos/wnba/500/dal.png,Road,Road,AWAY,Away Record,NA,road,10-10,NA
2026,2,Western Conference,W,NA,3,s:40~l:59~t:3,NA,Dallas,Wings,DAL,Dallas Wings,Wings,NA,NA,https://a.espncdn.com/i/teamlogos/wnba/500/dal.png,vs. Div.,DIV,DIV,Division Record,NA,vsdiv,0-0,NA
2026,2,Western Conference,W,NA,3,s:40~l:59~t:3,NA,Dallas,Wings,DAL,Dallas Wings,Wings,NA,NA,https://a.espncdn.com/i/teamlogos/wnba/500/dal.png,vs. Conf.,CONF,CONF,Conference Record,NA,vsconf,10-9,NA
2026,2,Western Conference,W,NA,3,s:40~l:59~t:3,NA,Dallas,Wings,DAL,Dallas Wings,Wings,NA,NA,https://a.espncdn.com/i/teamlogos/wnba/500/dal.png,Last Ten Games,Last Ten Games,L10,Record last 10 games,Last Ten,lasttengames,5-5,NA
2026,2,Western Conference,W,NA,132052,s:40~l:59~t:132052,NA,Portland,Fire,POR,Portland Fire,Fire,NA,NA,https://a.espncdn.com/i/teamlogos/wnba/500/por.png,avgPointsAgainst,Opponent Points Per Game,OPP PPG,Opponent Points Per Game,OPP PPG,avgpointsagainst,91.1,91.05
2026,2,Western Conference,W,NA,132052,s:40~l:59~t:132052,NA,Portland,Fire,POR,Portland Fire,Fire,NA,NA,https://a.espncdn.com/i/teamlogos/wnba/500/por.png,avgPointsFor,Points Per Game,PPG,Points Per Game,PPG,avgpointsfor,86.6,86.575
2026,2,Western Conference,W,NA,132052,s:40~l:59~t:132052,NA,Portland,Fire,POR,Portland Fire,Fire,NA,NA,https://a.espncdn.com/i/teamlogos/wnba/500/por.png,clincher,Clincher,CLINCH,Eliminated From Playoffs,CLINCH,clincher,e,4
2026,2,Western Conference,W,NA,132052,s:40~l:59~t:132052,NA,Portland,Fire,POR,Portland Fire,Fire,NA,NA,https://a.espncdn.com/i/teamlogos/wnba/500/por.png,differential,Average Point Differential,DIFF,Average Point Differential,DIFF,differential,-4.5,-4.5
2026,2,Western Conference,W,NA,132052,s:40~l:59~t:132052,NA,Portland,Fire,POR,Portland Fire,Fire,NA,NA,https://a.espncdn.com/i/teamlogos/wnba/500/por.png,divisionWinPercent,Division Win Percentage,DPCT,Division Winning Percentage,DPCT,divisionwinpercent,0.000,0
2026,2,Western Conference,W,NA,132052,s:40~l:59~t:132052,NA,Portland,Fire,POR,Portland Fire,Fire,NA,NA,https://a.espncdn.com/i/teamlogos/wnba/500/por.png,gamesBehind,Games Back,GB,Games Back,GB,gamesbehind,15,15
2026,2,Western Conference,W,NA,132052,s:40~l:59~t:132052,NA,Portland,Fire,POR,Portland Fire,Fire,NA,NA,https://a.espncdn.com/i/teamlogos/wnba/500/por.png,leagueWinPercent,League Win Percentage,LPCT,League Winning Percentage,LPCT,leaguewinpercent,0.316,0.31578946
2026,2,Western Conference,W,NA,132052,s:40~l:59~t:132052,NA,Portland,Fire,POR,Portland Fire,Fire,NA,NA,https://a.espncdn.com/i/teamlogos/wnba/500/por.png,losses,Losses,L,Losses,L,losses,24,24
2026,2,Western Conference,W,NA,132052,s:40~l:59~t:132052,NA,Portland,Fire,POR,Portland Fire,Fire,NA,NA,https://a.espncdn.com/i/teamlogos/wnba/500/por.png,playoffSeed,Position,POS,Playoff Seed,SEED,playoffseed,5,5
2026,2,Western Conference,W,NA,132052,s:40~l:59~t:132052,NA,Portland,Fire,POR,Portland Fire,Fire,NA,NA,https://a.espncdn.com/i/teamlogos/wnba/500/por.png,pointDifferential,Point Differential,DIFF,Point Differential,DIFF,pointdifferential,-179,-179
2026,2,Western Conference,W,NA,132052,s:40~l:59~t:132052,NA,Portland,Fire,POR,Portland Fire,Fire,NA,NA,https://a.espncdn.com/i/teamlogos/wnba/500/por.png,points,Points,PTS,Total Points,PTS,points,-4.0,-4
2026,2,Western Conference,W,NA,132052,s:40~l:59~t:132052,NA,Portland,Fire,POR,Portland Fire,Fire,NA,NA,https://a.espncdn.com/i/teamlogos/wnba/500/por.png,pointsAgainst,Points Against,PA,Total Points Against,PA,pointsagainst,3642,3642
2026,2,Western Conference,W,NA,132052,s:40~l:59~t:132052,NA,Portland,Fire,POR,Portland Fire,Fire,NA,NA,https://a.espncdn.com/i/teamlogos/wnba/500/por.png,pointsFor,Points For,PF,Total Points For,PF,pointsfor,3463,3463
2026,2,Western Conference,W,NA,132052,s:40~l:59~t:132052,NA,Portland,Fire,POR,Portland Fire,Fire,NA,NA,https://a.espncdn.com/i/teamlogos/wnba/500/por.png,streak,Streak,STRK,Current Streak,STRK,streak,L1,-1
2026,2,Western Conference,W,NA,132052,s:40~l:59~t:132052,NA,Portland,Fire,POR,Portland Fire,Fire,NA,NA,https://a.espncdn.com/i/teamlogos/wnba/500/por.png,winPercent,Win Percentage,PCT,Winning Percentage,PCT,winpercent,.400,0.4
2026,2,Western Conference,W,NA,132052,s:40~l:59~t:132052,NA,Portland,Fire,POR,Portland Fire,Fire,NA,NA,https://a.espncdn.com/i/teamlogos/wnba/500/por.png,wins,Wins,W,Wins,W,wins,16,16
2026,2,Western Conference,W,NA,132052,s:40~l:59~t:132052,NA,Portland,Fire,POR,Portland Fire,Fire,NA,NA,https://a.espncdn.com/i/teamlogos/wnba/500/por.png,gamesAhead,Games Ahead,GA,Games Ahead,GA,gamesahead,-,0
2026,2,Western Conference,W,NA,132052,s:40~l:59~t:132052,NA,Portland,Fire,POR,Portland Fire,Fire,NA,NA,https://a.espncdn.com/i/teamlogos/wnba/500/por.png,overall,Overall,OVER,Overall Record,Total,total,16-24,NA
2026,2,Western Conference,W,NA,132052,s:40~l:59~t:132052,NA,Portland,Fire,POR,Portland Fire,Fire,NA,NA,https://a.espncdn.com/i/teamlogos/wnba/500/por.png,Home,Home,HOME,Home Record,NA,home,8-12,NA
2026,2,Western Conference,W,NA,132052,s:40~l:59~t:132052,NA,Portland,Fire,POR,Portland Fire,Fire,NA,NA,https://a.espncdn.com/i/teamlogos/wnba/500/por.png,Road,Road,AWAY,Away Record,NA,road,8-12,NA
2026,2,Western Conference,W,NA,132052,s:40~l:59~t:132052,NA,Portland,Fire,POR,Portland Fire,Fire,NA,NA,https://a.espncdn.com/i/teamlogos/wnba/500/por.png,vs. Div.,DIV,DIV,Division Record,NA,vsdiv,0-0,NA
2026,2,Western Conference,W,NA,132052,s:40~l:59~t:132052,NA,Portland,Fire,POR,Portland Fire,Fire,NA,NA,https://a.espncdn.com/i/teamlogos/wnba/500/por.png,vs. Conf.,CONF,CONF,Conference Record,NA,vsconf,6-13,NA
2026,2,Western Conference,W,NA,132052,s:40~l:59~t:132052,NA,Portland,Fire,POR,Portland Fire,Fire,NA,NA,https://a.espncdn.com/i/teamlogos/wnba/500/por.png,Last Ten Games,Last Ten Games,L10,Record last 10 games,Last Ten,lasttengames,5-5,NA
2026,2,Western Conference,W,NA,6,s:40~l:59~t:6,NA,Los Angeles,Sparks,LA,Los Angeles Sparks,Sparks,NA,NA,https://a.espncdn.com/i/teamlogos/wnba/500/la.png,avgPointsAgainst,Opponent Points Per Game,OPP PPG,Opponent Points Per Game,OPP PPG,avgpointsagainst,91.8,91.8
2026,2,Western Conference,W,NA,6,s:40~l:59~t:6,NA,Los Angeles,Sparks,LA,Los Angeles Sparks,Sparks,NA,NA,https://a.espncdn.com/i/teamlogos/wnba/500/la.png,avgPointsFor,Points Per Game,PPG,Points Per Game,PPG,avgpointsfor,87.4,87.35
2026,2,Western Conference,W,NA,6,s:40~l:59~t:6,NA,Los Angeles,Sparks,LA,Los Angeles Sparks,Sparks,NA,NA,https://a.espncdn.com/i/teamlogos/wnba/500/la.png,clincher,Clincher,CLINCH,Eliminated From Playoffs,CLINCH,clincher,e,4
2026,2,Western Conference,W,NA,6,s:40~l:59~t:6,NA,Los Angeles,Sparks,LA,Los Angeles Sparks,Sparks,NA,NA,https://a.espncdn.com/i/teamlogos/wnba/500/la.png,differential,Average Point Differential,DIFF,Average Point Differential,DIFF,differential,-4.5,-4.5
2026,2,Western Conference,W,NA,6,s:40~l:59~t:6,NA,Los Angeles,Sparks,LA,Los Angeles Sparks,Sparks,NA,NA,https://a.espncdn.com/i/teamlogos/wnba/500/la.png,divisionWinPercent,Division Win Percentage,DPCT,Division Winning Percentage,DPCT,divisionwinpercent,0.000,0
2026,2,Western Conference,W,NA,6,s:40~l:59~t:6,NA,Los Angeles,Sparks,LA,Los Angeles Sparks,Sparks,NA,NA,https://a.espncdn.com/i/teamlogos/wnba/500/la.png,gamesBehind,Games Back,GB,Games Back,GB,gamesbehind,16,16
2026,2,Western Conference,W,NA,6,s:40~l:59~t:6,NA,Los Angeles,Sparks,LA,Los Angeles Sparks,Sparks,NA,NA,https://a.espncdn.com/i/teamlogos/wnba/500/la.png,leagueWinPercent,League Win Percentage,LPCT,League Winning Percentage,LPCT,leaguewinpercent,0.421,0.42105263
2026,2,Western Conference,W,NA,6,s:40~l:59~t:6,NA,Los Angeles,Sparks,LA,Los Angeles Sparks,Sparks,NA,NA,https://a.espncdn.com/i/teamlogos/wnba/500/la.png,losses,Losses,L,Losses,L,losses,25,25
2026,2,Western Conference,W,NA,6,s:40~l:59~t:6,NA,Los Angeles,Sparks,LA,Los Angeles Sparks,Sparks,NA,NA,https://a.espncdn.com/i/teamlogos/wnba/500/la.png,playoffSeed,Position,POS,Playoff Seed,SEED,playoffseed,6,6
2026,2,Western Conference,W,NA,6,s:40~l:59~t:6,NA,Los Angeles,Sparks,LA,Los Angeles Sparks,Sparks,NA,NA,https://a.espncdn.com/i/teamlogos/wnba/500/la.png,pointDifferential,Point Differential,DIFF,Point Differential,DIFF,pointdifferential,-178,-178
2026,2,Western Conference,W,NA,6,s:40~l:59~t:6,NA,Los Angeles,Sparks,LA,Los Angeles Sparks,Sparks,NA,NA,https://a.espncdn.com/i/teamlogos/wnba/500/la.png,points,Points,PTS,Total Points,PTS,points,-5.0,-5
2026,2,Western Conference,W,NA,6,s:40~l:59~t:6,NA,Los Angeles,Sparks,LA,Los Angeles Sparks,Sparks,NA,NA,https://a.espncdn.com/i/teamlogos/wnba/500/la.png,pointsAgainst,Points Against,PA,Total Points Against,PA,pointsagainst,3672,3672
2026,2,Western Conference,W,NA,6,s:40~l:59~t:6,NA,Los Angeles,Sparks,LA,Los Angeles Sparks,Sparks,NA,NA,https://a.espncdn.com/i/teamlogos/wnba/500/la.png,pointsFor,Points For,PF,Total Points For,PF,pointsfor,3494,3494
2026,2,Western Conference,W,NA,6,s:40~l:59~t:6,NA,Los Angeles,Sparks,LA,Los Angeles Sparks,Sparks,NA,NA,https://a.espncdn.com/i/teamlogos/wnba/500/la.png,streak,Streak,STRK,Current Streak,STRK,streak,W2,2
2026,2,Western Conference,W,NA,6,s:40~l:59~t:6,NA,Los Angeles,Sparks,LA,Los Angeles Sparks,Sparks,NA,NA,https://a.espncdn.com/i/teamlogos/wnba/500/la.png,winPercent,Win Percentage,PCT,Winning Percentage,PCT,winpercent,.375,0.375
2026,2,Western Conference,W,NA,6,s:40~l:59~t:6,NA,Los Angeles,Sparks,LA,Los Angeles Sparks,Sparks,NA,NA,https://a.espncdn.com/i/teamlogos/wnba/500/la.png,wins,Wins,W,Wins,W,wins,15,15
2026,2,Western Conference,W,NA,6,s:40~l:59~t:6,NA,Los Angeles,Sparks,LA,Los Angeles Sparks,Sparks,NA,NA,https://a.espncdn.com/i/teamlogos/wnba/500/la.png,gamesAhead,Games Ahead,GA,Games Ahead,GA,gamesahead,-,0
2026,2,Western Conference,W,NA,6,s:40~l:59~t:6,NA,Los Angeles,Sparks,LA,Los Angeles Sparks,Sparks,NA,NA,https://a.espncdn.com/i/teamlogos/wnba/500/la.png,overall,Overall,OVER,Overall Record,Total,total,15-25,NA
2026,2,Western Conference,W,NA,6,s:40~l:59~t:6,NA,Los Angeles,Sparks,LA,Los Angeles Sparks,Sparks,NA,NA,https://a.espncdn.com/i/teamlogos/wnba/500/la.png,Home,Home,HOME,Home Record,NA,home,7-13,NA
2026,2,Western Conference,W,NA,6,s:40~l:59~t:6,NA,Los Angeles,Sparks,LA,Los Angeles Sparks,Sparks,NA,NA,https://a.espncdn.com/i/teamlogos/wnba/500/la.png,Road,Road,AWAY,Away Record,NA,road,8-12,NA
2026,2,Western Conference,W,NA,6,s:40~l:59~t:6,NA,Los Angeles,Sparks,LA,Los Angeles Sparks,Sparks,NA,NA,https://a.espncdn.com/i/teamlogos/wnba/500/la.png,vs. Div.,DIV,DIV,Division Record,NA,vsdiv,0-0,NA
2026,2,Western Conference,W,NA,6,s:40~l:59~t:6,NA,Los Angeles,Sparks,LA,Los Angeles Sparks,Sparks,NA,NA,https://a.espncdn.com/i/teamlogos/wnba/500/la.png,vs. Conf.,CONF,CONF,Conference Record,NA,vsconf,8-11,NA
2026,2,Western Conference,W,NA,6,s:40~l:59~t:6,NA,Los Angeles,Sparks,LA,Los Angeles Sparks,Sparks,NA,NA,https://a.espncdn.com/i/teamlogos/wnba/500/la.png,Last Ten Games,Last Ten Games,L10,Record last 10 games,Last Ten,lasttengames,3-7,NA
2026,2,Western Conference,W,NA,11,s:40~l:59~t:11,NA,Phoenix,Mercury,PHX,Phoenix Mercury,Mercury,NA,NA,https://a.espncdn.com/i/teamlogos/wnba/500/phx.png,avgPointsAgainst,Opponent Points Per Game,OPP PPG,Opponent Points Per Game,OPP PPG,avgpointsagainst,87.3,87.25
2026,2,Western Conference,W,NA,11,s:40~l:59~t:11,NA,Phoenix,Mercury,PHX,Phoenix Mercury,Mercury,NA,NA,https://a.espncdn.com/i/teamlogos/wnba/500/phx.png,avgPointsFor,Points Per Game,PPG,Points Per Game,PPG,avgpointsfor,84.2,84.175
2026,2,Western Conference,W,NA,11,s:40~l:59~t:11,NA,Phoenix,Mercury,PHX,Phoenix Mercury,Mercury,NA,NA,https://a.espncdn.com/i/teamlogos/wnba/500/phx.png,clincher,Clincher,CLINCH,Eliminated From Playoffs,CLINCH,clincher,e,4
2026,2,Western Conference,W,NA,11,s:40~l:59~t:11,NA,Phoenix,Mercury,PHX,Phoenix Mercury,Mercury,NA,NA,https://a.espncdn.com/i/teamlogos/wnba/500/phx.png,differential,Average Point Differential,DIFF,Average Point Differential,DIFF,differential,-3.1,-3.09999999999999
2026,2,Western Conference,W,NA,11,s:40~l:59~t:11,NA,Phoenix,Mercury,PHX,Phoenix Mercury,Mercury,NA,NA,https://a.espncdn.com/i/teamlogos/wnba/500/phx.png,divisionWinPercent,Division Win Percentage,DPCT,Division Winning Percentage,DPCT,divisionwinpercent,0.000,0
2026,2,Western Conference,W,NA,11,s:40~l:59~t:11,NA,Phoenix,Mercury,PHX,Phoenix Mercury,Mercury,NA,NA,https://a.espncdn.com/i/teamlogos/wnba/500/phx.png,gamesBehind,Games Back,GB,Games Back,GB,gamesbehind,17,17
2026,2,Western Conference,W,NA,11,s:40~l:59~t:11,NA,Phoenix,Mercury,PHX,Phoenix Mercury,Mercury,NA,NA,https://a.espncdn.com/i/teamlogos/wnba/500/phx.png,leagueWinPercent,League Win Percentage,LPCT,League Winning Percentage,LPCT,leaguewinpercent,0.421,0.42105263
2026,2,Western Conference,W,NA,11,s:40~l:59~t:11,NA,Phoenix,Mercury,PHX,Phoenix Mercury,Mercury,NA,NA,https://a.espncdn.com/i/teamlogos/wnba/500/phx.png,losses,Losses,L,Losses,L,losses,26,26
2026,2,Western Conference,W,NA,11,s:40~l:59~t:11,NA,Phoenix,Mercury,PHX,Phoenix Mercury,Mercury,NA,NA,https://a.espncdn.com/i/teamlogos/wnba/500/phx.png,playoffSeed,Position,POS,Playoff Seed,SEED,playoffseed,7,7
2026,2,Western Conference,W,NA,11,s:40~l:59~t:11,NA,Phoenix,Mercury,PHX,Phoenix Mercury,Mercury,NA,NA,https://a.espncdn.com/i/teamlogos/wnba/500/phx.png,pointDifferential,Point Differential,DIFF,Point Differential,DIFF,pointdifferential,-123,-123
2026,2,Western Conference,W,NA,11,s:40~l:59~t:11,NA,Phoenix,Mercury,PHX,Phoenix Mercury,Mercury,NA,NA,https://a.espncdn.com/i/teamlogos/wnba/500/phx.png,points,Points,PTS,Total Points,PTS,points,-6.0,-6
2026,2,Western Conference,W,NA,11,s:40~l:59~t:11,NA,Phoenix,Mercury,PHX,Phoenix Mercury,Mercury,NA,NA,https://a.espncdn.com/i/teamlogos/wnba/500/phx.png,pointsAgainst,Points Against,PA,Total Points Against,PA,pointsagainst,3490,3490
2026,2,Western Conference,W,NA,11,s:40~l:59~t:11,NA,Phoenix,Mercury,PHX,Phoenix Mercury,Mercury,NA,NA,https://a.espncdn.com/i/teamlogos/wnba/500/phx.png,pointsFor,Points For,PF,Total Points For,PF,pointsfor,3367,3367
2026,2,Western Conference,W,NA,11,s:40~l:59~t:11,NA,Phoenix,Mercury,PHX,Phoenix Mercury,Mercury,NA,NA,https://a.espncdn.com/i/teamlogos/wnba/500/phx.png,streak,Streak,STRK,Current Streak,STRK,streak,W1,1
2026,2,Western Conference,W,NA,11,s:40~l:59~t:11,NA,Phoenix,Mercury,PHX,Phoenix Mercury,Mercury,NA,NA,https://a.espncdn.com/i/teamlogos/wnba/500/phx.png,winPercent,Win Percentage,PCT,Winning Percentage,PCT,winpercent,.350,0.35
2026,2,Western Conference,W,NA,11,s:40~l:59~t:11,NA,Phoenix,Mercury,PHX,Phoenix Mercury,Mercury,NA,NA,https://a.espncdn.com/i/teamlogos/wnba/500/phx.png,wins,Wins,W,Wins,W,wins,14,14
2026,2,Western Conference,W,NA,11,s:40~l:59~t:11,NA,Phoenix,Mercury,PHX,Phoenix Mercury,Mercury,NA,NA,https://a.espncdn.com/i/teamlogos/wnba/500/phx.png,gamesAhead,Games Ahead,GA,Games Ahead,GA,gamesahead,-,0
2026,2,Western Conference,W,NA,11,s:40~l:59~t:11,NA,Phoenix,Mercury,PHX,Phoenix Mercury,Mercury,NA,NA,https://a.espncdn.com/i/teamlogos/wnba/500/phx.png,overall,Overall,OVER,Overall Record,Total,total,14-26,NA
2026,2,Western Conference,W,NA,11,s:40~l:59~t:11,NA,Phoenix,Mercury,PHX,Phoenix Mercury,Mercury,NA,NA,https://a.espncdn.com/i/teamlogos/wnba/500/phx.png,Home,Home,HOME,Home Record,NA,home,6-14,NA
2026,2,Western Conference,W,NA,11,s:40~l:59~t:11,NA,Phoenix,Mercury,PHX,Phoenix Mercury,Mercury,NA,NA,https://a.espncdn.com/i/teamlogos/wnba/500/phx.png,Road,Road,AWAY,Away Record,NA,road,8-12,NA
2026,2,Western Conference,W,NA,11,s:40~l:59~t:11,NA,Phoenix,Mercury,PHX,Phoenix Mercury,Mercury,NA,NA,https://a.espncdn.com/i/teamlogos/wnba/500/phx.png,vs. Div.,DIV,DIV,Division Record,NA,vsdiv,0-0,NA
2026,2,Western Conference,W,NA,11,s:40~l:59~t:11,NA,Phoenix,Mercury,PHX,Phoenix Mercury,Mercury,NA,NA,https://a.espncdn.com/i/teamlogos/wnba/500/phx.png,vs. Conf.,CONF,CONF,Conference Record,NA,vsconf,8-11,NA
2026,2,Western Conference,W,NA,11,s:40~l:59~t:11,NA,Phoenix,Mercury,PHX,Phoenix Mercury,Mercury,NA,NA,https://a.espncdn.com/i/teamlogos/wnba/500/phx.png,Last Ten Games,Last Ten Games,L10,Record last 10 games,Last Ten,lasttengames,3-7,NA
2026,2,Western Conference,W,NA,14,s:40~l:59~t:14,NA,Seattle,Storm,SEA,Seattle Storm,Storm,NA,NA,https://a.espncdn.com/i/teamlogos/wnba/500/sea.png,avgPointsAgainst,Opponent Points Per Game,OPP PPG,Opponent Points Per Game,OPP PPG,avgpointsagainst,88.2,88.2
2026,2,Western Conference,W,NA,14,s:40~l:59~t:14,NA,Seattle,Storm,SEA,Seattle Storm,Storm,NA,NA,https://a.espncdn.com/i/teamlogos/wnba/500/sea.png,avgPointsFor,Points Per Game,PPG,Points Per Game,PPG,avgpointsfor,82.9,82.85
2026,2,Western Conference,W,NA,14,s:40~l:59~t:14,NA,Seattle,Storm,SEA,Seattle Storm,Storm,NA,NA,https://a.espncdn.com/i/teamlogos/wnba/500/sea.png,clincher,Clincher,CLINCH,Eliminated From Playoffs,CLINCH,clincher,e,4
2026,2,Western Conference,W,NA,14,s:40~l:59~t:14,NA,Seattle,Storm,SEA,Seattle Storm,Storm,NA,NA,https://a.espncdn.com/i/teamlogos/wnba/500/sea.png,differential,Average Point Differential,DIFF,Average Point Differential,DIFF,differential,-5.4,-5.40000000000001
2026,2,Western Conference,W,NA,14,s:40~l:59~t:14,NA,Seattle,Storm,SEA,Seattle Storm,Storm,NA,NA,https://a.espncdn.com/i/teamlogos/wnba/500/sea.png,divisionWinPercent,Division Win Percentage,DPCT,Division Winning Percentage,DPCT,divisionwinpercent,0.000,0
2026,2,Western Conference,W,NA,14,s:40~l:59~t:14,NA,Seattle,Storm,SEA,Seattle Storm,Storm,NA,NA,https://a.espncdn.com/i/teamlogos/wnba/500/sea.png,gamesBehind,Games Back,GB,Games Back,GB,gamesbehind,23,23
2026,2,Western Conference,W,NA,14,s:40~l:59~t:14,NA,Seattle,Storm,SEA,Seattle Storm,Storm,NA,NA,https://a.espncdn.com/i/teamlogos/wnba/500/sea.png,leagueWinPercent,League Win Percentage,LPCT,League Winning Percentage,LPCT,leaguewinpercent,0.053,0.05263158
2026,2,Western Conference,W,NA,14,s:40~l:59~t:14,NA,Seattle,Storm,SEA,Seattle Storm,Storm,NA,NA,https://a.espncdn.com/i/teamlogos/wnba/500/sea.png,losses,Losses,L,Losses,L,losses,32,32
2026,2,Western Conference,W,NA,14,s:40~l:59~t:14,NA,Seattle,Storm,SEA,Seattle Storm,Storm,NA,NA,https://a.espncdn.com/i/teamlogos/wnba/500/sea.png,playoffSeed,Position,POS,Playoff Seed,SEED,playoffseed,8,8
2026,2,Western Conference,W,NA,14,s:40~l:59~t:14,NA,Seattle,Storm,SEA,Seattle Storm,Storm,NA,NA,https://a.espncdn.com/i/teamlogos/wnba/500/sea.png,pointDifferential,Point Differential,DIFF,Point Differential,DIFF,pointdifferential,-214,-214
2026,2,Western Conference,W,NA,14,s:40~l:59~t:14,NA,Seattle,Storm,SEA,Seattle Storm,Storm,NA,NA,https://a.espncdn.com/i/teamlogos/wnba/500/sea.png,points,Points,PTS,Total Points,PTS,points,-12.0,-12
2026,2,Western Conference,W,NA,14,s:40~l:59~t:14,NA,Seattle,Storm,SEA,Seattle Storm,Storm,NA,NA,https://a.espncdn.com/i/teamlogos/wnba/500/sea.png,pointsAgainst,Points Against,PA,Total Points Against,PA,pointsagainst,3528,3528
2026,2,Western Conference,W,NA,14,s:40~l:59~t:14,NA,Seattle,Storm,SEA,Seattle Storm,Storm,NA,NA,https://a.espncdn.com/i/teamlogos/wnba/500/sea.png,pointsFor,Points For,PF,Total Points For,PF,pointsfor,3314,3314
2026,2,Western Conference,W,NA,14,s:40~l:59~t:14,NA,Seattle,Storm,SEA,Seattle Storm,Storm,NA,NA,https://a.espncdn.com/i/teamlogos/wnba/500/sea.png,streak,Streak,STRK,Current Streak,STRK,streak,L1,-1
2026,2,Western Conference,W,NA,14,s:40~l:59~t:14,NA,Seattle,Storm,SEA,Seattle Storm,Storm,NA,NA,https://a.espncdn.com/i/teamlogos/wnba/500/sea.png,winPercent,Win Percentage,PCT,Winning Percentage,PCT,winpercent,.200,0.2
2026,2,Western Conference,W,NA,14,s:40~l:59~t:14,NA,Seattle,Storm,SEA,Seattle Storm,Storm,NA,NA,https://a.espncdn.com/i/teamlogos/wnba/500/sea.png,wins,Wins,W,Wins,W,wins,8,8
2026,2,Western Conference,W,NA,14,s:40~l:59~t:14,NA,Seattle,Storm,SEA,Seattle Storm,Storm,NA,NA,https://a.espncdn.com/i/teamlogos/wnba/500/sea.png,gamesAhead,Games Ahead,GA,Games Ahead,GA,gamesahead,-,0
2026,2,Western Conference,W,NA,14,s:40~l:59~t:14,NA,Seattle,Storm,SEA,Seattle Storm,Storm,NA,NA,https://a.espncdn.com/i/teamlogos/wnba/500/sea.png,overall,Overall,OVER,Overall Record,Total,total,8-32,NA
2026,2,Western Conference,W,NA,14,s:40~l:59~t:14,NA,Seattle,Storm,SEA,Seattle Storm,Storm,NA,NA,https://a.espncdn.com/i/teamlogos/wnba/500/sea.png,Home,Home,HOME,Home Record,NA,home,6-14,NA
2026,2,Western Conference,W,NA,14,s:40~l:59~t:14,NA,Seattle,Storm,SEA,Seattle Storm,Storm,NA,NA,https://a.espncdn.com/i/teamlogos/wnba/500/sea.png,Road,Road,AWAY,Away Record,NA,road,2-18,NA
2026,2,Western Conference,W,NA,14,s:40~l:59~t:14,NA,Seattle,Storm,SEA,Seattle Storm,Storm,NA,NA,https://a.espncdn.com/i/teamlogos/wnba/500/sea.png,vs. Div.,DIV,DIV,Division Record,NA,vsdiv,0-0,NA
2026,2,Western Conference,W,NA,14,s:40~l:59~t:14,NA,Seattle,Storm,SEA,Seattle Storm,Storm,NA,NA,https://a.espncdn.com/i/teamlogos/wnba/500/sea.png,vs. Conf.,CONF,CONF,Conference Record,NA,vsconf,1-18,NA
2026,2,Western Conference,W,NA,14,s:40~l:59~t:14,NA,Seattle,Storm,SEA,Seattle Storm,Storm,NA,NA,https://a.espncdn.com/i/teamlogos/wnba/500/sea.png,Last Ten Games,Last Ten Games,L10,Record last 10 games,Last Ten,lasttengames,2-8,NA
