player_id,player_name,nickname,team_id,team_abbreviation,age,gp,w,l,w_pct,min,e_off_rating,off_rating,sp_work_off_rating,e_def_rating,def_rating,sp_work_def_rating,e_net_rating,net_rating,sp_work_net_rating,ast_pct,ast_to,ast_ratio,oreb_pct,dreb_pct,reb_pct,tm_tov_pct,e_tov_pct,efg_pct,ts_pct,usg_pct,e_usg_pct,e_pace,pace,pace_per40,sp_work_pace,pie,poss,fgm,fga,fgm_pg,fga_pg,fg_pct,gp_rank,w_rank,l_rank,w_pct_rank,min_rank,e_off_rating_rank,off_rating_rank,sp_work_off_rating_rank,e_def_rating_rank,def_rating_rank,sp_work_def_rating_rank,e_net_rating_rank,net_rating_rank,sp_work_net_rating_rank,ast_pct_rank,ast_to_rank,ast_ratio_rank,oreb_pct_rank,dreb_pct_rank,reb_pct_rank,tm_tov_pct_rank,e_tov_pct_rank,efg_pct_rank,ts_pct_rank,usg_pct_rank,e_usg_pct_rank,e_pace_rank,pace_rank,sp_work_pace_rank,pie_rank,fgm_rank,fga_rank,fgm_pg_rank,fga_pg_rank,fg_pct_rank,team_count,season,league_id,season_type,per_mode
1628932,A'ja Wilson,A'ja,1611661319,LVA,30,31,22,9,0.71,32.1,115.9,117.8,117.8,102.3,105,105,13.6,12.7,12.7,0.165,1.23,11.6,0.067,0.24,0.158,9.4,9.4,0.552,0.62,0.323,0.327,99.27,97.18,80.98,97.18,0.212,2016,288,550,9.3,17.7,0.524,61,19,85,40,13,10,7,7,61,94,94,9,12,12,82,126,182,57,12,15,55,57,61,40,3,3,112,168,168,3,1,2,1,1,36,1,2026,10,Regular Season,Totals
1642290,Aaliyah Edwards,Aaliyah,1611661323,CON,24,21,7,14,0.333,19.2,93.5,93.6,93.6,101.1,104.4,104.4,-7.6,-10.8,-10.8,0.088,0.58,8.2,0.068,0.144,0.106,14.1,14,0.551,0.587,0.217,0.226,98.56,96.9,80.75,96.9,0.127,814,79,147,3.8,7,0.537,134,137,154,162,93,203,200,200,45,83,83,158,183,183,178,195,210,55,62,55,152,149,63,70,53,50,147,175,175,45,82,94,57,77,28,1,2026,10,Regular Season,Totals
1642801,Aaliyah Nye,Aaliyah,1611661330,ATL,23,15,9,6,0.6,1.4,136.9,118.4,118.4,138.9,137.2,137.2,-2,-18.8,-18.8,0.1,2,22.2,0,0,0,11.1,11.1,0.417,0.417,0.113,0.139,95.39,103.44,86.2,103.44,0.029,49,2,6,0.1,0.4,0.333,158,115,58,84,223,2,5,5,222,223,223,99,204,204,158,45,65,204,216,219,84,86,191,201,197,181,207,27,27,199,201,202,216,220,197,1,2026,10,Regular Season,Totals
1642786,Aicha Coulibaly,Aicha,1611661329,CHI,24,23,8,15,0.348,13.7,110.2,110.7,110.7,101.6,101.5,101.5,8.6,9.2,9.2,0.064,1,10.3,0.039,0.15,0.095,10.3,10.4,0.429,0.547,0.161,0.166,102.44,102.25,85.21,102.25,0.087,665,36,85,1.6,3.7,0.424,126,124,165,161,142,42,44,44,51,41,41,29,26,26,200,151,197,109,55,75,72,73,185,119,137,144,29,40,40,100,132,132,138,143,124,1,2026,10,Regular Season,Totals
1629501,Alanna Smith,Alanna,1611661321,DAL,29,26,16,10,0.615,16.7,100.4,102.3,102.3,106.5,108,108,-6.2,-5.7,-5.7,0.099,0.9,13.4,0.069,0.172,0.117,14.9,14.8,0.481,0.501,0.171,0.177,98.31,96.72,80.6,96.72,0.069,879,56,133,2.2,5.1,0.421,113,65,100,75,109,155,141,141,127,136,136,141,140,140,163,173,154,49,41,41,166,164,137,159,117,116,151,182,182,139,106,101,112,104,129,1,2026,10,Regular Season,Totals
1643525,Alex Fowler,Alex,1611661313,NYL,25,2,1,1,0.5,15.6,99.3,97,97,117.6,116.9,116.9,-18.3,-20,-20,0.056,0.33,6.7,0,0,0,20,20.2,0.5,0.551,0.194,0.2,99.03,100.47,83.73,100.47,-0.049,66,4,10,2,5,0.4,212,204,6,109,118,164,188,188,204,211,211,208,206,206,209,206,213,204,216,219,207,209,113,107,73,75,125,62,62,223,192,195,115,107,147,1,2026,10,Regular Season,Totals
1642775,Alex Wilson,Alex,1611661322,WAS,32,4,2,2,0.5,14.5,87.1,85,85,101.4,104.3,104.3,-14.3,-19.3,-19.3,0.1,1.5,14.3,0.076,0.03,0.053,9.5,9.4,0.333,0.368,0.126,0.136,98.42,98.21,81.84,98.21,-0.008,120,4,15,1,3.8,0.267,198,193,25,109,135,215,215,215,48,79,79,195,205,205,158,93,144,40,213,160,56,56,209,207,186,185,149,146,146,216,192,190,172,141,209,1,2026,10,Regular Season,Totals
1643644,Alicia Florez,Alicia,1611661322,WAS,22,23,14,9,0.609,14,95.3,95.2,95.2,101.6,102.3,102.3,-6.2,-7.1,-7.1,0.295,2.07,29,0.027,0.091,0.058,14,14.1,0.363,0.384,0.179,0.185,96.36,96.09,80.07,96.09,0.05,642,31,95,1.3,4.1,0.326,126,73,85,80,139,190,192,192,50,54,54,143,157,157,21,40,27,136,139,143,147,152,204,206,95,101,200,196,196,173,140,124,153,128,202,1,2026,10,Regular Season,Totals
1642293,Alissa Pili,Alissa,1611661320,LAS,25,3,2,1,0.667,5.9,91.5,88.4,88.4,115.3,110,110,-23.8,-21.6,-21.6,0.167,2,28.6,0.103,0.188,0.133,14.3,14.3,0.5,0.5,0.094,0.103,107.53,112.01,93.35,112.01,0.038,43,2,4,0.7,1.3,0.5,204,193,6,49,202,210,211,211,199,164,164,213,207,207,78,45,29,12,30,27,156,157,113,160,212,209,7,6,6,189,201,209,195,206,46,1,2026,10,Regular Season,Totals
1641648,Aliyah Boston,Aliyah,1611661325,IND,24,30,19,11,0.633,27.2,111.8,113.8,113.8,104.5,105.1,105.1,7.3,8.7,8.7,0.184,1.18,15.7,0.073,0.251,0.165,13.3,13.3,0.584,0.622,0.253,0.258,100.53,99.36,82.8,99.36,0.175,1691,193,363,6.4,12.1,0.532,78,43,112,65,48,25,19,19,93,96,96,37,30,30,62,131,123,44,6,7,137,139,38,37,23,26,72,97,97,6,17,23,15,26,30,1,2026,10,Regular Season,Totals
1628277,Allisha Gray,Allisha,1611661330,ATL,31,32,20,12,0.625,32.9,107,110.5,110.5,100.8,101.8,101.8,6.2,8.7,8.7,0.12,1.56,11.6,0.02,0.082,0.048,7.4,7.4,0.517,0.572,0.221,0.228,101.27,99.17,82.64,99.17,0.111,2171,206,449,6.4,14,0.459,41,30,127,69,7,77,48,48,40,44,44,45,31,31,131,90,180,163,160,179,27,27,98,88,46,48,54,106,106,60,12,11,14,14,88,1,2026,10,Regular Season,Totals
202252,Alysha Clark,Alysha,1611661321,DAL,39,21,13,8,0.619,9.4,105,104.7,104.7,102.6,103,103,2.4,1.7,1.7,0.073,1,16.4,0.025,0.104,0.063,16.4,16.5,0.486,0.528,0.109,0.113,98.29,98.24,81.87,98.24,0.012,404,13,35,0.6,1.7,0.371,134,75,77,74,177,104,110,110,66,65,65,72,77,77,195,151,112,145,122,128,189,188,133,132,201,201,153,145,145,211,169,169,198,197,179,1,2026,10,Regular Season,Totals
203826,Alyssa Thomas,Alyssa,1611661317,PHX,34,33,11,22,0.333,34,103.8,106.1,106.1,107.3,109.5,109.5,-3.5,-3.4,-3.4,0.416,2.28,32.8,0.049,0.178,0.113,14.4,14.4,0.514,0.561,0.219,0.222,98.79,96.72,80.6,96.72,0.147,2260,185,360,5.6,10.9,0.514,22,90,205,162,2,121,91,91,137,156,156,118,114,114,5,32,14,85,35,43,161,161,101,99,50,55,133,181,181,20,20,24,27,34,39,1,2026,10,Regular Season,Totals
1629539,Amy Okonkwo,Amy,1611661330,ATL,29,1,0,1,0,1.3,34.7,33.3,33.3,36.2,25,25,-1.5,8.3,8.3,0,0,0,0,0.333,0.25,0,0,0,0.266,0.667,0.653,101.52,126,105,126,0.2,3,0,1,0,1,0,219,217,6,217,224,223,223,223,2,2,2,94,34,34,216,208,216,204,1,1,1,1,217,215,1,1,45,2,2,4,217,220,217,209,217,1,2026,10,Regular Season,Totals
1642797,Anastasiia Olairi Kosu,Anastasiia Olairi,1611661324,MIN,21,27,21,6,0.778,11,118.1,114.9,114.9,98.9,98.4,98.4,19.2,16.5,16.5,0.089,1,14,0.132,0.077,0.102,14,14.1,0.488,0.559,0.163,0.17,97.87,99.48,82.9,99.48,0.083,618,39,82,1.4,3,0.476,105,24,58,19,163,8,13,13,24,19,19,4,5,5,176,151,151,3,172,60,146,153,127,102,134,134,170,94,94,112,127,134,146,158,67,1,2026,10,Regular Season,Totals
1642800,Aneesah Morrow,Aneesah,1611661332,TOR,23,24,3,21,0.125,22.5,95.7,98.8,98.8,111.4,112.5,112.5,-15.7,-13.7,-13.7,0.121,0.93,10.7,0.1,0.273,0.18,11.5,11.5,0.467,0.494,0.234,0.24,101.38,99.31,82.76,99.31,0.137,1123,104,244,4.3,10.2,0.426,122,183,201,215,75,187,170,170,176,183,183,201,193,193,129,167,195,17,3,5,96,97,148,172,33,33,51,100,100,31,54,52,50,41,121,2,2026,10,Regular Season,Totals
1642291,Angel Reese,Angel,1611661330,ATL,24,31,20,11,0.645,30.7,104.1,107.2,107.2,99.6,99.9,99.9,4.5,7.3,7.3,0.135,0.76,11.5,0.15,0.243,0.192,15.2,15.2,0.436,0.508,0.247,0.252,102,100.33,83.61,100.33,0.133,1982,170,397,5.5,12.8,0.428,61,30,112,58,20,119,77,77,28,25,25,59,42,42,118,182,183,1,10,2,170,171,180,151,27,27,35,65,65,35,24,18,30,20,117,1,2026,10,Regular Season,Totals
1643455,Angela Dugalic,Angela,1611661322,WAS,24,28,15,13,0.536,10.9,94,91.7,91.7,105.7,104.3,104.3,-11.6,-12.7,-12.7,0.13,0.91,15,0.062,0.222,0.137,16.4,16.5,0.459,0.489,0.167,0.175,94.77,96.59,80.49,96.59,0.096,611,37,85,1.3,3,0.435,100,69,144,105,164,201,204,204,108,80,80,183,188,188,121,169,134,61,15,22,190,190,162,174,125,122,211,188,188,84,131,132,156,159,109,1,2026,10,Regular Season,Totals
1630993,Anneli Maley,Anneli,1611661313,NYL,27,6,1,5,0.167,8.8,110.7,111.3,111.3,99.3,103.6,103.6,11.4,7.7,7.7,0,0,0,0.069,0.08,0.074,0,0,0.15,0.255,0.092,0.094,100.21,97.79,81.49,97.79,-0.032,106,1,10,0.2,1.7,0.1,190,204,51,211,184,35,40,40,27,69,69,19,40,40,216,208,216,50,164,106,1,1,216,216,214,215,83,155,155,221,210,195,215,197,216,2,2026,10,Regular Season,Totals
1643489,Antonia Delaere,Antonia,1611661324,MIN,32,35,28,7,0.8,11.9,109.4,108.1,108.1,97,97.6,97.6,12.4,10.6,10.6,0.125,2.79,28.5,0.017,0.044,0.031,10.2,10.2,0.616,0.632,0.097,0.102,99.55,99.83,83.19,99.83,0.064,861,38,82,1.1,2.3,0.463,1,1,63,10,154,47,69,69,15,14,14,14,22,22,126,17,30,174,205,210,71,70,21,30,209,210,105,81,81,148,130,134,167,182,81,1,2026,10,Regular Season,Totals
1628878,Ariel Atkins,Ariel,1611661320,LAS,30,30,11,19,0.367,27.7,104.2,105.6,105.6,107.7,108.6,108.6,-3.6,-3,-3,0.153,1.78,21.4,0.028,0.082,0.055,12,12,0.459,0.499,0.168,0.171,101.06,99.98,83.32,99.98,0.06,1731,99,259,3.3,8.6,0.382,78,90,182,149,46,118,95,95,142,146,146,119,108,108,97,67,72,131,162,156,109,109,159,163,122,129,57,75,75,159,59,46,71,55,173,1,2026,10,Regular Season,Totals
1629481,Arike Ogunbowale,Arike,1611661321,DAL,29,34,20,14,0.588,29.8,106,108,108,105.1,106.8,106.8,0.9,1.2,1.2,0.161,1.88,17,0.029,0.077,0.052,9.1,9,0.461,0.53,0.223,0.23,97.47,95.82,79.85,95.82,0.088,2028,159,410,4.7,12.1,0.388,11,30,154,92,25,84,71,71,100,122,122,82,79,79,88,61,107,130,171,164,53,53,158,127,45,44,182,203,203,98,30,16,41,27,166,1,2026,10,Regular Season,Totals
1643437,Ashlon Jackson,Ashlon,1611661323,CON,22,7,2,5,0.286,10.6,73.5,74.3,74.3,97.6,100,100,-24.1,-25.7,-25.7,0.154,2,27.3,0,0.075,0.039,13.6,13.7,0.417,0.388,0.097,0.1,99.22,97.46,81.21,97.46,0.075,148,4,12,0.6,1.7,0.333,186,193,51,185,169,220,219,219,17,26,26,214,214,214,95,45,36,204,175,201,141,143,191,205,211,212,115,163,163,128,192,192,201,196,197,1,2026,10,Regular Season,Totals
1641695,Ashten Prechtel,Ashten,1611661331,GSV,25,2,2,0,1,11.5,119,120.8,120.8,106.3,106.4,106.4,12.8,14.5,14.5,0.105,0.67,18.2,0.095,0.105,0.1,27.3,26.5,0.5,0.633,0.161,0.167,100.14,99.35,82.79,99.35,0.035,48,2,5,1,2.5,0.4,212,193,1,1,158,7,3,3,123,115,115,11,7,7,153,190,98,20,117,63,220,219,113,29,140,139,88,98,98,193,201,205,172,176,147,1,2026,10,Regular Season,Totals
1642826,Aubrey Griffin,Aubrey,1611661313,NYL,24,4,3,1,0.75,1.9,123,100,100,107.6,105,105,15.5,-5,-5,0,0,0,0,0.071,0.05,50,50,1,1,0.087,0.106,116.27,130.57,108.81,130.57,0.033,22,1,1,0.3,0.3,1,198,183,6,23,222,4,157,157,139,92,92,7,133,133,216,208,216,204,179,174,225,225,2,2,217,206,2,1,1,195,210,220,212,223,1,1,2026,10,Regular Season,Totals
1643443,Awa Fam,Awa,1611661328,SEA,20,29,5,24,0.172,28.2,101.8,103.5,103.5,105.4,109,109,-3.6,-5.5,-5.5,0.108,1.1,15.2,0.068,0.128,0.099,13.8,13.8,0.533,0.552,0.164,0.168,100.92,98.37,81.98,98.37,0.085,1674,115,254,4,8.8,0.453,89,163,220,210,43,140,128,128,102,152,152,120,137,137,150,145,131,54,80,71,144,144,82,106,132,138,59,140,140,107,47,48,55,53,95,1,2026,10,Regular Season,Totals
1630386,Awak Kuier,Awak,1611661321,DAL,24,31,18,13,0.581,15.9,108.8,107.9,107.9,100.8,102,102,8,5.9,5.9,0.076,0.93,13,0.046,0.142,0.096,14,13.9,0.563,0.584,0.156,0.163,96.91,96.75,80.63,96.75,0.087,991,67,135,2.2,4.4,0.496,61,54,144,100,116,54,73,73,43,49,49,31,51,51,192,166,158,89,65,74,148,146,51,78,152,149,189,180,180,101,94,99,111,123,52,1,2026,10,Regular Season,Totals
1642793,Aziaha James,Aziaha,1611661321,DAL,23,34,20,14,0.588,11.5,105,104.8,104.8,102.1,100,100,2.8,4.8,4.8,0.169,1.78,14.7,0.047,0.157,0.1,8.2,8.1,0.417,0.469,0.248,0.264,100.63,101.77,84.81,101.77,0.101,830,74,192,2.2,5.6,0.385,11,30,154,92,157,105,107,107,59,26,26,66,63,63,75,66,140,88,49,68,38,38,191,185,25,22,68,48,48,77,86,74,109,95,169,1,2026,10,Regular Season,Totals
1628922,Azura Stevens,Azura,1611661329,CHI,30,25,6,19,0.24,24.6,102.5,105.4,105.4,111,111.5,111.5,-8.5,-6.2,-6.2,0.149,1.32,15.5,0.059,0.217,0.136,11.8,11.6,0.456,0.497,0.219,0.225,100.76,99.16,82.63,99.16,0.1,1270,103,251,4.1,10,0.41,117,151,182,196,60,134,99,99,172,176,176,165,147,147,99,119,126,64,18,24,102,101,163,166,51,51,62,107,107,81,55,50,53,43,139,1,2026,10,Regular Season,Totals
1643425,Azzi Fudd,Azzi,1611661321,DAL,23,30,19,11,0.633,31.7,109.8,112.4,112.4,104.3,105.5,105.5,5.4,6.9,6.9,0.084,1.67,12.5,0.017,0.039,0.028,7.5,7.5,0.547,0.558,0.176,0.179,98.15,96.42,80.35,96.42,0.073,1912,156,342,5.2,11.4,0.456,78,43,112,65,16,46,29,29,90,102,102,53,47,47,184,77,167,175,209,212,29,29,69,104,109,113,159,193,193,130,32,26,34,31,91,1,2026,10,Regular Season,Totals
204335,Betnijah Laney-Hamilton,Betnijah,1611661322,WAS,32,18,11,7,0.611,16.7,108.8,108.5,108.5,103.8,104,104,5,4.5,4.5,0.143,1,19.9,0.011,0.1,0.059,19.9,19.9,0.445,0.509,0.161,0.167,99.18,99.17,82.64,99.17,0.045,620,27,73,1.5,4.1,0.37,148,90,63,79,110,55,67,67,87,73,73,57,66,66,106,151,85,184,129,138,206,207,172,149,138,140,117,105,105,183,146,141,143,131,182,2,2026,10,Regular Season,Totals
1627668,Breanna Stewart,Breanna,1611661313,NYL,31,33,20,13,0.606,33.2,109.9,112.6,112.6,106.3,108.2,108.2,3.6,4.4,4.4,0.172,1.5,13.4,0.053,0.204,0.132,8.9,8.9,0.497,0.575,0.271,0.275,98.63,96.61,80.51,96.61,0.165,2202,239,508,7.2,15.4,0.47,22,30,144,83,6,44,27,27,122,138,138,61,67,67,69,93,155,74,25,29,50,50,123,83,15,15,141,187,187,8,4,4,6,4,73,1,2026,10,Regular Season,Totals
1642788,Bree Hall,Bree,1611661325,IND,23,2,1,1,0.5,5.4,108.2,103.8,103.8,133.9,130.8,130.8,-25.7,-26.9,-26.9,0,0,0,0,0.111,0.053,0,0,0.5,0.5,0.179,0.193,112.96,116.64,97.2,116.64,0.054,26,2,5,1,2.5,0.4,212,204,6,109,207,61,124,124,220,220,220,215,215,215,216,208,216,204,106,161,1,1,113,160,99,85,4,5,5,170,201,205,172,176,147,1,2026,10,Regular Season,Totals
1629488,Brianna Turner,Brianna,1611661319,LVA,30,31,22,9,0.71,12.9,104.4,101.1,101.1,102.2,103.6,103.6,2.1,-2.5,-2.5,0.025,0.44,10.3,0.053,0.12,0.089,23.5,23.6,0.614,0.624,0.068,0.072,98.22,99.09,82.57,99.09,0.047,818,27,44,0.9,1.4,0.614,61,19,85,40,145,115,150,150,60,68,68,74,107,107,215,205,197,75,91,79,214,214,23,34,220,221,156,112,112,180,146,164,186,204,8,1,2026,10,Regular Season,Totals
1629524,Bridget Carleton,Bridget,1611661327,PDX,29,32,13,19,0.406,30.4,105.9,106.8,106.8,109,110.4,110.4,-3.1,-3.6,-3.6,0.114,1.7,13.3,0.023,0.125,0.074,7.8,7.8,0.537,0.575,0.196,0.204,99.74,98.62,82.18,98.62,0.11,2001,156,375,4.9,11.7,0.416,41,75,182,129,24,87,82,82,152,168,168,111,117,117,140,73,157,149,83,107,34,34,75,85,72,72,98,131,131,62,32,21,39,28,135,1,2026,10,Regular Season,Totals
1628280,Brionna Jones,Brionna,1611661330,ATL,30,8,6,2,0.75,18.5,108,110.8,110.8,110.5,108.8,108.8,-2.5,2,2,0.189,1.89,19.5,0.102,0.235,0.162,10.3,10.4,0.539,0.614,0.184,0.187,103.53,103.05,85.87,103.05,0.145,316,27,51,3.4,6.4,0.529,181,151,25,23,95,66,43,43,168,147,147,106,75,75,58,60,88,15,13,9,74,74,73,43,87,93,20,29,29,24,146,158,69,84,31,1,2026,10,Regular Season,Totals
203398,Brittney Griner,Brittney,1611661323,CON,35,17,7,10,0.412,25.7,95.2,97.5,97.5,99.1,102.1,102.1,-4,-4.6,-4.6,0.195,1.45,16.4,0.071,0.153,0.111,11.3,11.1,0.537,0.569,0.229,0.237,98.69,96.11,80.09,96.11,0.149,874,94,175,5.5,10.3,0.537,151,137,100,127,54,193,182,182,26,51,51,123,129,129,57,102,113,47,52,50,90,85,76,90,37,37,138,195,195,18,66,82,29,38,29,1,2026,10,Regular Season,Totals
1628279,Brittney Sykes,Brittney,1611661332,TOR,32,15,7,8,0.467,31.8,107.7,108.8,108.8,109.4,111.1,111.1,-1.7,-2.3,-2.3,0.202,1.49,14.6,0.032,0.092,0.061,9.8,9.7,0.456,0.55,0.277,0.286,99.08,97.83,81.52,97.83,0.125,970,96,228,6.4,15.2,0.421,158,137,77,121,14,68,65,65,156,174,174,96,105,105,53,98,143,122,138,131,63,61,164,112,11,12,121,152,152,46,63,60,16,6,129,1,2026,10,Regular Season,Totals
1642286,Caitlin Clark,Caitlin,1611661325,IND,24,29,17,12,0.586,30.4,110.3,113.8,113.8,107.2,108.2,108.2,3.1,5.7,5.7,0.435,1.72,26.6,0.01,0.121,0.067,15.4,15.4,0.533,0.603,0.309,0.315,102.92,100.84,84.04,100.84,0.157,1857,194,438,6.7,15.1,0.443,89,58,127,96,23,40,18,18,135,139,139,64,52,52,4,71,38,188,89,122,177,178,84,58,4,4,23,57,57,11,15,12,11,8,103,1,2026,10,Regular Season,Totals
1642287,Cameron Brink,Cameron,1611661320,LAS,24,24,9,15,0.375,18.1,104.4,105.5,105.5,105.9,107.1,107.1,-1.6,-1.6,-1.6,0.115,0.54,11.2,0.085,0.18,0.134,21,21,0.556,0.602,0.229,0.237,101.84,100.73,83.94,100.73,0.095,908,75,153,3.1,6.4,0.49,122,115,165,141,96,116,98,98,114,123,123,95,95,95,138,197,186,29,34,26,211,211,56,60,38,36,37,60,60,85,84,89,75,84,60,1,2026,10,Regular Season,Totals
1642304,Carla Leite,Carla,1611661327,PDX,22,30,12,18,0.4,25.3,107.2,108,108,109.3,110.1,110.1,-2.1,-2.1,-2.1,0.413,1.85,27.7,0.028,0.063,0.046,14.9,14.9,0.484,0.597,0.275,0.285,100.3,99.57,82.98,99.57,0.128,1573,136,306,4.5,10.2,0.444,78,79,177,130,56,74,70,70,155,167,167,102,103,103,6,62,35,132,189,184,168,168,135,65,13,13,81,90,90,43,38,38,47,40,102,1,2026,10,Regular Season,Totals
1643467,Cassandre Prosper,Cassandre,1611661322,WAS,21,28,17,11,0.607,11.7,95.4,95,95,102.1,102.4,102.4,-6.7,-7.4,-7.4,0.065,0.65,9.8,0.065,0.038,0.052,15.2,15.2,0.342,0.35,0.151,0.157,97.03,97.08,80.9,97.08,-0.038,657,28,92,1,3.3,0.304,100,58,112,81,155,189,193,193,58,58,58,152,160,160,199,193,201,58,210,168,170,172,207,210,161,160,188,171,171,222,145,129,172,152,207,1,2026,10,Regular Season,Totals
1628508,Cecilia Zandalasini,Cecilia,1611661331,GSV,30,29,22,7,0.759,18.7,101.3,103.7,103.7,96,97,97,5.2,6.7,6.7,0.163,1.14,15.3,0.016,0.096,0.054,13.4,13.3,0.5,0.528,0.228,0.235,92.74,91.19,75.99,91.19,0.086,1029,89,217,3.1,7.5,0.41,89,19,63,21,94,146,127,127,10,13,13,55,48,48,86,137,128,179,135,159,139,137,113,131,39,40,222,223,223,103,69,64,80,67,140,1,2026,10,Regular Season,Totals
1643462,Chance Gray,Chance,1611661320,LAS,22,29,9,20,0.31,10.5,94.1,93.7,93.7,111,112,112,-16.8,-18.3,-18.3,0.154,1.4,22.8,0.028,0.082,0.054,16.3,16.1,0.478,0.527,0.128,0.135,103.83,103.58,86.31,103.58,0.049,655,24,68,0.8,2.3,0.353,89,115,192,179,170,200,199,199,171,179,179,205,203,203,95,109,57,134,161,157,186,182,139,133,185,186,17,25,25,176,151,142,188,181,190,1,2026,10,Regular Season,Totals
1643449,Charlisse Leger-Walker,Charlisse,1611661323,CON,24,31,8,23,0.258,23,96.8,98.6,98.6,106.9,107.5,107.5,-10.1,-8.9,-8.9,0.229,1.89,28.2,0.008,0.091,0.047,14.9,14.8,0.418,0.46,0.16,0.166,98.78,97.53,81.27,97.53,0.058,1456,71,196,2.3,6.3,0.362,61,124,216,191,70,182,172,172,130,130,130,175,171,171,44,59,31,193,142,181,167,165,189,188,142,143,134,161,161,164,90,72,105,86,187,1,2026,10,Regular Season,Totals
203833,Chelsea Gray,Chelsea,1611661319,LVA,33,33,23,10,0.697,33.4,113.2,113.7,113.7,103.2,106.3,106.3,10,7.4,7.4,0.296,2.4,34.4,0.008,0.087,0.05,14.3,14.2,0.549,0.585,0.178,0.184,98.56,96.93,80.77,96.93,0.105,2225,149,329,4.5,10,0.453,22,12,100,43,4,20,21,21,77,111,111,25,41,41,20,27,10,195,149,176,160,156,65,74,102,104,146,173,173,69,35,32,48,45,94,1,2026,10,Regular Season,Totals
1630150,Chennedy Carter,Chennedy,1611661319,LVA,27,13,9,4,0.692,16.9,114,112.4,112.4,106.1,107.3,107.3,8,5.1,5.1,0.136,1,11.3,0.046,0.057,0.052,11.3,11.3,0.655,0.684,0.26,0.27,101.39,101.49,84.57,101.49,0.129,467,60,100,4.6,7.7,0.6,164,115,43,47,105,16,30,30,118,126,126,32,55,55,117,151,185,91,198,169,92,92,13,13,19,19,49,52,52,42,101,120,44,63,11,1,2026,10,Regular Season,Totals
204323,Cheyenne Parker-Tyus,Cheyenne,1611661319,LVA,33,23,16,7,0.696,10.6,110.8,106.7,106.7,109.3,110,110,1.6,-3.2,-3.2,0.091,1.17,11.6,0.068,0.164,0.118,9.9,10,0.539,0.601,0.189,0.198,97.7,99.21,82.67,99.21,0.103,505,39,76,1.7,3.3,0.513,126,65,63,45,168,33,85,85,154,163,163,77,112,112,173,134,181,52,45,40,64,67,72,61,82,79,175,103,103,73,127,140,130,151,40,1,2026,10,Regular Season,Totals
1631064,Chloe Bibby,Chloe,1611661324,MIN,28,4,3,1,0.75,12.8,105.6,104.3,104.3,104.6,105.4,105.4,1,-1,-1,0.158,3,21.4,0,0.043,0.021,7.1,6.9,0.5,0.527,0.176,0.19,106.66,106.98,89.15,106.98,0.064,116,8,20,2,5,0.4,198,183,6,23,147,91,119,119,96,100,100,81,90,90,90,6,70,204,206,216,26,25,113,134,106,89,11,11,11,150,185,179,115,107,147,1,2026,10,Regular Season,Totals
1643424,Costanza Verona,Costanza,1611661321,DAL,27,1,0,1,0,5.8,72.7,66.7,66.7,93.2,100,100,-20.4,-33.3,-33.3,1,0,50,0,0,0,0,0,1,1,0.154,0.167,99.1,99.6,83,99.6,0.387,12,2,2,2,2,1,219,217,6,217,204,221,222,222,7,26,26,209,220,220,1,208,3,204,216,219,1,1,2,2,156,141,119,87,87,2,201,213,115,185,1,1,2026,10,Regular Season,Totals
1643430,Cotie McMahon,Cotie,1611661322,WAS,22,30,18,12,0.6,20.6,97.3,97.2,97.2,97.9,100.6,100.6,-0.5,-3.4,-3.4,0.172,1.94,19.9,0.025,0.111,0.07,10.3,10.3,0.443,0.484,0.166,0.175,97.92,96.65,80.54,96.65,0.081,1241,69,176,2.3,5.9,0.392,78,54,127,84,87,176,185,185,21,36,36,90,115,115,69,55,84,144,111,113,73,72,174,176,129,123,167,185,185,116,92,81,104,89,160,1,2026,10,Regular Season,Totals
202664,Courtney Vandersloot,Courtney,1611661329,CHI,37,17,7,10,0.412,20.4,104.9,105.2,105.2,109.5,110.5,110.5,-4.6,-5.3,-5.3,0.34,2.48,32.3,0.023,0.116,0.068,13,13,0.487,0.547,0.204,0.208,104.1,103.49,86.24,103.49,0.11,749,49,116,2.9,6.8,0.422,151,137,100,127,88,106,103,103,159,170,170,129,134,134,14,25,17,151,100,119,130,132,129,118,65,68,16,26,26,63,114,113,83,80,126,1,2026,10,Regular Season,Totals
1627675,Courtney Williams,Courtney,1611661324,MIN,32,35,28,7,0.8,30.7,113.2,114,114,100.8,102.9,102.9,12.4,11.1,11.1,0.207,2.48,21.2,0.029,0.14,0.086,8.5,8.5,0.501,0.518,0.22,0.225,99.9,98.54,82.11,98.54,0.115,2203,217,475,6.2,13.6,0.457,1,1,63,10,21,21,16,16,41,64,64,15,18,18,52,26,73,127,67,84,41,42,112,141,48,52,95,135,135,57,8,6,17,17,90,1,2026,10,Regular Season,Totals
203024,Damiris Dantas,Damiris,1611661325,IND,33,12,8,4,0.667,8.2,107.6,107.8,107.8,115.7,114.7,114.7,-8.1,-6.9,-6.9,0.063,0.44,8.3,0.041,0.159,0.097,18.8,18.4,0.516,0.556,0.175,0.186,106.12,106.46,88.72,106.46,0.029,218,13,32,1.1,2.7,0.406,171,124,43,49,186,70,74,74,201,201,201,162,151,151,201,204,208,105,47,72,201,199,99,105,111,96,14,13,13,200,169,172,168,167,143,1,2026,10,Regular Season,Totals
1630389,Dana Evans,Dana,1611661319,LVA,28,10,5,5,0.5,16.6,98.7,97.4,97.4,122.4,121.5,121.5,-23.7,-24.1,-24.1,0.18,1.82,23.8,0,0.122,0.06,13.1,13.1,0.314,0.322,0.176,0.181,97.86,98.89,82.41,98.89,0.017,342,12,51,1.2,5.1,0.235,174,163,51,109,112,170,184,184,215,215,215,212,211,211,66,64,52,204,88,136,133,134,211,213,107,112,171,121,121,210,173,158,162,105,213,1,2026,10,Regular Season,Totals
1643440,Darianna Littlepage-Buggs,Darianna,1611661322,WAS,22,1,0,1,0,0.2,0,0,0,0,0,0,0,0,0,0,0,0,0,0,0,0,0,0,0,0,0,0,96.64,80.54,96.64,0,0,0,0,0,0,0,219,217,6,217,226,225,225,225,1,1,1,87,86,86,216,208,216,204,216,219,1,1,217,219,225,225,226,186,186,213,217,225,217,225,217,1,2026,10,Regular Season,Totals
201886,DeWanna Bonner,DeWanna,1611661317,PHX,38,35,13,22,0.371,27.4,100.7,102.6,102.6,104.6,106.1,106.1,-4,-3.5,-3.5,0.095,2.08,12.7,0.029,0.196,0.113,6.1,6.1,0.456,0.515,0.172,0.176,98.7,97.1,80.92,97.1,0.115,1937,119,305,3.4,8.7,0.39,1,75,205,146,47,153,138,138,95,106,106,124,116,116,168,39,166,128,27,47,21,21,166,145,116,118,137,169,169,56,43,39,66,54,162,1,2026,10,Regular Season,Totals
204324,Dearica Hamby,Dearica,1611661320,LAS,32,32,12,20,0.375,29.5,104.4,105.3,105.3,109.6,109.5,109.5,-5.2,-4.2,-4.2,0.14,1.23,14.7,0.072,0.186,0.129,11.9,11.8,0.579,0.613,0.205,0.213,101.12,100.79,83.99,100.79,0.135,1975,189,334,5.9,10.4,0.566,41,79,192,141,30,114,100,100,161,157,157,136,124,124,113,125,139,45,31,34,105,103,40,45,64,64,56,58,58,32,19,27,21,37,19,1,2026,10,Regular Season,Totals
1630096,DiJonai Carrington,DiJonai,1611661329,CHI,28,7,3,4,0.429,17.6,110.1,107.2,107.2,110.3,113.7,113.7,-0.2,-6.5,-6.5,0.056,0.67,4.6,0.017,0.148,0.084,6.9,7,0.433,0.517,0.287,0.293,102.82,102.58,85.48,102.58,0.09,264,23,60,3.3,8.6,0.383,186,183,43,124,98,43,78,78,165,194,194,89,149,149,207,190,214,172,57,89,25,26,183,142,7,7,24,36,36,90,153,150,72,56,172,1,2026,10,Regular Season,Totals
1641649,Diamond Miller,Diamond,1611661323,CON,25,31,8,23,0.258,22.8,96.3,98,98,107,108.3,108.3,-10.7,-10.2,-10.2,0.1,0.91,11,0.018,0.102,0.057,12,11.9,0.437,0.495,0.207,0.214,98.25,96.8,80.66,96.8,0.049,1420,97,262,3.1,8.5,0.37,61,124,216,191,73,185,178,178,131,141,141,176,180,180,162,169,189,168,124,147,107,106,179,171,62,63,155,179,179,175,61,45,74,59,181,1,2026,10,Regular Season,Totals
1642798,Dominique Malonga,Dominique,1611661328,SEA,20,26,5,21,0.192,26.3,104.8,106.2,106.2,107.9,109.9,109.9,-3.2,-3.8,-3.8,0.11,0.57,8,0.095,0.224,0.162,14,14,0.535,0.567,0.289,0.295,102.08,100.45,83.71,100.45,0.145,1422,181,357,7,13.7,0.507,113,163,201,208,52,109,90,90,146,162,162,112,121,121,145,196,212,22,14,10,151,150,80,93,6,6,33,64,64,23,21,25,8,15,43,1,2026,10,Regular Season,Totals
1641657,Dorka Juhasz,Dorka,1611661324,MIN,26,13,11,2,0.846,15.2,101.1,100.2,100.2,107.4,108.8,108.8,-6.2,-8.6,-8.6,0.156,3,25.6,0.024,0.146,0.084,8.5,8.6,0.49,0.484,0.13,0.135,99.05,98.8,82.34,98.8,0.081,407,20,52,1.5,4,0.385,164,90,25,7,125,148,156,156,138,150,150,144,169,169,92,6,40,148,59,91,43,44,125,177,183,187,124,124,124,115,156,157,139,133,171,1,2026,10,Regular Season,Totals
1643490,Eliska Joklova,Eliska,1611661324,MIN,24,18,15,3,0.833,5.8,115.8,112.3,112.3,100.6,102.4,102.4,15.2,9.9,9.9,0.26,1.9,30.6,0.076,0.13,0.105,16.1,16.3,0.435,0.558,0.176,0.183,96.06,96.67,80.56,96.67,0.088,211,10,23,0.6,1.3,0.435,148,69,37,8,203,11,32,32,38,57,57,8,23,23,32,58,23,39,79,56,182,185,182,103,110,107,204,184,184,97,178,177,202,207,110,1,2026,10,Regular Season,Totals
204322,Elizabeth Williams,Elizabeth,1611661329,CHI,33,34,12,22,0.353,17.1,101.1,102.1,102.1,103.1,104,104,-2,-1.9,-1.9,0.141,1.7,18.5,0.072,0.132,0.102,10.9,11,0.459,0.461,0.16,0.164,103.55,102.61,85.51,102.61,0.079,1240,73,159,2.1,4.7,0.459,11,79,205,157,104,149,142,142,73,71,71,100,99,99,111,73,95,46,74,61,81,83,160,186,143,148,19,35,35,117,88,86,113,116,87,1,2026,10,Regular Season,Totals
1629581,Emese Hof,Emese,1611661324,MIN,30,3,1,2,0.333,6.9,76.7,77.8,77.8,112.2,112.8,112.8,-35.5,-35,-35,0.167,0.5,15.4,0.095,0.111,0.104,30.8,31.1,0.5,0.509,0.216,0.228,108.11,107.09,89.24,107.09,-0.018,45,3,6,1,2,0.5,204,204,25,162,191,219,218,218,181,184,184,219,221,221,78,198,127,20,106,57,222,222,113,150,54,46,6,9,9,218,196,202,172,185,46,1,2026,10,Regular Season,Totals
1631083,Emily Engstler,Emily,1611661327,PDX,26,33,13,20,0.394,23.9,103.2,103.3,103.3,109.4,109.8,109.8,-6.2,-6.4,-6.4,0.138,1.1,17,0.049,0.176,0.113,15.5,15.5,0.526,0.551,0.178,0.186,100.15,99.92,83.27,99.92,0.098,1642,112,246,3.4,7.5,0.455,22,75,192,134,65,127,132,132,158,161,161,142,148,148,114,144,108,83,38,44,179,179,89,108,100,100,86,77,77,82,48,51,67,68,93,1,2026,10,Regular Season,Totals
1628242,Emma Cannon,Emma,1611661320,LAS,37,12,3,9,0.25,6.3,111.8,113.1,113.1,110.5,110.1,110.1,1.3,3,3,0.104,0.83,12.2,0.049,0.08,0.065,14.6,14.6,0.761,0.799,0.191,0.198,106.71,106.27,88.56,106.27,0.089,168,13,23,1.1,1.9,0.565,171,183,85,193,197,26,25,25,167,166,166,78,72,72,155,180,171,84,168,125,162,163,5,5,79,78,10,14,14,93,169,177,168,191,20,1,2026,10,Regular Season,Totals
1643488,Emma Cechova,Emma,1611661324,MIN,22,3,2,1,0.667,17.3,99.3,96.5,96.5,106.2,107.2,107.2,-6.9,-10.7,-10.7,0,0,0,0.08,0.132,0.107,16.7,17,0.625,0.64,0.19,0.196,102.76,103.78,86.48,103.78,0.06,113,10,16,3.3,5.3,0.625,204,193,6,49,101,162,189,189,119,125,125,153,182,182,216,208,216,33,75,53,192,192,18,22,80,83,25,23,23,160,178,187,70,100,6,1,2026,10,Regular Season,Totals
204365,Erica Wheeler,Erica,1611661320,LAS,35,32,12,20,0.375,27.9,107.2,108.4,108.4,109.8,110.4,110.4,-2.6,-2,-2,0.269,2.84,32.2,0.01,0.063,0.036,11.4,11.3,0.461,0.495,0.172,0.177,100.79,99.97,83.31,99.97,0.067,1862,111,285,3.5,8.9,0.389,41,79,192,141,45,72,68,68,162,169,169,108,100,100,30,9,18,185,188,205,94,93,157,169,114,115,60,76,76,142,50,41,62,51,164,1,2026,10,Regular Season,Totals
1629496,Ezi Magbegor,Ezi,1611661328,SEA,27,9,2,7,0.222,17.6,98.9,99.1,99.1,103.3,103.9,103.9,-4.4,-4.7,-4.7,0.158,1.78,20.5,0.031,0.173,0.104,11.5,11.4,0.431,0.453,0.168,0.175,102.68,102.29,85.24,102.29,0.075,337,20,51,2.2,5.7,0.392,180,193,63,200,99,168,167,167,80,70,70,128,131,131,89,68,80,123,40,58,97,95,184,191,120,120,26,39,39,127,156,158,107,93,159,1,2026,10,Regular Season,Totals
1643428,Flau'jae Johnson,Flau'jae,1611661328,SEA,22,34,6,28,0.176,28.2,103,104.4,104.4,104.3,106.7,106.7,-1.3,-2.3,-2.3,0.166,1.18,15.1,0.036,0.131,0.085,12.8,12.8,0.439,0.498,0.246,0.252,100.15,98.38,81.98,98.38,0.092,1963,161,413,4.7,12.1,0.39,11,151,223,209,42,128,115,115,91,118,118,91,104,104,80,132,133,115,76,85,126,127,178,165,28,28,87,139,139,87,28,15,40,25,163,1,2026,10,Regular Season,Totals
1643494,Frieda Buhner,Frieda,1611661327,PDX,22,30,11,19,0.367,15.2,104.8,105.8,105.8,112.8,113.3,113.3,-8,-7.5,-7.5,0.082,0.96,10.8,0.053,0.104,0.079,11.3,11.3,0.517,0.575,0.18,0.186,97.18,96.53,80.44,96.53,0.073,917,64,146,2.1,4.9,0.438,78,90,182,149,126,108,94,94,185,189,189,161,161,161,185,162,192,73,121,100,91,91,97,86,92,99,186,191,191,132,96,95,114,111,107,1,2026,10,Regular Season,Totals
1628931,Gabby Williams,Gabby,1611661331,GSV,29,31,23,8,0.742,24.9,104.1,106.5,106.5,97.5,99.5,99.5,6.6,7,7,0.172,1.4,12.3,0.027,0.105,0.065,8.8,8.7,0.487,0.522,0.279,0.288,94.6,92.61,77.17,92.61,0.132,1484,164,389,5.3,12.5,0.422,61,12,77,31,58,120,86,86,16,22,22,41,45,45,71,112,169,135,120,126,48,47,128,136,10,10,212,220,220,38,25,19,32,21,128,1,2026,10,Regular Season,Totals
1643447,Gabriela Jaquez,Gabriela,1611661329,CHI,22,30,11,19,0.367,19.6,99.8,101.4,101.4,104.8,107.2,107.2,-5,-5.8,-5.8,0.077,0.85,10.7,0.034,0.12,0.076,12.6,12.5,0.463,0.523,0.168,0.174,102.19,100.23,83.52,100.23,0.078,1218,74,177,2.5,5.9,0.418,78,90,182,149,91,159,146,146,99,124,124,131,141,141,190,179,194,118,93,103,123,124,152,135,121,125,32,66,66,122,86,80,97,88,132,1,2026,10,Regular Season,Totals
1642781,Georgia Amoore,Georgia,1611661322,WAS,25,32,19,13,0.594,22.7,100.3,100.4,100.4,102.1,102.1,102.1,-1.8,-1.7,-1.7,0.256,1.67,30.4,0.01,0.043,0.027,18.3,18.2,0.436,0.48,0.156,0.162,94.82,94.72,78.94,94.72,0.032,1443,60,179,1.9,5.6,0.335,41,43,144,89,74,156,154,154,56,52,52,97,97,97,34,77,24,187,207,215,198,198,181,180,153,155,210,215,215,197,101,78,124,97,196,1,2026,10,Regular Season,Totals
1643429,Gianna Kneepkens,Gianna,1611661323,CON,23,23,5,18,0.217,8,92.9,92.5,92.5,107.1,106.7,106.7,-14.3,-14.2,-14.2,0.1,2.5,13,0.058,0.084,0.07,5.2,5.1,0.473,0.548,0.151,0.159,101.05,101.47,84.56,101.47,0.059,386,23,56,1,2.4,0.411,126,163,177,202,189,206,203,203,133,119,119,194,195,195,158,22,160,65,153,114,17,17,145,115,162,158,58,53,53,163,153,153,172,179,138,1,2026,10,Regular Season,Totals
1643453,Grace VanSlooten,Grace,1611661325,IND,22,15,9,6,0.6,5.3,95.3,90.7,90.7,113.5,114.5,114.5,-18.2,-23.8,-23.8,0.098,1,16.7,0.014,0.118,0.068,16.7,17,0.833,0.805,0.108,0.112,101.57,103.64,86.37,103.64,0.106,172,9,12,0.6,0.8,0.75,158,115,58,84,209,191,206,206,191,200,200,206,210,210,164,151,109,182,96,120,192,192,4,4,202,203,43,24,24,65,181,192,199,216,4,2,2026,10,Regular Season,Totals
1642817,Hailey Van Lith,Hailey,1611661323,CON,24,13,2,11,0.154,14.7,94.2,94.3,94.3,105.5,107.9,107.9,-11.3,-13.7,-13.7,0.226,1.85,22.6,0.01,0.062,0.035,12.3,12,0.56,0.585,0.179,0.191,100.7,99.51,82.92,99.51,0.102,400,33,67,2.5,5.2,0.493,164,193,112,213,133,199,197,197,104,134,134,180,192,192,46,63,59,186,193,208,115,110,54,73,98,87,65,93,93,74,134,144,92,103,55,1,2026,10,Regular Season,Totals
1641650,Haley Jones,Haley,1611661321,DAL,25,6,2,4,0.333,9.8,107.2,104.7,104.7,118.5,116.1,116.1,-11.3,-11.4,-11.4,0.135,0.83,15.6,0.041,0.155,0.103,18.8,19,0.588,0.634,0.2,0.204,100.59,102.86,85.71,102.86,0.084,128,10,17,1.7,2.8,0.588,190,193,43,162,174,73,111,111,208,205,205,181,184,184,119,180,124,105,51,59,201,202,34,27,69,71,69,32,32,108,178,185,132,163,13,2,2026,10,Regular Season,Totals
1629566,Han Xu,an Xu,1611661313,NYL,26,34,20,14,0.588,13.7,109.4,107.3,107.3,103.2,102.3,102.3,6.1,5,5,0.088,1.47,12.3,0.052,0.119,0.088,8.3,8.3,0.615,0.634,0.16,0.17,98.69,100.11,83.43,100.11,0.118,977,79,152,2.3,4.5,0.52,11,30,154,92,141,48,76,76,78,53,53,46,59,59,179,101,170,77,94,81,39,39,22,26,144,133,139,68,68,52,82,90,103,120,38,1,2026,10,Regular Season,Totals
1641683,Holly Winterburn,Holly,1611661327,PDX,25,20,8,12,0.4,9,94.7,93.6,93.6,117.1,118.5,118.5,-22.4,-24.9,-24.9,0.346,2.06,32.7,0.018,0.088,0.052,15.9,16,0.387,0.427,0.179,0.186,99.19,99.15,82.63,99.15,0.06,375,19,53,1,2.7,0.358,140,124,127,130,181,196,201,201,203,214,214,210,212,212,13,43,15,170,146,170,181,181,200,198,96,94,116,108,108,158,158,156,184,170,189,1,2026,10,Regular Season,Totals
1643469,Indya Nivar,Indya,1611661330,ATL,22,20,10,10,0.5,3.1,102.6,101.6,101.6,91.3,90.4,90.4,11.4,11.2,11.2,0.175,1.75,20,0.05,0.213,0.121,11.4,11.5,0.444,0.358,0.168,0.183,101.91,102.94,85.78,102.94,0.019,128,7,18,0.4,0.9,0.389,140,102,100,109,217,133,145,145,6,6,6,18,16,16,68,69,81,80,19,39,95,99,173,208,123,108,36,30,30,208,188,182,209,215,165,1,2026,10,Regular Season,Totals
204330,Isabelle Harrison,Isabelle,1611661332,TOR,32,21,5,16,0.238,22.5,104.9,105.6,105.6,114.7,115.2,115.2,-9.8,-9.6,-9.6,0.127,0.94,11.6,0.077,0.172,0.127,12.3,12.3,0.533,0.565,0.233,0.241,100.55,99.98,83.32,99.98,0.11,983,97,197,4.6,9.4,0.492,134,163,169,198,76,107,96,96,196,202,202,171,175,175,124,164,179,35,42,37,117,117,85,96,36,32,71,74,74,61,61,71,43,49,56,1,2026,10,Regular Season,Totals
1642302,Isobel Borlase,Isobel,1611661330,ATL,21,32,20,12,0.625,12.6,108.2,110.2,110.2,111.4,110.5,110.5,-3.2,-0.3,-0.3,0.116,1.3,15.8,0.024,0.109,0.063,12.1,12.1,0.477,0.516,0.162,0.168,100.12,99.61,83,99.61,0.06,834,54,128,1.7,4,0.422,41,30,127,69,148,60,51,51,177,171,171,113,88,88,136,121,121,147,113,129,111,111,140,144,136,136,89,86,86,157,109,106,131,133,127,1,2026,10,Regular Season,Totals
1642808,JJ Quinerly,JJ,1611661321,DAL,23,2,1,1,0.5,6.2,94.3,84.6,84.6,108.9,108.3,108.3,-14.5,-23.7,-23.7,0.25,0,40,0,0.083,0.042,0,0,0.333,0.333,0.107,0.118,91.11,96.51,80.43,96.51,0.079,26,1,3,0.5,1.5,0.333,212,204,6,109,198,198,216,216,151,142,142,196,209,209,35,208,7,204,156,191,1,1,209,212,203,199,223,192,192,119,210,212,204,202,197,1,2026,10,Regular Season,Totals
1629498,Jackie Young,Jackie,1611661319,LVA,28,33,23,10,0.697,32.4,114.5,115.4,115.4,101.8,104.7,104.7,12.7,10.7,10.7,0.321,2.8,27.9,0.026,0.114,0.072,10,9.9,0.561,0.607,0.233,0.24,98.69,96.92,80.76,96.92,0.147,2164,218,452,6.6,13.7,0.482,22,12,100,43,10,14,11,11,54,88,88,12,21,21,17,13,34,137,103,110,66,64,53,53,35,34,140,174,174,19,7,9,13,16,63,1,2026,10,Regular Season,Totals
1642292,Jacy Sheldon,Jacy,1611661329,CHI,25,34,12,22,0.353,21.4,102.8,103.9,103.9,102.3,102.7,102.7,0.5,1.2,1.2,0.114,2,19.6,0.018,0.04,0.029,9.8,9.8,0.535,0.577,0.134,0.138,100.58,99.86,83.21,99.86,0.056,1515,83,184,2.4,5.4,0.451,11,79,205,157,83,130,123,123,62,62,62,85,80,80,139,45,87,169,208,211,62,62,77,81,179,183,70,80,80,168,77,76,98,99,98,1,2026,10,Regular Season,Totals
1631141,Jade Melbourne,Jade,1611661328,SEA,23,34,7,27,0.206,24.3,97.4,98.9,98.9,103.7,105.1,105.1,-6.3,-6.1,-6.1,0.267,2.23,28.8,0.017,0.06,0.039,12.9,12.9,0.504,0.574,0.17,0.175,100.5,99.08,82.57,99.08,0.085,1700,103,225,3,6.6,0.458,11,137,222,203,63,175,169,169,86,95,95,147,146,146,31,35,28,177,194,202,128,128,109,87,119,119,73,113,113,104,55,61,81,82,89,1,2026,10,Regular Season,Totals
1642767,Janelle Salaun,Janelle,1611661331,GSV,24,32,23,9,0.719,22.3,110.7,112.3,112.3,103.1,104.1,104.1,7.6,8.2,8.2,0.087,1.35,8.6,0.043,0.133,0.087,6.4,6.3,0.554,0.598,0.226,0.236,95.33,94.18,78.48,94.18,0.128,1402,133,312,4.2,9.8,0.426,41,12,85,37,79,34,31,31,75,74,74,35,35,35,181,116,206,98,73,83,23,23,58,64,42,39,208,216,216,44,39,36,51,47,120,1,2026,10,Regular Season,Totals
1642320,Jaylyn Sherrod,Jaylyn,1611661330,ATL,24,8,6,2,0.75,6.3,122.2,118.6,118.6,112.9,104.5,104.5,9.3,14.2,14.2,0.222,2.67,25.8,0,0.119,0.06,9.7,9.3,0.368,0.448,0.202,0.222,96.06,101.45,84.54,101.45,0.065,102,6,19,0.8,2.4,0.316,181,151,25,23,196,5,4,4,186,85,85,27,8,8,48,21,39,204,95,137,59,54,202,193,68,56,203,54,54,146,190,180,191,180,203,1,2026,10,Regular Season,Totals
1629491,Jessica Shepard,Jessica,1611661321,DAL,29,33,19,14,0.576,32.2,107.5,110.6,110.6,105.3,106.7,106.7,2.2,3.9,3.9,0.248,2.8,28.1,0.095,0.268,0.18,10,10,0.586,0.616,0.181,0.184,97.49,95.46,79.55,95.46,0.173,2108,194,331,5.9,10,0.586,22,43,154,102,12,71,45,45,101,120,120,73,69,69,39,11,32,19,4,4,67,65,35,42,91,105,181,211,211,7,15,30,22,44,15,1,2026,10,Regular Season,Totals
204319,Jewell Loyd,Jewell,1611661319,LVA,32,32,21,11,0.656,27,112.1,111.2,111.2,104.6,106.5,106.5,7.5,4.6,4.6,0.075,1.64,14.3,0.019,0.067,0.044,8.7,8.7,0.476,0.505,0.14,0.145,98.39,97.9,81.58,97.9,0.046,1765,84,232,2.6,7.3,0.362,41,24,112,54,50,24,41,41,94,116,116,36,65,65,194,82,144,165,183,189,46,46,141,155,176,175,150,150,150,181,75,57,90,74,188,1,2026,10,Regular Season,Totals
1630148,Jihyun Park,Jihyun,1611661320,LAS,26,27,10,17,0.37,9.1,101.2,102.6,102.6,110,107.8,107.8,-8.8,-5.3,-5.3,0.084,1.75,15.7,0.038,0.079,0.058,9,8.9,0.483,0.504,0.122,0.127,106.6,106.92,89.1,106.92,0.037,543,25,60,0.9,2.2,0.417,105,102,173,147,180,147,139,139,163,133,133,167,135,135,183,69,122,110,170,144,52,51,136,156,190,190,12,12,12,190,149,150,185,183,134,1,2026,10,Regular Season,Totals
1627673,Jonquel Jones,Jonquel,1611661313,NYL,32,33,19,14,0.576,29.1,107.6,110.2,110.2,106.5,108.1,108.1,1.1,2,2,0.163,1.32,17.2,0.077,0.244,0.163,13,13,0.584,0.632,0.202,0.207,98.42,96.55,80.46,96.55,0.15,1931,161,328,4.9,9.9,0.491,22,43,154,102,34,69,52,52,126,137,137,79,74,74,85,118,104,36,8,8,131,131,39,31,67,70,148,190,190,16,28,33,38,46,59,1,2026,10,Regular Season,Totals
1643527,Jordan Harrison,Jordan,1611661327,PDX,22,7,2,5,0.286,14.1,104.4,104.3,104.3,117.9,114.3,114.3,-13.5,-10,-10,0.406,2.17,35.6,0.04,0.138,0.083,16.4,16.5,0.533,0.56,0.197,0.207,100.26,101.92,84.93,101.92,0.088,210,14,30,2,4.3,0.467,186,193,51,185,136,113,120,120,206,197,197,192,177,177,7,36,9,108,70,93,191,189,83,101,70,69,82,46,46,96,168,173,115,124,75,1,2026,10,Regular Season,Totals
1641651,Jordan Horston,Jordan,1611661328,SEA,25,30,5,25,0.167,17.7,100.2,100.3,100.3,102.1,101.8,101.8,-1.9,-1.5,-1.5,0.118,1.08,16.5,0.047,0.143,0.096,15.3,15.4,0.421,0.454,0.161,0.165,98.99,99.09,82.58,99.09,0.067,1087,56,145,1.9,4.8,0.386,78,163,221,211,97,157,155,155,57,45,45,98,93,93,133,146,111,86,63,73,174,176,188,189,139,145,126,111,111,143,106,97,125,113,168,1,2026,10,Regular Season,Totals
1628886,Jordin Canada,Jordin,1611661330,ATL,31,32,20,12,0.625,31.7,107.2,110.2,110.2,101,102.3,102.3,6.1,7.9,7.9,0.358,2.79,36.2,0.023,0.106,0.06,12.9,13,0.475,0.543,0.172,0.175,101.63,99.57,82.98,99.57,0.121,2101,121,282,3.8,8.8,0.429,41,30,127,69,15,75,50,50,44,56,56,47,36,36,11,14,8,150,116,135,129,130,142,122,115,121,42,91,91,49,42,42,56,52,114,1,2026,10,Regular Season,Totals
1643505,Jovana Nogic,Jovana,1611661317,PHX,28,16,4,12,0.25,20.2,105.2,106.3,106.3,102.7,105.4,105.4,2.5,0.9,0.9,0.147,1.13,14.1,0.022,0.033,0.027,12.5,12.5,0.555,0.612,0.214,0.221,97.79,96,80,96,0.078,646,50,119,3.1,7.4,0.42,155,176,127,193,89,98,88,88,69,101,101,69,82,82,102,140,148,155,212,213,120,120,57,47,57,57,173,197,197,121,112,111,75,69,131,1,2026,10,Regular Season,Totals
1630115,Joyner Holmes,Joyner,1611661328,SEA,28,1,1,0,1,14.7,67.5,71.4,71.4,73.1,75.9,75.9,-5.7,-4.4,-4.4,0.143,0.5,14.3,0.05,0.211,0.128,28.6,28.6,0.25,0.25,0.176,0.173,97.28,92.85,77.38,92.85,0.133,28,1,4,1,4,0.25,219,204,1,1,132,222,220,220,3,4,4,140,127,127,106,198,144,80,21,35,221,221,213,217,105,126,185,219,219,36,210,209,172,133,211,1,2026,10,Regular Season,Totals
1627700,Julie Allemand,Julie,1611661332,TOR,30,26,7,19,0.269,29.2,105.2,106,106,111.6,112.1,112.1,-6.4,-6.1,-6.1,0.285,3.31,47.3,0.007,0.101,0.054,14.3,14.3,0.705,0.714,0.094,0.096,99.24,98.67,82.22,98.67,0.105,1561,66,117,2.5,4.5,0.564,113,137,182,187,32,97,92,92,179,181,181,149,145,145,24,5,5,199,126,158,156,158,9,10,213,214,114,129,129,68,95,112,92,118,21,1,2026,10,Regular Season,Totals
1642210,Julie Vanloo,Julie,1611661313,NYL,33,5,3,2,0.6,16.2,114.8,114.7,114.7,93.8,96.6,96.6,21,18.1,18.1,0.443,2.25,46.6,0.015,0.085,0.058,20.7,20.8,0.735,0.773,0.159,0.163,106.23,104.71,87.26,104.71,0.132,177,9,17,1.8,3.4,0.529,193,183,25,84,114,12,14,14,8,11,11,3,3,3,3,33,6,181,151,145,210,210,8,6,148,151,13,17,17,39,181,185,126,149,31,1,2026,10,Regular Season,Totals
1642794,Juste Jocyte,Juste,1611661331,GSV,20,10,7,3,0.7,6.1,110.4,109.3,109.3,102.7,100,100,7.7,9.3,9.3,0.184,1,16.3,0,0.079,0.04,16.3,16.4,0.404,0.454,0.243,0.251,100,101.83,84.86,101.83,0.034,129,8,26,0.8,2.6,0.308,174,137,37,42,200,38,61,61,68,26,26,34,25,25,61,151,114,204,169,195,187,186,196,190,30,29,92,47,47,194,185,174,189,171,205,1,2026,10,Regular Season,Totals
1643495,Justine Pissott,Justine,1611661319,LVA,22,6,4,2,0.667,12.3,106.5,105.2,105.2,129.4,130.3,130.3,-22.9,-25,-25,0.089,1.33,10,0,0.118,0.058,7.5,7.5,0.545,0.545,0.216,0.223,98.72,98.97,82.47,98.97,0.046,153,13,33,2.2,5.5,0.394,190,176,25,49,151,81,102,102,216,218,218,211,213,213,175,117,199,204,98,146,28,30,70,121,55,53,136,116,116,182,169,170,110,98,158,1,2026,10,Regular Season,Totals
1627674,Kahleah Copper,Kahleah,1611661317,PHX,31,34,12,22,0.353,32.8,102.5,104.1,104.1,107.6,108.9,108.9,-5.1,-4.8,-4.8,0.114,0.76,8.5,0.017,0.096,0.056,11.1,11,0.487,0.55,0.283,0.292,98.21,96.87,80.73,96.87,0.093,2252,233,538,6.9,15.8,0.433,11,79,205,157,9,135,121,121,140,151,151,134,132,132,141,183,207,173,136,149,88,84,130,111,9,8,157,176,176,86,5,3,9,3,111,1,2026,10,Regular Season,Totals
1630097,Kaila Charles,Kaila,1611661331,GSV,28,33,24,9,0.727,20.1,110.2,111.8,111.8,97.8,99,99,12.4,12.9,12.9,0.109,1.41,16,0.084,0.143,0.113,11.3,11.4,0.463,0.498,0.158,0.162,93.18,91.94,76.62,91.94,0.085,1259,75,187,2.3,5.7,0.401,22,8,85,33,90,41,37,37,19,21,21,13,11,11,146,108,118,31,64,45,93,96,154,164,150,152,219,221,221,106,84,75,106,93,146,1,2026,10,Regular Season,Totals
1642822,Kaitlyn Chen,Kaitlyn,1611661331,GSV,24,33,24,9,0.727,14.6,108.1,107.1,107.1,101.8,102,102,6.3,5.1,5.1,0.259,1.68,22.7,0.026,0.056,0.041,13.6,13.5,0.596,0.613,0.207,0.218,94.58,94.98,79.15,94.98,0.114,949,94,172,2.8,5.2,0.547,22,8,85,33,134,63,81,81,55,48,48,43,57,57,33,75,58,141,200,193,140,140,28,44,63,59,213,213,213,58,66,84,84,102,26,1,2026,10,Regular Season,Totals
1630154,Kamiah Smalls,Kamiah,1611661327,PDX,28,2,1,1,0.5,15.1,95.1,93.5,93.5,131.7,124.2,124.2,-36.5,-30.6,-30.6,0.4,1.5,30,0,0,0,20,19.6,0.7,0.718,0.197,0.209,94.99,98.62,82.18,98.62,0.087,62,5,10,2.5,5,0.5,212,204,6,109,127,194,202,202,218,217,217,220,217,217,9,93,26,204,216,219,207,205,10,9,71,67,209,130,130,102,191,195,96,107,46,1,2026,10,Regular Season,Totals
1642289,Kamilla Cardoso,Kamilla,1611661329,CHI,25,33,11,22,0.333,26.4,103.4,105.9,105.9,107.2,109.2,109.2,-3.8,-3.3,-3.3,0.165,1.4,15.3,0.102,0.219,0.161,10.9,10.9,0.569,0.609,0.224,0.227,100.67,98.57,82.14,98.57,0.154,1775,190,334,5.8,10.1,0.569,22,90,205,162,51,125,93,93,136,154,154,122,113,113,83,111,129,14,17,11,82,81,48,52,43,49,66,134,134,13,18,27,24,42,18,1,2026,10,Regular Season,Totals
1628317,Karlie Samuelson,Karlie,1611661327,PDX,31,21,8,13,0.381,15.2,105,104.4,104.4,112.5,113.4,113.4,-7.5,-9,-9,0.095,2.38,18.3,0.035,0.06,0.047,7.7,7.7,0.596,0.648,0.115,0.119,97.93,97.8,81.5,97.8,0.063,655,29,68,1.4,3.2,0.426,134,124,144,138,122,103,116,116,184,193,193,156,173,173,170,28,97,116,195,180,31,33,29,20,196,198,164,154,154,151,142,142,152,154,119,1,2026,10,Regular Season,Totals
1642324,Kate Martin,Kate,1611661320,LAS,26,15,6,9,0.4,6.9,110.5,110.6,110.6,117.8,116.5,116.5,-7.3,-5.9,-5.9,0.063,2.5,11.9,0.029,0.112,0.069,4.8,4.6,0.47,0.493,0.141,0.156,103.78,104.27,86.89,104.27,0.041,226,12,33,0.8,2.2,0.364,158,151,85,130,190,36,46,46,205,208,208,155,142,142,202,22,175,129,105,115,16,16,147,173,175,163,18,21,21,186,173,170,189,184,184,1,2026,10,Regular Season,Totals
1629478,Katie Lou Samuelson,Katie Lou,1611661328,SEA,29,27,4,23,0.148,15.3,91.6,93.9,93.9,107.9,108.8,108.8,-16.2,-14.9,-14.9,0.078,1.67,14.8,0.021,0.118,0.067,8.9,8.8,0.548,0.581,0.118,0.123,100.74,99.05,82.54,99.05,0.087,852,40,94,1.5,3.5,0.426,105,176,216,214,121,209,198,198,144,149,149,203,199,199,187,77,137,159,97,121,49,48,66,80,194,196,63,114,114,99,126,125,144,146,122,1,2026,10,Regular Season,Totals
203405,Kayla Alexander,Kayla,1611661332,TOR,35,4,0,4,0,10.1,91.7,90.2,90.2,131.3,130.5,130.5,-39.6,-40.2,-40.2,0.095,0.5,13.3,0.093,0.206,0.143,26.7,27.1,0.429,0.514,0.133,0.141,96.47,97.56,81.3,97.56,0.056,82,3,7,0.8,1.8,0.429,198,217,43,217,172,208,207,207,217,219,219,221,222,222,169,198,156,24,24,20,219,220,186,147,181,180,198,157,157,166,196,201,191,195,115,1,2026,10,Regular Season,Totals
203825,Kayla McBride,Kayla,1611661324,MIN,34,35,28,7,0.8,32.2,113.4,114.6,114.6,101.5,103.4,103.4,11.9,11.2,11.2,0.096,1.57,12,0.019,0.08,0.05,7.6,7.5,0.585,0.635,0.204,0.212,100.18,98.73,82.27,98.73,0.118,2319,213,452,6.1,12.9,0.471,1,1,63,10,11,19,15,15,49,66,66,16,17,17,167,86,173,164,163,173,30,28,37,25,66,65,85,126,126,53,10,9,19,19,72,1,2026,10,Regular Season,Totals
203866,Kayla Thornton,Kayla,1611661331,GSV,33,33,24,9,0.727,24.9,106.2,109.7,109.7,96.8,98.1,98.1,9.3,11.6,11.6,0.05,1,8,0.054,0.151,0.1,8,8,0.49,0.534,0.156,0.159,93.64,91.48,76.24,91.48,0.089,1564,91,242,2.8,7.3,0.376,22,8,85,33,57,82,57,57,14,18,18,28,15,15,212,151,211,70,54,67,37,37,126,124,154,157,216,222,222,95,68,53,86,71,176,1,2026,10,Regular Season,Totals
1628909,Kelsey Mitchell,Kelsey,1611661325,IND,30,33,21,12,0.636,32.8,113.9,116.8,116.8,106,107.5,107.5,7.9,9.3,9.3,0.141,1.5,11.7,0.016,0.037,0.027,7.8,7.7,0.596,0.639,0.263,0.271,102.07,100.05,83.38,100.05,0.132,2256,283,556,8.6,16.8,0.509,22,24,127,63,8,17,9,9,117,128,128,33,24,24,112,93,178,178,211,214,33,32,27,23,16,17,34,71,71,37,2,1,2,2,42,1,2026,10,Regular Season,Totals
1628276,Kelsey Plum,Kelsey,1611661317,PHX,31,16,8,8,0.5,31.4,108.3,110.6,110.6,110.6,112.1,112.1,-2.4,-1.5,-1.5,0.327,1.91,22.3,0.006,0.066,0.037,11.6,11.5,0.613,0.658,0.273,0.28,98.81,97.1,80.92,97.1,0.146,1018,122,231,7.6,14.4,0.528,155,124,77,109,17,58,47,47,169,180,180,103,92,92,16,56,64,201,185,204,100,100,24,17,14,14,132,170,170,21,41,58,4,10,34,2,2026,10,Regular Season,Totals
1629568,Kennedy Burke,Kennedy,1611661323,CON,29,30,8,22,0.267,23.6,97.1,98.6,98.6,102.5,104.6,104.6,-5.3,-6,-6,0.103,0.98,13.6,0.041,0.099,0.069,13.9,13.8,0.486,0.52,0.167,0.173,100.36,98.58,82.15,98.58,0.084,1457,85,213,2.8,7.1,0.399,78,124,205,188,66,178,171,171,65,86,86,138,144,144,157,161,153,101,130,117,145,145,131,137,124,127,78,132,132,109,74,66,85,76,156,1,2026,10,Regular Season,Totals
1628915,Kia Nurse,Kia,1611661332,TOR,30,32,10,22,0.313,12.1,100.7,101,101,115.5,114.3,114.3,-14.8,-13.3,-13.3,0.118,2.7,14.9,0.018,0.062,0.04,5.5,5.5,0.465,0.53,0.167,0.174,99.86,100.22,83.52,100.22,0.06,806,45,128,1.4,4,0.352,41,102,205,177,153,152,151,151,200,199,199,197,191,191,132,20,136,171,192,197,18,18,151,130,127,124,97,67,67,156,120,106,149,133,192,1,2026,10,Regular Season,Totals
204329,Kiah Stokes,Kiah,1611661331,GSV,33,32,23,9,0.719,22.5,99.6,101.7,101.7,94.5,96.6,96.6,5.1,5.1,5.1,0.09,2.5,22.3,0.046,0.19,0.117,8.9,9,0.517,0.518,0.089,0.091,93.15,91.18,75.98,91.18,0.097,1365,51,116,1.6,3.6,0.44,41,12,85,37,77,160,143,143,9,10,10,56,54,54,174,22,62,92,29,42,51,52,96,140,215,217,220,224,224,83,110,113,136,144,105,1,2026,10,Regular Season,Totals
1630461,Kiana Williams,Kiana,1611661320,LAS,27,20,5,15,0.25,12.1,98.4,99.6,99.6,109.4,107.5,107.5,-11,-7.9,-7.9,0.164,1.67,21,0.004,0.026,0.014,12.6,12.4,0.481,0.497,0.159,0.168,102.98,103.2,86,103.2,0.036,523,29,77,1.5,3.9,0.377,140,163,165,193,152,172,164,164,157,127,127,178,163,163,84,77,74,202,214,217,124,118,138,167,149,137,22,28,28,191,142,138,145,140,175,2,2026,10,Regular Season,Totals
1631006,Kierstan Bell,Kierstan,1611661319,LVA,26,23,16,7,0.696,11.1,106.9,102.9,102.9,108.4,109.7,109.7,-1.5,-6.9,-6.9,0.087,1.6,17.2,0.038,0.105,0.073,10.8,10.8,0.338,0.352,0.131,0.139,97.69,98.93,82.44,98.93,0.023,526,17,65,0.7,2.8,0.262,126,65,63,45,162,79,134,134,149,159,159,93,152,152,180,85,105,114,117,108,77,79,208,209,182,182,176,118,118,202,164,145,193,164,210,1,2026,10,Regular Season,Totals
1642792,Kiki Iriafen,Kiki,1611661322,WAS,22,29,17,12,0.586,28.2,101.5,103.5,103.5,99.7,100.4,100.4,1.8,3,3,0.117,0.98,10,0.108,0.209,0.161,10.2,10.2,0.511,0.548,0.237,0.241,96.76,95.51,79.59,95.51,0.151,1621,164,332,5.7,11.4,0.494,89,58,127,96,44,145,130,130,30,35,35,75,71,71,135,160,200,11,22,12,70,71,104,114,31,31,193,209,209,15,25,29,26,30,54,1,2026,10,Regular Season,Totals
1643445,Kiki Rice,Kiki,1611661332,TOR,22,17,5,12,0.294,25.6,107.7,109.7,109.7,111.1,111.7,111.7,-3.4,-2,-2,0.177,1.81,20.9,0.044,0.124,0.083,11.6,11.3,0.535,0.612,0.176,0.183,98.58,97.46,81.22,97.46,0.1,880,62,128,3.6,7.5,0.484,151,163,127,184,55,67,58,58,173,177,177,117,102,102,67,65,75,94,85,95,98,94,79,48,108,109,145,162,162,78,98,106,59,66,61,1,2026,10,Regular Season,Totals
1642768,Kyara Linskens,Kyara,1611661317,PHX,29,18,6,12,0.333,10.4,93,91,91,104,104.2,104.2,-11,-13.2,-13.2,0.126,1.2,14.3,0.063,0.166,0.112,11.9,11.8,0.391,0.44,0.165,0.176,98.07,99.05,82.54,99.05,0.069,388,18,55,1,3.1,0.327,148,151,127,162,171,205,205,205,89,76,76,177,190,190,125,127,144,59,44,48,104,104,199,195,130,117,161,115,115,138,160,154,172,157,201,1,2026,10,Regular Season,Totals
1641656,Laeticia Amihere,Laeticia,1611661331,GSV,25,29,22,7,0.759,11.4,108.7,108.9,108.9,97.8,98,98,11,10.9,10.9,0.147,1.35,20.7,0.117,0.181,0.148,15.3,15.3,0.442,0.474,0.155,0.162,94,93.83,78.2,93.83,0.089,643,32,77,1.1,2.7,0.416,89,19,63,21,159,56,64,64,18,16,16,20,19,19,101,115,77,7,32,18,175,175,176,184,155,153,215,217,217,93,136,138,166,169,136,1,2026,10,Regular Season,Totals
1643420,Laura Juskaite,Laura,1611661332,TOR,28,33,10,23,0.303,24.4,108.1,110.3,110.3,113.3,113.3,113.3,-5.2,-3,-3,0.1,0.87,13,0.044,0.121,0.083,15,15,0.53,0.576,0.187,0.19,99.08,98.11,81.76,98.11,0.072,1639,118,254,3.6,7.7,0.465,22,102,216,181,62,64,49,49,189,188,188,135,109,109,158,175,158,95,90,94,169,169,87,82,86,90,120,149,149,134,44,48,60,62,79,1,2026,10,Regular Season,Totals
1643461,Laura Ziegler,Laura,1611661320,LAS,24,3,1,2,0.333,9.8,105.5,104.3,104.3,119.6,116.7,116.7,-14.1,-12.3,-12.3,0.136,0,25,0.026,0.091,0.056,0,0,0.375,0.429,0.117,0.124,108.57,110.54,92.11,110.54,0.039,69,3,8,1,2.7,0.375,204,204,25,162,175,93,118,118,212,209,209,193,186,186,116,208,43,142,140,152,1,1,201,196,195,195,5,7,7,188,196,199,172,167,177,1,2026,10,Regular Season,Totals
1643427,Lauren Betts,Lauren,1611661322,WAS,22,32,19,13,0.594,16.6,95.7,94.9,94.9,98.2,98.5,98.5,-2.6,-3.6,-3.6,0.109,1.07,12.9,0.071,0.177,0.125,12,12.1,0.547,0.589,0.164,0.171,95.46,95.72,79.77,95.72,0.154,1056,81,148,2.5,4.6,0.547,41,43,144,89,111,188,194,194,22,20,20,107,118,118,148,149,163,47,37,38,108,112,68,66,133,131,206,205,205,14,81,92,94,117,25,1,2026,10,Regular Season,Totals
1642303,Leila Lacan,Leila,1611661323,CON,22,22,7,15,0.318,28.8,95.2,97.1,97.1,102.9,104.8,104.8,-7.6,-7.8,-7.8,0.271,2.06,23.9,0.02,0.052,0.035,11.6,11.5,0.471,0.506,0.212,0.218,97.54,95.69,79.74,95.69,0.092,1263,101,239,4.6,10.9,0.423,131,137,165,175,38,192,186,186,71,90,90,157,162,162,29,42,50,161,202,207,99,98,146,154,58,60,178,207,207,88,57,55,45,35,125,1,2026,10,Regular Season,Totals
1630142,Leonie Fiebich,Leonie,1611661313,NYL,26,14,10,4,0.714,29.1,108.1,109.5,109.5,100.8,101.7,101.7,7.3,7.8,7.8,0.104,1.04,16,0.045,0.047,0.046,15.3,15.3,0.578,0.622,0.151,0.155,96.46,95.41,79.51,95.41,0.072,809,46,102,3.3,7.3,0.451,162,102,43,39,33,65,59,59,42,43,43,38,38,38,156,150,119,93,204,183,176,174,43,38,163,166,199,212,212,135,119,119,72,73,99,1,2026,10,Regular Season,Totals
1631118,Lexi Held,Lexi,1611661317,PHX,26,33,15,18,0.455,15,99.3,99.7,99.7,105.6,105.3,105.3,-6.4,-5.6,-5.6,0.147,1.57,19.2,0.026,0.053,0.04,12.2,12.2,0.456,0.488,0.159,0.166,97.79,97.74,81.45,97.74,0.048,1012,56,148,1.7,4.5,0.378,22,69,177,123,128,163,163,163,106,98,98,148,138,138,100,87,91,140,201,200,114,115,165,175,146,142,172,156,156,178,106,92,129,119,174,2,2026,10,Regular Season,Totals
1628882,Lexie Brown,Lexie,1611661328,SEA,31,10,3,7,0.3,14.8,97.7,97.4,97.4,110.5,112.3,112.3,-12.7,-15,-15,0.138,1.1,22.4,0.007,0.084,0.045,20.4,20.1,0.635,0.663,0.112,0.119,98.82,98.18,81.81,98.18,0.059,305,12,26,1.2,2.6,0.462,174,183,63,182,130,174,183,183,166,182,182,190,200,200,115,143,61,198,152,187,209,208,16,15,198,197,131,147,147,162,173,174,162,171,82,1,2026,10,Regular Season,Totals
1631086,Lexie Hull,Lexie,1611661325,IND,26,33,21,12,0.636,19.5,112.3,113.6,113.6,105.4,104.4,104.4,7,9.2,9.2,0.053,0.89,11.7,0.053,0.113,0.084,13.1,13.2,0.534,0.567,0.12,0.124,102.35,102.25,85.21,102.25,0.047,1358,64,146,1.9,4.4,0.438,22,24,127,63,92,23,22,22,103,84,84,39,27,27,211,174,177,71,104,90,134,136,81,92,192,193,30,41,41,179,96,95,121,121,107,1,2026,10,Regular Season,Totals
1629574,Li Yueru,Li,1611661321,DAL,27,25,15,10,0.6,10.7,112.4,112.1,112.1,111.3,109.6,109.6,1,2.5,2.5,0.059,0.86,11.4,0.086,0.177,0.131,13.3,13.1,0.452,0.533,0.143,0.152,99.58,100.5,83.75,100.5,0.061,564,25,63,1,2.5,0.397,117,69,100,84,166,22,35,35,175,158,158,80,73,73,204,177,184,28,36,32,138,135,167,125,170,169,104,61,61,154,149,148,172,174,157,1,2026,10,Regular Season,Totals
1642820,Liatu King,Liatu,1611661324,MIN,24,8,6,2,0.75,9.2,102.3,100,100,104.7,108.5,108.5,-2.4,-8.5,-8.5,0,0,0,0.116,0.195,0.158,19.2,19.7,0.625,0.588,0.145,0.149,100.73,100.08,83.4,100.08,0.072,153,9,16,1.1,2,0.563,181,151,25,23,179,136,157,157,98,144,144,105,167,167,216,208,216,8,28,16,205,206,18,67,168,172,64,70,70,133,181,187,165,185,22,1,2026,10,Regular Season,Totals
1642802,Lucy Olsen,Lucy,1611661322,WAS,23,17,9,8,0.529,8,100.8,100,100,96.8,96,96,3.9,4,4,0.228,2,24.3,0.008,0.07,0.042,12.2,12.3,0.524,0.56,0.178,0.184,97.38,98.17,81.81,98.17,0.082,278,18,42,1.1,2.5,0.429,151,115,77,106,188,151,157,157,13,8,8,60,68,68,45,45,44,194,181,191,112,116,91,100,101,106,183,148,148,114,160,166,170,178,115,1,2026,10,Regular Season,Totals
1630143,Luisa Geiselsoder,Luisa,1611661327,PDX,26,21,8,13,0.381,16.5,100.5,103.8,103.8,108.6,106.2,106.2,-8,-2.4,-2.4,0.123,1.42,17.6,0.029,0.142,0.084,12.4,12.5,0.41,0.441,0.159,0.162,96.25,95.78,79.82,95.78,0.035,689,33,100,1.6,4.8,0.33,134,124,144,138,113,154,126,126,150,108,108,160,106,106,128,105,102,126,66,92,119,119,195,194,147,154,201,204,204,192,134,120,137,115,200,1,2026,10,Regular Season,Totals
1642307,Mackenzie Holmes,Mackenzie,1611661328,SEA,25,22,5,17,0.227,10.6,85.4,86.2,86.2,101.3,100.4,100.4,-15.9,-14.2,-14.2,0.109,1.2,17.1,0.084,0.2,0.139,14.3,14.4,0.634,0.662,0.106,0.109,96.63,96.58,80.48,96.58,0.135,472,23,41,1,1.9,0.561,131,163,173,199,167,216,214,214,47,34,34,202,194,194,148,127,106,30,26,21,156,159,17,16,204,204,196,189,189,33,153,167,171,192,23,1,2026,10,Regular Season,Totals
1641652,Maddy Siegrist,Maddy,1611661321,DAL,26,31,19,12,0.613,13.7,110.5,112.1,112.1,107.2,105.8,105.8,3.3,6.2,6.2,0.086,2.78,12.7,0.059,0.146,0.1,4.6,4.6,0.559,0.584,0.167,0.173,98.93,98.81,82.34,98.81,0.104,877,73,152,2.4,4.9,0.48,61,43,127,77,143,37,34,34,134,103,103,62,50,50,182,18,165,63,59,66,15,15,55,76,126,128,128,123,123,72,88,90,102,110,64,1,2026,10,Regular Season,Totals
1642818,Maddy Westbeld,Maddy,1611661329,CHI,24,3,0,3,0,9.5,89.3,88.7,88.7,107.6,106.3,106.3,-18.3,-17.6,-17.6,0.143,2,22.2,0.05,0.071,0.059,11.1,11.1,0.25,0.25,0.097,0.101,104.37,105.39,87.82,105.39,-0.053,62,1,6,0.3,2,0.167,204,217,37,217,176,212,210,210,141,113,113,207,202,202,106,45,65,80,179,140,84,86,213,217,209,211,15,15,15,225,210,202,210,185,214,1,2026,10,Regular Season,Totals
1643431,Madina Okot,Madina,1611661330,ATL,21,31,19,12,0.613,8.8,94.7,94.5,94.5,104.7,102.6,102.6,-10,-8.1,-8.1,0.049,0.16,3.3,0.121,0.275,0.191,21.1,21.1,0.591,0.631,0.257,0.271,98.72,99.79,83.16,99.79,0.164,565,68,116,2.2,3.7,0.586,61,43,127,77,185,197,196,196,97,60,60,173,164,164,213,207,215,6,2,3,212,212,32,32,21,18,135,83,83,9,93,113,108,142,14,1,2026,10,Regular Season,Totals
1642769,Mai Yamamoto,Mai,1611661319,LVA,26,4,3,1,0.75,11.1,98.7,94.6,94.6,110.8,117.8,117.8,-12.1,-23.2,-23.2,0.348,4,30.8,0,0.023,0.011,7.7,7.7,0.688,0.688,0.18,0.189,100.11,99.12,82.6,99.12,0.141,93,8,16,2,4,0.5,198,183,6,23,161,169,195,195,170,213,213,187,208,208,12,1,22,204,215,218,31,31,11,12,93,91,90,109,109,26,185,187,115,133,46,1,2026,10,Regular Season,Totals
1642815,Makayla Timpson,Makayla,1611661325,IND,23,32,21,11,0.656,17.2,117.6,117.3,117.3,107,106.5,106.5,10.6,10.8,10.8,0.039,0.7,10.7,0.095,0.163,0.132,15.4,15.4,0.606,0.628,0.101,0.105,101.74,102.11,85.09,102.11,0.077,1166,57,94,1.8,2.9,0.606,41,24,112,54,102,9,8,8,132,117,117,21,20,20,214,189,193,23,46,30,177,177,26,33,208,207,39,43,43,124,105,125,127,161,10,1,2026,10,Regular Season,Totals
1629576,Maria Conde,Maria,1611661332,TOR,29,32,10,22,0.313,27.1,105.9,106.8,106.8,114.4,115.6,115.6,-8.5,-8.8,-8.8,0.145,1.67,19.5,0.038,0.139,0.088,11.7,11.7,0.467,0.5,0.167,0.171,100.07,99.1,82.58,99.1,0.07,1790,100,271,3.1,8.5,0.369,41,102,205,177,49,86,83,83,195,203,203,166,170,170,105,76,89,112,68,80,101,102,149,162,128,130,91,110,110,137,58,44,75,58,183,1,2026,10,Regular Season,Totals
1630108,Mariella Fasoula,Mariella,1611661332,TOR,28,3,0,3,0,5.1,100.1,106.5,106.5,133.2,116.7,116.7,-33.1,-10.2,-10.2,0.111,0.5,12.5,0.056,0.133,0.091,25,25,0.4,0.4,0.179,0.184,92.82,95.58,79.65,95.58,-0.011,31,2,5,0.7,1.7,0.4,204,217,37,217,210,158,87,87,219,209,209,218,179,179,144,198,168,68,72,77,216,216,197,203,94,103,221,208,208,217,201,205,195,197,147,1,2026,10,Regular Season,Totals
1629497,Marina Mabrey,Marina,1611661332,TOR,29,31,10,21,0.323,29.5,105.4,106.3,106.3,113.5,115.8,115.8,-8.1,-9.5,-9.5,0.236,1.2,15.6,0.02,0.097,0.059,13,12.9,0.552,0.604,0.294,0.304,99.99,98.58,82.15,98.58,0.129,1887,211,473,6.8,15.3,0.446,61,102,201,174,28,95,89,89,190,204,204,163,174,174,41,129,125,162,134,139,132,129,62,56,5,5,93,133,133,41,11,7,10,5,101,1,2026,10,Regular Season,Totals
1630469,Marine Fauthoux,Marine,1611661313,NYL,25,13,10,3,0.769,15.2,108.2,108.7,108.7,106.4,105.1,105.1,1.8,3.6,3.6,0.223,1.63,30.4,0.026,0.135,0.081,18.6,18.6,0.5,0.538,0.146,0.153,99.64,99.99,83.33,99.99,0.076,413,18,45,1.4,3.5,0.4,164,102,37,20,124,62,66,66,125,97,97,76,70,70,47,84,25,138,71,99,200,201,113,123,167,168,101,73,73,126,160,163,151,148,147,1,2026,10,Regular Season,Totals
1629546,Marine Johannes,Marine,1611661313,NYL,31,31,17,14,0.548,21.5,109,109.4,109.4,103.2,104.4,104.4,5.8,5,5,0.183,1.41,20.6,0.021,0.08,0.053,14.6,14.6,0.567,0.584,0.19,0.197,98.31,97.56,81.3,97.56,0.085,1359,96,230,3.1,7.4,0.417,61,58,154,104,82,53,60,60,76,81,81,48,58,58,63,107,78,157,165,163,162,162,49,77,81,81,152,158,158,105,63,59,78,70,133,1,2026,10,Regular Season,Totals
1643438,Marta Suarez,Marta,1611661317,PHX,24,13,5,8,0.385,9,103.3,101.2,101.2,118.8,116.2,116.2,-15.5,-14.9,-14.9,0.097,0.75,11.1,0.051,0.089,0.069,14.8,14.8,0.528,0.551,0.173,0.182,97.54,99.61,83.01,99.61,0.029,242,17,36,1.3,2.8,0.472,164,163,77,136,183,126,148,148,209,207,207,200,198,198,165,184,187,78,143,116,164,167,88,110,113,110,179,85,85,201,164,168,157,165,71,1,2026,10,Regular Season,Totals
1630471,Maya Caldwell,Maya,1611661324,MIN,27,35,28,7,0.8,13.9,107,105.5,105.5,96.5,97.8,97.8,10.5,7.7,7.7,0.109,1.52,18.2,0.063,0.098,0.081,12,12,0.463,0.497,0.147,0.154,98.28,98.28,81.9,98.28,0.066,995,50,135,1.4,3.9,0.37,1,1,63,10,140,76,97,97,12,15,15,22,39,39,147,91,98,60,133,97,106,108,153,168,166,167,154,143,143,144,112,99,148,139,180,1,2026,10,Regular Season,Totals
1629484,Megan DiLeo,Megan,1611661327,PDX,29,31,12,19,0.387,23.6,104.5,105.1,105.1,109.6,109.8,109.8,-5.1,-4.7,-4.7,0.076,1.48,8.6,0.054,0.12,0.088,5.8,5.7,0.608,0.633,0.192,0.202,100.19,99.87,83.23,99.87,0.117,1513,158,291,5.1,9.4,0.543,61,79,182,135,67,111,105,105,160,160,160,133,130,130,193,99,205,69,91,82,19,19,25,28,77,73,84,79,79,55,31,40,36,48,27,1,2026,10,Regular Season,Totals
1628920,Mercedes Russell,Mercedes,1611661325,IND,31,1,1,0,1,0.9,0,0,0,300,150,150,-300,-150,-150,0,0,0,0,0,0,0,0,0,0,0,0,76.87,102.49,85.41,102.49,0,2,0,0,0,0,0,219,204,1,1,225,225,225,225,226,224,224,226,226,226,216,208,216,204,216,219,1,1,217,219,225,225,224,38,38,213,217,225,217,225,217,1,2026,10,Regular Season,Totals
1630446,Michaela Onyenwere,Michaela,1611661322,WAS,27,28,17,11,0.607,26.2,104.5,104.6,104.6,97.8,99.7,99.7,6.7,5,5,0.106,0.9,14.6,0.068,0.05,0.059,16.2,16.2,0.538,0.585,0.158,0.165,96.86,95.91,79.92,95.91,0.057,1472,86,196,3.1,7,0.439,100,58,112,81,53,112,112,112,20,24,24,40,60,60,152,172,142,51,203,141,184,183,74,75,151,146,192,200,200,165,73,72,79,77,106,1,2026,10,Regular Season,Totals
1631039,Miela Sowah,Miela,1611661331,GSV,26,2,2,0,1,2.9,82.8,71.4,71.4,168.9,166.7,166.7,-86.1,-95.2,-95.2,0,0,0,0,0,0,0,0,0,0,0.125,0.142,99.26,107.9,89.91,107.9,-0.154,14,0,2,0,1,0,212,193,1,1,218,218,220,220,225,226,226,224,224,224,216,208,216,204,216,219,1,1,217,219,187,178,113,8,8,226,217,213,217,209,217,1,2026,10,Regular Season,Totals
1642777,Monique Akoa Makani,Monique,1611661320,LAS,25,21,7,14,0.333,22.8,97.9,98.4,98.4,103.5,104.2,104.2,-5.6,-5.7,-5.7,0.188,1.24,19.8,0.007,0.084,0.045,15.9,16,0.514,0.571,0.193,0.197,96.47,95.9,79.92,95.9,0.071,956,62,144,3,6.9,0.431,134,137,154,162,72,173,175,175,84,76,76,139,139,139,59,123,86,200,154,186,180,180,101,89,75,80,197,201,201,136,98,98,82,79,113,2,2026,10,Regular Season,Totals
1628881,Monique Billings,Monique,1611661325,IND,30,32,21,11,0.656,20.8,111.5,113.7,113.7,105.9,106.7,106.7,5.6,7,7,0.078,1.42,14.1,0.097,0.158,0.128,9.9,10,0.545,0.62,0.141,0.143,101.39,100.01,83.34,100.01,0.105,1384,82,155,2.6,4.8,0.529,41,24,112,54,85,27,20,20,113,121,121,51,46,46,188,104,149,18,48,36,65,68,71,41,174,176,50,72,72,67,78,87,91,112,33,1,2026,10,Regular Season,Totals
1628899,Myisha Hines-Allen,Myisha,1611661325,IND,31,29,19,10,0.655,14,108.2,109.2,109.2,101.8,100.7,100.7,6.5,8.5,8.5,0.157,1.26,24,0.041,0.171,0.111,19.1,19.1,0.505,0.533,0.144,0.149,101.42,101.49,84.57,101.49,0.077,857,44,94,1.5,3.2,0.468,89,43,100,57,138,59,62,62,52,37,37,42,32,32,91,122,49,103,43,51,203,203,108,126,169,171,48,50,50,123,122,125,142,153,74,1,2026,10,Regular Season,Totals
1631019,NaLyssa Smith,NaLyssa,1611661319,LVA,26,33,22,11,0.667,24.5,109.2,110.1,110.1,102.9,104.9,104.9,6.2,5.2,5.2,0.062,1.1,8.7,0.086,0.173,0.131,7.9,7.9,0.643,0.644,0.182,0.186,98.05,96.71,80.59,96.71,0.12,1625,164,256,5,7.8,0.641,22,19,112,49,61,52,54,54,72,91,91,44,53,53,203,142,204,27,39,31,35,35,14,21,89,98,162,183,183,50,25,47,37,61,5,1,2026,10,Regular Season,Totals
1643686,Nadia Fingall,Nadia,1611661331,GSV,28,5,4,1,0.8,2.5,89.7,84.6,84.6,118.2,114.3,114.3,-28.4,-29.7,-29.7,0.25,0,33.3,0.1,0,0.04,0,0,1.25,1.25,0.067,0.075,99.87,104.52,87.1,104.52,0.12,26,2,2,0.4,0.4,1,193,176,6,10,220,211,216,216,207,197,197,217,216,216,35,208,12,16,216,197,1,1,1,1,221,220,96,19,19,51,201,213,206,220,1,1,2026,10,Regular Season,Totals
1629483,Napheesa Collier,Napheesa,1611661324,MIN,29,8,7,1,0.875,29.5,121.2,120.9,120.9,103.9,104.3,104.3,17.3,16.7,16.7,0.166,1.42,16,0.057,0.212,0.133,11.2,11.2,0.593,0.621,0.257,0.264,99.64,99.59,82.99,99.59,0.158,487,59,113,7.4,14.1,0.522,181,137,6,6,29,6,2,2,88,78,78,5,4,4,81,105,117,66,20,27,89,89,31,39,20,23,100,89,89,10,104,116,5,11,37,1,2026,10,Regular Season,Totals
204333,Natasha Cloud,Natasha,1611661329,CHI,34,33,11,22,0.333,28.5,102.2,104.5,104.5,105.8,107.6,107.6,-3.6,-3,-3,0.273,2.34,31.9,0.009,0.101,0.055,13.7,13.7,0.535,0.599,0.16,0.163,101.55,99.59,82.99,99.59,0.1,1948,112,241,3.4,7.3,0.465,22,90,205,162,41,138,113,113,112,131,131,121,110,110,27,30,19,190,125,155,142,141,78,62,141,150,44,88,88,79,48,54,67,72,78,1,2026,10,Regular Season,Totals
203827,Natasha Howard,Natasha,1611661324,MIN,34,35,28,7,0.8,28.9,114.5,116.1,116.1,99.1,101.5,101.5,15.5,14.6,14.6,0.17,1.32,18.5,0.121,0.15,0.136,14,14,0.594,0.624,0.214,0.218,100.39,98.5,82.09,98.5,0.14,2076,217,368,6.2,10.5,0.59,1,1,63,10,36,13,10,10,25,42,42,6,6,6,74,119,96,5,56,25,149,148,30,35,56,61,77,136,136,27,8,22,17,36,12,1,2026,10,Regular Season,Totals
1630442,Natasha Mack,Natasha,1611661317,PHX,28,27,10,17,0.37,22.3,101.6,102.8,102.8,103.1,103.5,103.5,-1.5,-0.6,-0.6,0.106,1.4,15.1,0.114,0.207,0.16,10.8,10.7,0.623,0.651,0.142,0.147,96.69,95.96,79.97,95.96,0.145,1198,95,154,3.5,5.7,0.617,105,102,173,147,80,143,135,135,74,67,67,92,89,89,151,109,132,9,23,13,78,78,20,19,172,174,194,198,198,22,65,88,61,92,7,1,2026,10,Regular Season,Totals
1629567,Natisha Hiedeman,Natisha,1611661328,SEA,29,35,7,28,0.2,29.7,103.6,105.2,105.2,105.8,109.2,109.2,-2.1,-4,-4,0.271,2.14,23.1,0.008,0.08,0.044,10.8,10.7,0.523,0.566,0.227,0.234,100.64,98.28,81.9,98.28,0.117,2139,195,437,5.6,12.5,0.446,1,137,223,204,26,124,101,101,109,155,155,101,123,123,28,37,55,196,166,188,79,77,92,95,41,42,67,144,144,54,14,13,28,23,100,1,2026,10,Regular Season,Totals
1631044,Naz Hillmon,Naz,1611661330,ATL,26,31,20,11,0.645,28.9,109.3,111.8,111.8,103.6,104,104,5.8,7.8,7.8,0.077,1.15,14.1,0.047,0.116,0.078,12.3,12.2,0.554,0.585,0.13,0.133,99.65,98.33,81.94,98.33,0.073,1832,106,222,3.4,7.2,0.477,61,30,112,58,37,49,36,36,85,72,72,49,37,37,191,136,150,87,101,101,116,114,59,72,184,188,99,141,141,131,53,62,65,75,65,1,2026,10,Regular Season,Totals
1643479,Ndjakalenga Mwenentanda,Ndjakalenga,1611661331,GSV,22,5,4,1,0.8,2.6,124.7,118.2,118.2,119,109.1,109.1,5.6,9.1,9.1,0.182,2,50,0.091,0.111,0.1,25,25,0,0,0.053,0.06,114.46,122.79,102.33,122.79,0.009,33,0,1,0,0.2,0,193,176,6,10,219,3,6,6,210,153,153,50,28,28,64,45,3,26,106,63,216,216,217,219,223,223,3,3,3,212,217,220,217,224,217,1,2026,10,Regular Season,Totals
1643448,Nell Angloma,Nell,1611661323,CON,20,27,8,19,0.296,10.1,96.4,96.1,96.1,100.7,100.4,100.4,-4.3,-4.3,-4.3,0.093,0.75,11.1,0.057,0.098,0.075,14.8,14.8,0.451,0.495,0.183,0.192,98.62,98.93,82.44,98.93,0.043,563,35,81,1.3,3,0.432,105,124,182,183,173,184,190,190,39,33,33,126,125,125,172,184,187,67,132,105,164,166,168,170,88,86,142,120,120,184,133,136,158,160,112,1,2026,10,Regular Season,Totals
1628269,Nia Coffey,Nia,1611661324,MIN,31,35,28,7,0.8,23.2,109.2,109.8,109.8,99.8,101.4,101.4,9.4,8.4,8.4,0.112,2.79,22.3,0.041,0.155,0.099,8,8,0.548,0.551,0.122,0.125,99.52,98.41,82.01,98.41,0.09,1666,88,200,2.5,5.7,0.44,1,1,63,10,69,51,56,56,31,40,40,26,33,33,143,15,63,102,50,69,36,36,67,109,191,192,107,138,138,91,70,70,95,91,104,1,2026,10,Regular Season,Totals
1631263,Nikolina Milic,Nikolina,1611661332,TOR,32,7,3,4,0.429,9,103.7,98.5,98.5,113.1,113.3,113.3,-9.4,-14.8,-14.8,0.081,0.6,10.3,0.031,0.111,0.07,17.2,17.4,0.474,0.506,0.177,0.186,96.88,99.34,82.79,99.34,0.04,133,9,19,1.3,2.7,0.474,186,183,43,124,182,123,174,174,187,190,190,168,197,197,186,194,196,124,106,112,195,197,144,153,104,95,190,99,99,187,181,180,160,166,68,1,2026,10,Regular Season,Totals
203014,Nneka Ogwumike,Nneka,1611661320,LAS,36,31,11,20,0.355,31.4,105.2,107.2,107.2,112.4,113.1,113.1,-7.3,-5.9,-5.9,0.162,1.64,16,0.06,0.243,0.149,9.8,9.8,0.57,0.604,0.219,0.223,100.44,99.19,82.66,99.19,0.157,2003,206,402,6.6,13,0.512,61,90,192,156,18,100,79,79,183,186,186,154,143,143,87,83,116,62,9,17,61,63,47,55,49,54,74,104,104,12,12,17,12,18,41,1,2026,10,Regular Season,Totals
1643493,Noemie Brochant,Noemie,1611661317,PHX,26,34,12,22,0.353,22.4,104.6,104.8,104.8,107.9,108.5,108.5,-3.3,-3.7,-3.7,0.121,2.07,22.6,0.02,0.077,0.049,10.9,10.9,0.578,0.581,0.12,0.124,97.92,97.55,81.29,97.55,0.066,1549,82,172,2.4,5.1,0.477,11,79,205,157,78,110,108,108,145,145,145,115,120,120,130,41,59,160,173,177,83,82,42,79,193,194,166,159,159,145,78,84,99,106,66,1,2026,10,Regular Season,Totals
1642296,Nyadiew Puoch,Nyadiew,1611661327,PDX,22,32,12,20,0.375,17.3,101.9,103.4,103.4,111.6,110,110,-9.7,-6.6,-6.6,0.056,1.24,11.8,0.043,0.062,0.052,9.6,9.4,0.427,0.449,0.122,0.128,97.38,97.34,81.12,97.34,0.022,1120,49,131,1.5,4.1,0.374,41,79,192,141,100,139,131,131,178,165,165,170,150,150,208,124,176,100,191,165,57,58,187,192,189,189,184,166,166,203,114,104,140,129,178,1,2026,10,Regular Season,Totals
1631055,Nyara Sabally,Nyara,1611661332,TOR,26,24,8,16,0.333,23.9,105.2,104.4,104.4,110.2,111.3,111.3,-5,-6.9,-6.9,0.129,1.08,12.8,0.078,0.147,0.113,11.8,11.9,0.576,0.612,0.21,0.216,98.61,98.45,82.04,98.45,0.124,1175,108,205,4.5,8.5,0.527,122,124,169,162,64,99,117,117,164,175,175,132,153,153,123,148,164,34,58,46,103,105,44,46,60,62,143,137,137,47,51,68,49,57,35,1,2026,10,Regular Season,Totals
203824,Odyssey Sims,Odyssey,1611661321,DAL,34,25,16,9,0.64,15.5,106.9,107.8,107.8,106.7,107.8,107.8,0.2,0,0,0.22,2.04,25.5,0.003,0.065,0.034,12.5,12.5,0.45,0.503,0.178,0.185,97.92,97.04,80.86,97.04,0.068,783,48,120,1.9,4.8,0.4,117,65,85,62,119,78,75,75,129,132,132,86,85,85,49,44,41,203,186,209,120,123,170,157,103,102,165,172,172,140,116,110,122,114,147,1,2026,10,Regular Season,Totals
1643426,Olivia Miles,Olivia,1611661324,MIN,23,33,27,6,0.818,31,114,115.4,115.4,100.6,101.9,101.9,13.5,13.5,13.5,0.295,1.97,24.1,0.022,0.127,0.076,12.2,12.2,0.553,0.61,0.261,0.268,99.95,98.68,82.23,98.68,0.15,2103,231,466,7,14.1,0.496,22,7,58,9,19,15,12,12,36,47,47,10,10,10,22,54,48,154,82,104,113,113,60,50,18,20,94,128,128,17,6,8,7,12,53,1,2026,10,Regular Season,Totals
1631135,Olivia Nelson-Ododa,Olivia,1611661323,CON,25,27,7,20,0.259,21.3,99.1,101.6,101.6,104.4,105.3,105.3,-5.3,-3.7,-3.7,0.145,1.14,16.1,0.077,0.219,0.146,14.1,14.1,0.572,0.605,0.192,0.196,99.08,97.43,81.2,97.43,0.137,1169,99,173,3.7,6.4,0.572,105,137,192,190,84,166,144,144,92,99,99,137,119,119,104,138,115,37,16,19,154,154,46,54,78,82,122,164,164,30,59,83,58,83,17,1,2026,10,Regular Season,Totals
1643706,Ornella Bankole,Ornella,1611661332,TOR,28,3,1,2,0.333,5.1,92.1,100,100,103.3,100,100,-11.2,0,0,0,0,0,0.053,0.059,0.056,25,25.8,0,0.347,0.105,0.1,107.29,104.44,87.03,104.44,-0.053,33,0,2,0,0.7,0,204,204,25,162,212,207,157,157,79,26,26,179,86,86,216,208,216,76,197,152,216,218,217,211,205,213,8,20,20,224,217,213,217,218,217,1,2026,10,Regular Season,Totals
1642784,Paige Bueckers,Paige,1611661321,DAL,24,32,20,12,0.625,33.3,109.3,112.7,112.7,106.3,108,108,3,4.7,4.7,0.283,2.79,23.8,0.019,0.108,0.063,8.5,8.5,0.564,0.602,0.244,0.249,98.17,95.95,79.96,95.95,0.143,2134,246,486,7.7,15.2,0.506,41,30,127,69,5,50,26,26,124,135,135,65,64,64,25,16,51,166,115,130,42,41,50,59,29,30,158,199,199,25,3,5,3,7,44,1,2026,10,Regular Season,Totals
1631136,Pauline Astier,Pauline,1611661313,NYL,24,34,20,14,0.588,23.4,111.4,112.5,112.5,105.8,106.2,106.2,5.6,6.2,6.2,0.23,2.13,28.1,0.025,0.082,0.056,13.2,13.1,0.59,0.651,0.164,0.17,97.9,97.21,81.01,97.21,0.101,1610,117,211,3.4,6.2,0.555,11,30,154,92,68,30,28,28,111,110,110,52,49,49,42,38,33,143,159,154,135,133,33,18,131,135,168,167,167,76,45,67,64,87,24,1,2026,10,Regular Season,Totals
1630138,Peyton Williams,Peyton,1611661317,PHX,28,1,1,0,1,5.8,93.2,100,100,119.5,108.3,108.3,-26.3,-8.3,-8.3,0.5,0,66.7,0,0,0,0,0,0,0,0.077,0.078,98.89,99.88,83.24,99.88,0.064,12,0,1,0,1,0,219,204,1,1,205,204,157,157,211,142,142,216,165,165,2,208,1,204,216,219,1,1,217,219,219,219,129,78,78,149,217,220,217,209,217,1,2026,10,Regular Season,Totals
1643487,Quionche Carter,Quionche,1611661317,PHX,25,13,6,7,0.462,6.2,99,98.2,98.2,111.2,108.8,108.8,-12.2,-10.7,-10.7,0.152,3.5,20.6,0.033,0.076,0.053,5.9,5.9,0.167,0.3,0.142,0.148,97.96,99.46,82.88,99.46,-0.002,164,3,18,0.2,1.4,0.167,164,151,63,122,199,167,177,177,174,148,148,189,181,181,98,3,79,120,174,161,20,20,215,214,173,173,163,95,95,215,196,182,214,205,214,1,2026,10,Regular Season,Totals
1627671,Rachel Banham,Rachel,1611661329,CHI,33,30,11,19,0.367,12.9,96.8,97.9,97.9,99.6,99.5,99.5,-2.8,-1.6,-1.6,0.155,1.36,17.4,0.007,0.073,0.04,12.8,12.6,0.485,0.507,0.173,0.182,102.57,102.01,85.01,102.01,0.056,819,48,132,1.6,4.4,0.364,78,90,182,149,146,181,179,179,29,23,23,110,94,94,94,114,103,197,178,199,127,126,134,152,112,111,27,44,44,167,116,103,135,122,184,1,2026,10,Regular Season,Totals
1630996,Rae Burrell,Rae,1611661320,LAS,26,32,12,20,0.375,28.7,105,106.7,106.7,113.2,114.1,114.1,-8.2,-7.3,-7.3,0.13,1.08,14.8,0.022,0.064,0.043,13.7,13.7,0.524,0.575,0.208,0.211,101.64,100.47,83.72,100.47,0.079,1916,148,328,4.6,10.3,0.451,41,79,192,141,39,102,84,84,188,195,195,164,159,159,121,146,138,156,187,190,143,142,90,84,61,66,41,63,63,120,36,33,42,39,96,1,2026,10,Regular Season,Totals
1643441,Raegan Beers,Raegan,1611661323,CON,23,25,6,19,0.24,10.8,96.8,98.2,98.2,103.5,102.7,102.7,-6.6,-4.5,-4.5,0.116,0.95,16.7,0.103,0.18,0.137,17.5,17.3,0.508,0.547,0.153,0.16,99.55,99.22,82.68,99.22,0.062,556,32,65,1.3,2.6,0.492,117,151,182,196,165,180,176,176,83,61,61,151,128,128,136,163,109,13,33,23,197,195,106,116,157,156,106,102,102,152,136,145,161,171,57,1,2026,10,Regular Season,Totals
1630384,Raquel Carrera,Raquel,1611661313,NYL,24,19,10,9,0.526,5.6,111.5,114,114,101.1,100,100,10.4,14,14,0.095,1.17,18.9,0.075,0.124,0.099,16.2,16.5,0.667,0.666,0.11,0.113,102.53,101.95,84.96,101.95,0.064,229,11,18,0.6,0.9,0.611,143,102,85,107,206,29,17,17,46,26,26,23,9,9,171,134,92,41,86,70,185,191,12,14,200,202,28,45,45,147,177,182,200,214,9,1,2026,10,Regular Season,Totals
1643433,Raven Johnson,Raven,1611661325,IND,23,30,19,11,0.633,11.6,105.6,104.5,104.5,105.6,104.4,104.4,0,0.1,0.1,0.187,1.52,23,0.051,0.117,0.085,15.2,15.2,0.462,0.48,0.163,0.171,101.69,102.87,85.72,102.87,0.061,741,43,105,1.4,3.5,0.41,78,43,112,65,156,90,114,114,107,82,82,88,84,84,60,92,56,79,99,86,172,173,156,179,135,132,40,31,31,155,124,118,147,145,141,1,2026,10,Regular Season,Totals
1642796,Rayah Marshall,Rayah,1611661323,CON,22,1,0,1,0,3.6,17,16.7,16.7,163.9,160,160,-146.9,-143.3,-143.3,0,0,0,0.143,0,0.1,50,50,0,0,0.4,0.405,72.4,74.02,61.68,74.02,1.5,6,0,2,0,2,0,219,217,6,217,215,224,224,224,224,225,225,225,225,225,216,208,216,2,216,63,225,225,217,219,2,2,225,226,226,1,217,213,217,185,217,1,2026,10,Regular Season,Totals
204296,Rebecca Allen,Rebecca,1611661313,NYL,33,19,10,9,0.526,17.2,110.8,112.3,112.3,113.6,114.1,114.1,-2.8,-1.8,-1.8,0.055,1.44,12.1,0.043,0.089,0.066,8.4,8.4,0.5,0.53,0.123,0.126,99.59,98.72,82.26,98.72,0.042,667,31,80,1.6,4.2,0.388,143,102,85,107,103,32,33,33,192,196,196,109,98,98,210,103,172,99,143,124,40,40,113,128,188,191,103,127,127,185,140,137,133,126,167,1,2026,10,Regular Season,Totals
203822,Rebekah Gardner,Rebekah,1611661313,NYL,36,32,19,13,0.594,15.2,106,103.8,103.8,102.8,102,102,3.2,1.8,1.8,0.131,1.9,19.3,0.068,0.093,0.081,10.1,10.1,0.504,0.568,0.143,0.152,99.61,101.04,84.2,101.04,0.082,1023,61,129,1.9,4,0.473,41,43,144,89,123,83,125,125,70,50,50,63,76,76,120,57,90,56,137,96,69,69,110,91,171,170,102,56,56,113,100,105,123,132,69,1,2026,10,Regular Season,Totals
1631009,Rhyne Howard,Rhyne,1611661330,ATL,26,31,20,11,0.645,34.5,105.4,109,109,102.6,104.2,104.2,2.7,4.9,4.9,0.171,2.8,18.1,0.021,0.102,0.057,6.5,6.3,0.521,0.563,0.194,0.202,101.32,98.87,82.39,98.87,0.121,2194,176,435,5.7,14,0.405,61,30,112,58,1,96,63,63,67,75,75,68,62,62,72,12,101,158,123,148,24,24,93,98,74,74,52,122,122,48,23,14,25,13,144,1,2026,10,Regular Season,Totals
1642288,Rickea Jackson,Rickea,1611661329,CHI,25,4,3,1,0.75,29.5,97.3,97.5,97.5,100.6,104.6,104.6,-3.3,-7.2,-7.2,0.143,1,9.3,0.031,0.111,0.072,9.3,9.3,0.45,0.517,0.284,0.289,98.86,96.83,80.69,96.83,0.134,239,24,60,6,15,0.4,198,183,6,23,31,177,181,181,37,87,87,114,158,158,106,151,202,124,106,111,54,55,170,143,8,9,130,177,177,34,151,150,20,9,147,1,2026,10,Regular Season,Totals
1643450,Rori Harmon,Rori,1611661322,WAS,23,10,4,6,0.4,6.7,88.2,86.6,86.6,99.8,96.6,96.6,-11.7,-10,-10,0.297,0.92,31.4,0,0.114,0.056,34.3,34.5,0.35,0.425,0.152,0.156,96.67,99.23,82.69,99.23,0.021,134,3,10,0.3,1,0.3,174,176,58,130,193,214,213,213,32,9,9,184,176,176,19,168,20,204,102,150,223,223,205,199,159,164,195,101,101,204,196,195,211,209,208,1,2026,10,Regular Season,Totals
1629477,Sabrina Ionescu,Sabrina,1611661313,NYL,28,22,11,11,0.5,30.5,108.6,111.7,111.7,112,113.2,113.2,-3.4,-1.5,-1.5,0.239,1.72,21.8,0.028,0.11,0.068,12.6,12.5,0.511,0.567,0.228,0.235,99.35,97.4,81.17,97.4,0.107,1363,117,275,5.3,12.5,0.425,131,90,112,109,22,57,38,38,180,187,187,116,91,91,40,72,69,133,112,118,125,121,103,94,40,41,109,165,165,64,45,43,31,22,123,1,2026,10,Regular Season,Totals
1628244,Sami Whitcomb,Sami,1611661317,PHX,38,12,4,8,0.333,14.8,105.1,104.7,104.7,115.1,113.3,113.3,-10,-8.6,-8.6,0.168,2,24.1,0.017,0.108,0.061,12,12,0.441,0.475,0.149,0.157,101.22,102.17,85.14,102.17,0.052,380,16,51,1.3,4.3,0.314,171,176,77,162,129,101,109,109,198,191,191,174,168,168,76,45,47,176,114,132,110,107,177,183,165,161,55,42,42,172,166,158,154,125,204,1,2026,10,Regular Season,Totals
1642790,Sania Feagin,Sania,1611661327,PDX,23,3,0,3,0,3.4,105.5,100,100,120.6,130.8,130.8,-15,-30.8,-30.8,0.25,0,66.7,0,0.091,0.05,0,0,0,0,0.032,0.038,124.33,122.35,101.96,122.35,-0.02,26,0,1,0,0.3,0,204,217,37,217,216,92,157,157,213,220,220,198,218,218,35,208,1,204,140,174,1,1,217,219,224,224,1,4,4,219,217,220,217,222,217,1,2026,10,Regular Season,Totals
1642809,Saniya Rivers,Saniya,1611661323,CON,23,27,6,21,0.222,21.9,96.8,99.3,99.3,109,111.8,111.8,-12.1,-12.5,-12.5,0.23,2.24,24.2,0.016,0.087,0.049,10.8,10.9,0.368,0.402,0.187,0.191,100.35,97.89,81.58,97.89,0.062,1206,71,205,2.6,7.6,0.346,105,151,201,200,81,179,166,166,153,178,178,188,187,187,43,34,46,180,148,178,80,80,203,202,85,88,79,151,151,153,90,68,89,64,193,1,2026,10,Regular Season,Totals
1642782,Sarah Ashlee Barker,Sarah Ashlee,1611661327,PDX,24,26,10,16,0.385,24.7,101.7,103.1,103.1,106,107.5,107.5,-4.3,-4.4,-4.4,0.168,1.19,18.1,0.035,0.152,0.095,15.2,15.1,0.586,0.603,0.188,0.196,98.97,97.55,81.29,97.55,0.112,1308,108,215,4.2,8.3,0.502,113,102,169,136,59,142,133,133,116,129,129,127,126,126,77,130,100,117,53,76,173,170,36,57,84,84,127,160,160,59,51,65,52,60,45,1,2026,10,Regular Season,Totals
1630149,Satou Sabally,Satou,1611661313,NYL,28,13,8,5,0.615,16.8,111,109.9,109.9,106.3,105,105,4.7,4.9,4.9,0.198,1.14,15.9,0.024,0.128,0.081,14,13.9,0.561,0.609,0.248,0.263,100.42,101.49,84.57,101.49,0.102,463,45,98,3.5,7.5,0.459,164,124,51,75,107,31,55,55,121,93,93,58,61,61,55,138,120,146,81,98,149,147,52,51,26,24,76,51,51,75,120,122,63,65,86,1,2026,10,Regular Season,Totals
1643458,Saylor Poffenbarger,Saylor,1611661329,CHI,23,5,1,4,0.2,5.1,88.8,87.5,87.5,100.5,94.6,94.6,-11.7,-7.1,-7.1,0.059,0,20,0.038,0.25,0.13,0,0,0,0,0.065,0.069,101.47,105.34,87.79,105.34,0.02,56,0,4,0,0.8,0,193,204,43,204,211,213,212,212,35,7,7,185,156,156,205,208,81,110,7,33,1,1,217,219,222,222,47,16,16,207,217,209,217,216,217,1,2026,10,Regular Season,Totals
1643436,Serah Williams,Serah,1611661327,PDX,22,29,11,18,0.379,12.4,105.4,105.1,105.1,107.8,108.2,108.2,-2.4,-3.1,-3.1,0.072,0.67,10.9,0.076,0.146,0.111,16.3,16.4,0.579,0.598,0.16,0.165,96.88,96.8,80.67,96.8,0.067,724,51,89,1.8,3.1,0.573,89,90,177,140,150,94,104,104,143,140,140,104,111,111,196,190,190,38,61,49,188,187,41,63,145,147,191,178,178,141,110,130,128,156,16,1,2026,10,Regular Season,Totals
1631022,Shakira Austin,Shakira,1611661322,WAS,26,31,18,13,0.581,29.7,101.5,102.4,102.4,98.8,101.1,101.1,2.8,1.3,1.3,0.171,0.91,12.9,0.068,0.242,0.159,14.2,14.1,0.493,0.549,0.252,0.262,97.65,96.13,80.11,96.13,0.178,1843,181,383,5.8,12.4,0.473,61,54,144,100,27,144,140,140,23,39,39,67,78,78,73,171,162,53,11,14,155,151,124,113,24,25,177,194,194,5,21,20,23,24,70,1,2026,10,Regular Season,Totals
1628278,Shatori Walker-Kimbrough,Shatori,1611661330,ATL,31,8,6,2,0.75,2.4,93.9,90.2,90.2,134.5,123.3,123.3,-40.6,-33,-33,0.182,2,22.2,0,0.125,0.061,11.1,11.3,0.4,0.51,0.152,0.159,100.44,107.06,89.22,107.06,0.076,41,2,5,0.3,0.6,0.4,181,151,25,23,221,202,207,207,221,216,216,222,219,219,64,45,65,204,83,134,84,90,197,148,158,159,75,10,10,125,201,205,212,219,147,2,2026,10,Regular Season,Totals
1643470,Shay Ciezki,Shay,1611661317,PHX,22,2,1,1,0.5,4.7,140.5,165,165,80.5,71.4,71.4,60.1,93.6,93.6,0.143,0,33.3,0,0.1,0.045,0,0,0.75,0.75,0.08,0.078,106.78,103.94,86.62,103.94,0.1,20,1,2,0.5,1,0.5,212,204,6,109,213,1,1,1,4,3,3,1,1,1,106,208,12,204,127,185,1,1,6,7,218,218,9,22,22,80,210,213,204,209,46,1,2026,10,Regular Season,Totals
1631021,Sika Kone,Sika,1611661330,ATL,24,27,17,10,0.63,5.3,103,101.4,101.4,102.3,101,101,0.6,0.4,0.4,0.065,0.75,8.3,0.092,0.131,0.109,11.1,11.2,0.347,0.418,0.189,0.2,97.52,98.93,82.44,98.93,0.018,291,15,49,0.6,1.8,0.306,105,58,100,68,208,129,147,147,63,38,38,84,83,83,198,184,208,25,77,52,84,88,206,200,83,76,180,119,119,209,167,162,202,194,206,1,2026,10,Regular Season,Totals
203400,Skylar Diggins,Skylar,1611661329,CHI,36,19,5,14,0.263,29.1,101.7,104,104,108.1,111.1,111.1,-6.4,-7,-7,0.289,2.82,24.2,0.022,0.083,0.052,8.6,8.5,0.45,0.515,0.223,0.229,101.48,98.96,82.47,98.96,0.106,1140,87,222,4.6,11.7,0.392,143,163,154,189,35,141,122,122,147,173,173,150,154,154,23,10,45,153,158,166,44,43,169,146,44,45,46,117,117,66,71,62,46,29,161,1,2026,10,Regular Season,Totals
1642785,Sonia Citron,Sonia,1611661322,WAS,22,29,17,12,0.586,33.6,102.7,103.5,103.5,100.2,102.3,102.3,2.5,1.2,1.2,0.201,1.47,18.5,0.026,0.089,0.058,12.6,12.5,0.518,0.611,0.211,0.219,97.06,95.71,79.76,95.71,0.14,1946,153,330,5.3,11.4,0.464,89,58,127,96,3,132,129,129,33,55,55,71,81,81,54,100,94,139,145,142,122,125,95,49,59,58,187,206,206,28,34,31,33,32,80,1,2026,10,Regular Season,Totals
1629482,Sophie Cunningham,Sophie,1611661325,IND,29,32,20,12,0.625,23,111.5,113.2,113.2,106.2,105.9,105.9,5.3,7.2,7.2,0.078,1.67,14.7,0.012,0.087,0.052,8.8,8.8,0.639,0.689,0.133,0.136,102.21,101.59,84.66,101.59,0.089,1550,87,180,2.7,5.6,0.483,41,30,127,69,71,28,24,24,120,104,104,54,43,43,189,77,141,183,147,171,47,49,15,11,180,184,31,49,49,92,71,77,87,96,62,1,2026,10,Regular Season,Totals
203828,Stefanie Dolson,Stefanie,1611661328,SEA,34,35,7,28,0.2,15.8,96.7,97.7,97.7,106.6,106.1,106.1,-9.9,-8.4,-8.4,0.118,1.38,23.4,0.04,0.105,0.073,17,17,0.574,0.623,0.102,0.105,99.05,98.8,82.33,98.8,0.055,1130,41,88,1.2,2.5,0.466,1,137,223,204,117,183,180,180,128,107,107,172,166,166,134,113,54,107,119,109,194,194,45,36,207,208,123,125,125,169,125,131,164,175,77,1,2026,10,Regular Season,Totals
203855,Stephanie Talbot,Stephanie,1611661319,LVA,32,34,23,11,0.676,16.8,104.2,102.7,102.7,103.4,104.7,104.7,0.8,-2,-2,0.088,1.57,20.8,0.053,0.098,0.077,13.3,13.3,0.486,0.502,0.105,0.109,97.74,97.81,81.51,97.81,0.049,1168,44,106,1.3,3.1,0.415,11,12,112,48,106,117,136,136,82,89,89,83,101,101,177,89,76,72,131,102,136,138,132,158,206,205,174,153,153,174,122,117,159,155,137,1,2026,10,Regular Season,Totals
1630134,Sug Sutton,Sug,1611661321,DAL,27,19,9,10,0.474,11.1,102.7,100.7,100.7,112.3,110.8,110.8,-9.5,-10.1,-10.1,0.319,2.75,34.1,0.009,0.075,0.041,12.4,12.5,0.508,0.52,0.17,0.177,97.89,99.53,82.94,99.53,0.083,440,29,63,1.5,3.3,0.46,143,115,100,120,160,131,153,153,182,172,172,169,178,178,18,19,11,189,176,194,118,122,105,139,118,114,169,92,92,111,142,148,141,150,85,2,2026,10,Regular Season,Totals
1642321,Sydney Taylor,Sydney,1611661329,CHI,25,28,10,18,0.357,20.6,105.9,107.9,107.9,103.4,102.8,102.8,2.5,5.1,5.1,0.145,1.12,10.9,0.018,0.057,0.037,9.7,9.5,0.549,0.586,0.277,0.287,103.5,102.84,85.7,102.84,0.104,1231,145,318,5.2,11.4,0.456,100,102,177,154,86,85,72,72,81,63,63,70,56,56,103,141,191,167,199,203,60,59,64,71,12,11,21,33,33,71,37,35,35,33,92,1,2026,10,Regular Season,Totals
1643444,Ta'Niya Latson,Ta'Niya,1611661319,LVA,22,14,5,9,0.357,6.4,103.7,99.5,99.5,115.8,116.1,116.1,-12.1,-16.7,-16.7,0.156,0.7,13,0.046,0.122,0.085,18.5,18.5,0.519,0.635,0.221,0.236,100.78,102.74,85.61,102.74,0.105,192,12,26,0.9,1.9,0.462,162,163,85,154,195,122,165,165,202,206,206,186,201,201,92,188,161,90,87,88,199,200,94,24,47,38,61,34,34,70,173,174,187,193,82,2,2026,10,Regular Season,Totals
1643473,Taina Mair,Taina,1611661328,SEA,22,5,0,5,0,4,84.1,89.7,89.7,139.2,134.1,134.1,-55,-44.4,-44.4,0.375,1.5,21.4,0.043,0.063,0.051,14.3,14.4,0.313,0.394,0.234,0.239,96.22,94.89,79.08,94.89,0.021,39,2,8,0.4,1.6,0.25,193,217,51,217,214,217,209,209,223,222,222,223,223,223,10,93,70,97,190,172,156,160,212,204,34,35,202,214,214,205,201,199,206,200,211,1,2026,10,Regular Season,Totals
1642814,Taylor Thierry,Taylor,1611661328,SEA,23,10,5,5,0.5,6,96,95.2,95.2,100.3,96.9,96.9,-4.2,-1.7,-1.7,0.097,3,18.8,0.129,0.074,0.101,6.3,6.3,0.5,0.547,0.088,0.091,98.58,100.74,83.95,100.74,0.079,125,4,11,0.4,1.1,0.364,174,163,51,109,201,186,191,191,34,12,12,125,96,96,165,6,93,4,177,62,22,22,113,117,216,216,144,59,59,118,192,194,206,208,184,1,2026,10,Regular Season,Totals
1642804,Te-Hina Paopao,Te-Hina,1611661330,ATL,23,24,14,10,0.583,12.5,94.8,97,97,108.2,106,106,-13.4,-9,-9,0.211,2.38,25.2,0.009,0.067,0.036,10.6,10.6,0.462,0.482,0.152,0.156,101.31,101.21,84.34,101.21,0.052,632,32,93,1.3,3.9,0.344,122,73,100,99,149,195,187,187,148,105,105,191,172,172,51,28,42,191,184,206,76,76,155,178,160,162,53,55,55,171,136,128,154,138,195,1,2026,10,Regular Season,Totals
1629479,Teaira McCowan,Teaira,1611661324,MIN,29,10,8,2,0.8,6.8,110.3,110.9,110.9,85.5,80.9,80.9,24.9,30.1,30.1,0.059,0.5,12,0.075,0.253,0.169,24,23.7,0.467,0.429,0.135,0.141,93.57,95.87,79.89,95.87,0.033,137,7,15,0.7,1.5,0.467,174,124,25,10,192,39,42,42,5,5,5,2,2,2,205,198,174,42,5,6,215,215,150,197,178,179,217,202,202,196,188,190,194,202,75,1,2026,10,Regular Season,Totals
1643506,Teja Oblak,Teja,1611661327,PDX,35,25,9,16,0.36,13.4,99.2,99.1,99.1,105.5,106.2,106.2,-6.3,-7.1,-7.1,0.401,1.17,26.8,0.044,0.083,0.064,22.9,22.9,0.53,0.546,0.262,0.275,95.72,95.48,79.56,95.48,0.09,668,60,133,2.4,5.3,0.451,117,115,169,153,144,165,168,168,105,109,109,145,155,155,8,133,37,96,156,127,213,213,86,120,17,16,205,210,210,89,101,101,100,101,97,1,2026,10,Regular Season,Totals
1627701,Temi Fagbenle,Temi,1611661332,TOR,33,16,2,14,0.125,15.3,102.3,101.1,101.1,113.7,113.4,113.4,-11.4,-12.2,-12.2,0.105,0.94,15.2,0.074,0.139,0.106,16.2,16.3,0.515,0.52,0.149,0.155,101.82,102.53,85.44,102.53,0.049,524,32,65,2,4.1,0.492,155,193,154,215,120,137,149,149,194,192,192,182,185,185,154,165,130,43,69,54,183,184,100,138,164,165,38,37,37,177,136,145,115,130,57,1,2026,10,Regular Season,Totals
1643457,Teonni Key,Teonni,1611661332,TOR,23,29,9,20,0.31,8.1,98.4,98.6,98.6,114.7,113,113,-16.4,-14.4,-14.4,0.069,0.71,13.7,0.081,0.1,0.09,19.2,19.2,0.443,0.461,0.111,0.115,99.43,100.08,83.4,100.08,0.032,492,18,44,0.6,1.5,0.409,89,115,192,179,187,171,173,173,197,185,185,204,196,196,197,187,152,32,127,78,204,204,174,187,199,200,108,69,69,198,160,164,197,201,142,1,2026,10,Regular Season,Totals
203026,Tiffany Hayes,Tiffany,1611661331,GSV,36,31,23,8,0.742,16.2,109.8,111.4,111.4,101.8,102.5,102.5,8,9,9,0.275,2.33,23.4,0.022,0.084,0.052,10,10,0.506,0.588,0.218,0.228,94.54,93.53,77.94,93.53,0.131,980,82,178,2.6,5.7,0.461,61,12,77,31,115,45,39,39,53,59,59,30,29,29,26,31,53,152,155,167,68,66,107,68,52,47,214,218,218,40,78,79,88,90,84,1,2026,10,Regular Season,Totals
1643647,Tima Pouye,Tima,1611661332,TOR,27,19,6,13,0.316,9.4,105.7,104.9,104.9,120.8,117.6,117.6,-15.1,-12.8,-12.8,0.198,1.57,22.2,0.034,0.06,0.046,14.1,14.2,0.418,0.477,0.181,0.189,98.08,99.81,83.18,99.81,0.02,371,19,55,1,2.9,0.345,143,151,144,176,178,88,106,106,214,212,212,199,189,189,56,87,65,119,196,182,153,155,190,182,90,92,160,82,82,206,158,154,172,162,194,1,2026,10,Regular Season,Totals
1643439,Tonie Morgan,Tonie,1611661320,LAS,22,1,0,1,0,6.4,105.6,107.1,107.1,113.6,100,100,-8,7.1,7.1,0.25,0.5,20,0.111,0,0.067,40,40,0.75,0.75,0.235,0.233,99.14,104.67,87.23,104.67,-0.03,14,1,2,1,2,0.5,219,217,6,217,194,89,80,80,193,26,26,159,44,44,35,198,81,10,216,123,224,224,6,7,32,43,118,18,18,220,210,213,172,185,46,1,2026,10,Regular Season,Totals
1630112,Tyasha Harris,Tyasha,1611661325,IND,28,28,18,10,0.643,14.1,113.8,113.6,113.6,102.4,101.8,101.8,11.4,11.8,11.8,0.218,3.39,32.4,0.009,0.068,0.04,9.6,9.6,0.474,0.53,0.137,0.143,99.33,99.71,83.09,99.71,0.074,817,39,97,1.4,3.5,0.402,100,54,100,61,137,18,23,23,64,46,46,17,14,14,50,4,16,192,182,196,58,60,143,129,177,177,110,84,84,129,127,123,150,147,145,1,2026,10,Regular Season,Totals
204468,Valeriane Ayayi,Valeriane,1611661317,PHX,32,29,12,17,0.414,16.8,101,102.6,102.6,106,106.4,106.4,-4.9,-3.8,-3.8,0.124,0.86,14.9,0.041,0.13,0.085,17.4,17.3,0.459,0.588,0.179,0.186,100.35,99.39,82.83,99.39,0.084,1007,47,122,1.6,4.2,0.385,89,79,173,126,108,150,137,137,115,114,114,130,122,122,127,177,135,104,78,87,196,196,161,69,97,97,80,96,96,110,118,109,134,127,170,1,2026,10,Regular Season,Totals
1631007,Veronica Burton,Veronica,1611661331,GSV,26,33,24,9,0.727,28.6,106.5,110.1,110.1,96.2,98.1,98.1,10.3,12,12,0.333,3.59,31.1,0.038,0.086,0.061,8.7,8.6,0.502,0.563,0.193,0.199,93.53,91.11,75.93,91.11,0.139,1792,132,309,4,9.4,0.427,22,8,85,33,40,80,53,53,11,17,17,24,13,13,15,2,21,113,150,133,45,45,111,97,76,77,218,225,225,29,40,37,54,50,118,1,2026,10,Regular Season,Totals
1641660,Zia Cooke,Zia,1611661328,SEA,25,35,7,28,0.2,14.8,99.4,101,101,105.8,106.3,106.3,-6.3,-5.3,-5.3,0.113,0.86,9.1,0.032,0.08,0.056,10.6,10.6,0.414,0.48,0.256,0.265,99.31,98.33,81.94,98.33,0.06,1050,84,238,2.4,6.8,0.353,1,137,223,204,131,161,152,152,110,112,112,146,136,136,142,176,203,121,166,151,75,75,194,181,22,21,111,142,142,161,75,56,100,81,190,1,2026,10,Regular Season,Totals
