player_id,player_name,nickname,team_id,team_abbreviation,age,gp,w,l,w_pct,min,pct_fga_2_pt,pct_fga_3_pt,pct_pts_2_pt,pct_pts_2_pt_mr,pct_pts_3_pt,pct_pts_fb,pct_pts_ft,pct_pts_off_tov,pct_pts_paint,pct_ast_2_pm,pct_uast_2_pm,pct_ast_3_pm,pct_uast_3_pm,pct_ast_fgm,pct_uast_fgm,fgm,fga,fg_pct,gp_rank,w_rank,l_rank,w_pct_rank,min_rank,pct_fga_2_pt_rank,pct_fga_3_pt_rank,pct_pts_2_pt_rank,pct_pts_2_pt_mr_rank,pct_pts_3_pt_rank,pct_pts_fb_rank,pct_pts_ft_rank,pct_pts_off_tov_rank,pct_pts_paint_rank,pct_ast_2_pm_rank,pct_uast_2_pm_rank,pct_ast_3_pm_rank,pct_uast_3_pm_rank,pct_ast_fgm_rank,pct_uast_fgm_rank,fgm_rank,fga_rank,fg_pct_rank,team_count,season,league_id,season_type,per_mode
1628932,A'ja Wilson,A'ja,1611661319,LVA,30,31,22,9,0.71,32.1,0.867,0.133,0.631,0.145,0.114,0.074,0.255,0.124,0.486,0.728,0.272,0.968,0.032,0.753,0.247,288,550,0.524,61,19,85,40,13,37,188,53,16,174,137,35,177,85,66,147,91,101,95,122,1,2,36,1,2026,10,Regular Season,Totals
1642290,Aaliyah Edwards,Aaliyah,1611661323,CON,24,21,7,14,0.333,19.2,0.932,0.068,0.743,0.158,0.059,0.059,0.198,0.134,0.584,0.653,0.347,1,0,0.671,0.329,79,147,0.537,134,137,154,162,93,26,199,28,13,181,146,86,166,50,100,113,1,107,128,89,82,94,28,1,2026,10,Regular Season,Totals
1642801,Aaliyah Nye,Aaliyah,1611661330,ATL,23,15,9,6,0.6,1.4,0.5,0.5,0.4,0,0.6,0,0,0.6,0.4,1,0,1,0,1,0,2,6,0.333,158,115,58,84,223,152,66,147,160,21,184,203,5,116,1,198,1,107,1,199,201,202,197,1,2026,10,Regular Season,Totals
1642786,Aicha Coulibaly,Aicha,1611661329,CHI,24,23,8,15,0.348,13.7,0.788,0.212,0.598,0.017,0.026,0.188,0.376,0.188,0.581,0.914,0.086,0,1,0.889,0.111,36,85,0.424,126,124,165,161,142,50,175,66,144,187,22,8,105,51,17,196,189,1,33,182,132,132,124,1,2026,10,Regular Season,Totals
1629501,Alanna Smith,Alanna,1611661321,DAL,29,26,16,10,0.615,16.7,0.549,0.451,0.548,0.055,0.329,0.199,0.123,0.212,0.493,0.875,0.125,1,0,0.911,0.089,56,133,0.421,113,65,100,75,109,128,97,82,86,103,20,165,64,83,24,189,1,107,24,193,106,101,129,1,2026,10,Regular Season,Totals
1643525,Alex Fowler,Alex,1611661313,NYL,25,2,1,1,0.5,15.6,0.3,0.7,0.333,0,0.5,0,0.167,0,0.333,1,0,1,0,1,0,4,10,0.4,212,204,6,109,118,199,25,173,160,49,184,116,204,148,1,198,1,107,1,199,192,195,147,1,2026,10,Regular Season,Totals
1642775,Alex Wilson,Alex,1611661322,WAS,32,4,2,2,0.5,14.5,0.267,0.733,0.333,0,0.5,0,0.167,0,0.333,0.5,0.5,1,0,0.75,0.25,4,15,0.267,198,193,25,109,135,209,16,173,160,49,184,116,204,148,142,63,1,107,96,118,192,190,209,1,2026,10,Regular Season,Totals
1643644,Alicia Florez,Alicia,1611661322,WAS,22,23,14,9,0.609,14,0.611,0.389,0.578,0.096,0.253,0.157,0.169,0.193,0.482,0.25,0.75,0.571,0.429,0.323,0.677,31,95,0.326,126,73,85,80,139,108,117,75,37,133,39,114,97,87,195,18,181,11,207,10,140,124,202,1,2026,10,Regular Season,Totals
1642293,Alissa Pili,Alissa,1611661320,LAS,25,3,2,1,0.667,5.9,0.75,0.25,1,0,0,0,0,0.5,1,0.5,0.5,0,0,0.5,0.5,2,4,0.5,204,193,6,49,202,59,164,1,160,192,184,203,7,1,142,63,189,107,185,27,201,209,46,1,2026,10,Regular Season,Totals
1641648,Aliyah Boston,Aliyah,1611661325,IND,24,30,19,11,0.633,27.2,0.771,0.229,0.609,0.051,0.224,0.051,0.167,0.147,0.558,0.613,0.387,1,0,0.689,0.311,193,363,0.532,78,43,112,65,48,53,172,60,90,146,152,115,151,59,112,99,1,107,119,98,17,23,30,1,2026,10,Regular Season,Totals
1628277,Allisha Gray,Allisha,1611661330,ATL,31,32,20,12,0.625,32.9,0.617,0.383,0.508,0.03,0.257,0.177,0.235,0.195,0.479,0.701,0.299,1,0,0.777,0.223,206,449,0.459,41,30,127,69,7,104,121,102,123,131,28,52,92,89,79,133,1,107,88,129,12,11,88,1,2026,10,Regular Season,Totals
202252,Alysha Clark,Alysha,1611661321,DAL,39,21,13,8,0.619,9.4,0.314,0.686,0.233,0.047,0.558,0.116,0.209,0.14,0.186,0.6,0.4,1,0,0.846,0.154,13,35,0.371,134,75,77,74,177,197,28,195,97,41,77,70,157,192,119,91,1,107,51,165,169,169,179,1,2026,10,Regular Season,Totals
203826,Alyssa Thomas,Alyssa,1611661317,PHX,34,33,11,22,0.333,34,0.994,0.006,0.757,0.049,0,0.149,0.243,0.137,0.708,0.557,0.443,0,0,0.557,0.443,185,360,0.514,22,90,205,162,2,16,209,25,92,192,44,46,162,22,132,81,189,107,166,51,20,24,39,1,2026,10,Regular Season,Totals
1629539,Amy Okonkwo,Amy,1611661330,ATL,29,1,0,1,0,1.3,0,1,0,0,0,0,1,0,0,0,0,0,0,0,0,0,1,0,219,217,6,217,224,220,1,213,160,192,184,1,204,211,205,198,189,107,212,199,217,220,217,1,2026,10,Regular Season,Totals
1642797,Anastasiia Olairi Kosu,Anastasiia Olairi,1611661324,MIN,21,27,21,6,0.778,11,0.963,0.037,0.685,0,0.056,0.12,0.259,0.222,0.685,0.649,0.351,1,0,0.667,0.333,39,82,0.476,105,24,58,19,163,23,202,34,160,182,73,31,53,27,102,111,1,107,129,83,127,134,67,1,2026,10,Regular Season,Totals
1642800,Aneesah Morrow,Aneesah,1611661332,TOR,23,24,3,21,0.125,22.5,0.701,0.299,0.625,0.089,0.223,0.052,0.152,0.201,0.535,0.536,0.464,0.95,0.05,0.615,0.385,104,244,0.426,122,183,201,215,75,77,148,55,45,147,151,137,82,66,138,75,98,93,149,68,54,52,121,2,2026,10,Regular Season,Totals
1642291,Angel Reese,Angel,1611661330,ATL,24,31,20,11,0.645,30.7,0.902,0.098,0.668,0.004,0.037,0.122,0.295,0.204,0.664,0.61,0.39,1,0,0.624,0.376,170,397,0.428,61,30,112,58,20,29,196,38,159,185,69,20,76,36,116,97,1,107,147,70,24,18,117,1,2026,10,Regular Season,Totals
1643455,Angela Dugalic,Angela,1611661322,WAS,24,28,15,13,0.536,10.9,0.659,0.341,0.71,0.065,0.129,0.043,0.161,0.301,0.645,0.818,0.182,1,0,0.838,0.162,37,85,0.435,100,69,144,105,164,88,137,31,74,171,162,125,17,39,31,180,1,107,55,162,131,132,109,1,2026,10,Regular Season,Totals
1630993,Anneli Maley,Anneli,1611661313,NYL,27,6,1,5,0.167,8.8,0.5,0.5,0,0,0.5,0,0.5,0,0,0,0,1,0,1,0,1,10,0.1,190,204,51,211,184,152,66,213,160,49,184,4,204,211,205,198,1,107,1,199,210,195,216,2,2026,10,Regular Season,Totals
1643489,Antonia Delaere,Antonia,1611661324,MIN,32,35,28,7,0.8,11.9,0.317,0.683,0.243,0.056,0.701,0.103,0.056,0.14,0.187,0.923,0.077,0.92,0.08,0.921,0.079,38,82,0.463,1,1,63,10,154,195,30,193,83,13,95,195,156,191,16,197,116,75,21,196,130,134,81,1,2026,10,Regular Season,Totals
1628878,Ariel Atkins,Ariel,1611661320,LAS,30,30,11,19,0.367,27.7,0.494,0.506,0.426,0.144,0.433,0.108,0.141,0.181,0.282,0.695,0.305,1,0,0.818,0.182,99,259,0.382,78,90,182,149,46,161,64,135,17,65,84,146,115,164,82,131,1,107,60,156,59,46,173,1,2026,10,Regular Season,Totals
1629481,Arike Ogunbowale,Arike,1611661321,DAL,29,34,20,14,0.588,29.8,0.568,0.432,0.398,0.116,0.361,0.153,0.241,0.183,0.281,0.455,0.545,0.817,0.183,0.591,0.409,159,410,0.388,11,30,154,92,25,124,101,155,25,89,42,48,112,165,159,53,155,37,158,59,30,16,166,1,2026,10,Regular Season,Totals
1643437,Ashlon Jackson,Ashlon,1611661323,CON,22,7,2,5,0.286,10.6,0.25,0.75,0.4,0,0.6,0.4,0,0.4,0.4,0,1,1,0,0.5,0.5,4,12,0.333,186,193,51,185,169,211,12,147,160,21,3,203,10,116,205,1,1,107,185,27,192,192,197,1,2026,10,Regular Season,Totals
1641695,Ashten Prechtel,Ashten,1611661331,GSV,25,2,2,0,1,11.5,0.4,0.6,0.25,0,0.375,0,0.375,0,0.25,1,0,1,0,1,0,2,5,0.4,212,193,1,1,158,182,42,191,160,84,184,9,204,176,1,198,1,107,1,199,201,205,147,1,2026,10,Regular Season,Totals
1642826,Aubrey Griffin,Aubrey,1611661313,NYL,24,4,3,1,0.75,1.9,1,0,1,0,0,0,0,0,1,0,1,0,0,0,1,1,1,1,198,183,6,23,222,1,210,1,160,192,184,203,204,1,205,1,189,107,212,1,210,220,1,1,2026,10,Regular Season,Totals
1643443,Awa Fam,Awa,1611661328,SEA,20,29,5,24,0.172,28.2,0.543,0.457,0.502,0.115,0.417,0.068,0.081,0.18,0.386,0.797,0.203,0.951,0.049,0.852,0.148,115,254,0.453,89,163,220,210,43,131,94,106,27,70,142,185,116,124,40,173,97,95,48,169,47,48,95,1,2026,10,Regular Season,Totals
1630386,Awak Kuier,Awak,1611661321,DAL,24,31,18,13,0.581,15.9,0.607,0.393,0.57,0.035,0.314,0.209,0.116,0.151,0.535,0.898,0.102,0.944,0.056,0.91,0.09,67,135,0.496,61,54,144,100,116,112,113,77,115,109,18,168,144,68,19,194,101,90,25,192,94,99,52,1,2026,10,Regular Season,Totals
1642793,Aziaha James,Aziaha,1611661321,DAL,23,34,20,14,0.588,11.5,0.719,0.281,0.602,0.126,0.175,0.121,0.223,0.199,0.476,0.5,0.5,0.917,0.083,0.568,0.432,74,192,0.385,11,30,154,92,157,68,157,65,22,163,70,59,87,90,142,63,118,72,164,53,86,74,169,1,2026,10,Regular Season,Totals
1628922,Azura Stevens,Azura,1611661329,CHI,30,25,6,19,0.24,24.6,0.645,0.355,0.58,0.072,0.25,0.087,0.17,0.123,0.507,0.713,0.288,0.913,0.087,0.757,0.243,103,251,0.41,117,151,182,196,60,93,132,74,66,134,118,112,178,76,74,139,122,69,94,123,55,50,139,1,2026,10,Regular Season,Totals
1643425,Azzi Fudd,Azzi,1611661321,DAL,23,30,19,11,0.633,31.7,0.544,0.456,0.478,0.244,0.473,0.181,0.049,0.176,0.234,0.723,0.277,0.935,0.065,0.808,0.192,156,342,0.456,78,43,112,65,16,130,95,116,5,55,26,198,120,182,67,146,109,82,68,149,32,26,91,1,2026,10,Regular Season,Totals
204335,Betnijah Laney-Hamilton,Betnijah,1611661322,WAS,32,18,11,7,0.611,16.7,0.438,0.562,0.372,0.163,0.384,0.093,0.244,0.174,0.209,0.313,0.688,1,0,0.593,0.407,27,73,0.37,148,90,63,79,110,178,47,161,12,78,108,45,122,187,186,26,1,107,157,60,146,141,182,2,2026,10,Regular Season,Totals
1627668,Breanna Stewart,Breanna,1611661313,NYL,31,33,20,13,0.606,33.2,0.801,0.199,0.604,0.051,0.115,0.091,0.281,0.15,0.553,0.675,0.325,0.889,0.111,0.699,0.301,239,508,0.47,22,30,144,83,6,44,181,62,88,173,112,24,147,62,88,125,130,60,117,100,4,4,73,1,2026,10,Regular Season,Totals
1642788,Bree Hall,Bree,1611661325,IND,23,2,1,1,0.5,5.4,0.8,0.2,0.4,0,0.6,0.6,0,0,0.4,1,0,1,0,1,0,2,5,0.4,212,204,6,109,207,45,179,147,160,21,2,203,204,116,1,198,1,107,1,199,201,205,147,1,2026,10,Regular Season,Totals
1629488,Brianna Turner,Brianna,1611661319,LVA,30,31,22,9,0.71,12.9,1,0,0.964,0,0,0,0.036,0.071,0.964,1,0,0,0,1,0,27,44,0.614,61,19,85,40,145,1,210,8,160,192,184,200,200,7,1,198,189,107,1,199,146,164,8,1,2026,10,Regular Season,Totals
1629524,Bridget Carleton,Bridget,1611661327,PDX,29,32,13,19,0.406,30.4,0.379,0.621,0.277,0.064,0.582,0.096,0.141,0.134,0.213,0.446,0.554,0.934,0.066,0.731,0.269,156,375,0.416,41,75,182,129,24,184,41,187,75,30,105,147,165,186,161,52,113,79,108,109,32,21,135,1,2026,10,Regular Season,Totals
1628280,Brionna Jones,Brionna,1611661330,ATL,30,8,6,2,0.75,18.5,0.882,0.118,0.703,0,0.041,0.027,0.256,0.149,0.703,0.769,0.231,1,0,0.778,0.222,27,51,0.529,181,151,25,23,95,35,190,33,160,184,174,32,149,24,51,162,1,107,86,130,146,158,31,1,2026,10,Regular Season,Totals
203398,Brittney Griner,Brittney,1611661323,CON,35,17,7,10,0.412,25.7,0.983,0.017,0.814,0.139,0,0.017,0.186,0.177,0.675,0.809,0.191,0,0,0.809,0.191,94,175,0.537,151,137,100,127,54,18,207,16,20,192,182,95,119,32,36,177,189,107,66,151,66,82,29,1,2026,10,Regular Season,Totals
1628279,Brittney Sykes,Brittney,1611661332,TOR,32,15,7,8,0.467,31.8,0.741,0.259,0.532,0.093,0.159,0.106,0.309,0.15,0.439,0.313,0.688,0.688,0.313,0.375,0.625,96,228,0.421,158,137,77,121,14,63,162,88,42,164,88,16,148,105,186,26,169,22,200,17,63,60,129,1,2026,10,Regular Season,Totals
1642286,Caitlin Clark,Caitlin,1611661325,IND,24,29,17,12,0.586,30.4,0.5,0.5,0.366,0.076,0.377,0.089,0.257,0.153,0.29,0.191,0.809,0.532,0.468,0.33,0.67,194,438,0.443,89,58,127,96,23,152,66,164,61,83,115,34,139,161,199,14,182,10,206,11,15,12,103,1,2026,10,Regular Season,Totals
1642287,Cameron Brink,Cameron,1611661320,LAS,24,24,9,15,0.375,18.1,0.595,0.405,0.505,0.037,0.275,0.05,0.22,0.147,0.468,0.745,0.255,1,0,0.813,0.187,75,153,0.49,122,115,165,141,96,114,111,105,113,123,154,64,152,95,57,155,1,107,63,154,84,89,60,1,2026,10,Regular Season,Totals
1642304,Carla Leite,Carla,1611661327,PDX,22,30,12,18,0.4,25.3,0.788,0.212,0.481,0.047,0.155,0.077,0.364,0.163,0.433,0.214,0.786,0.458,0.542,0.257,0.743,136,306,0.444,78,79,177,130,56,51,174,115,96,165,129,10,134,106,197,16,185,7,208,9,38,38,102,1,2026,10,Regular Season,Totals
1643467,Cassandre Prosper,Cassandre,1611661322,WAS,21,28,17,11,0.607,11.7,0.587,0.413,0.609,0.058,0.304,0.145,0.087,0.203,0.551,0.571,0.429,1,0,0.679,0.321,28,92,0.304,100,58,112,81,155,119,106,61,79,112,49,183,78,64,126,85,1,107,124,93,145,129,207,1,2026,10,Regular Season,Totals
1628508,Cecilia Zandalasini,Cecilia,1611661331,GSV,30,29,22,7,0.759,18.7,0.502,0.498,0.408,0.171,0.478,0.061,0.114,0.167,0.237,0.54,0.46,0.821,0.179,0.663,0.337,89,217,0.41,89,19,63,21,94,151,74,144,8,54,145,169,127,180,136,77,152,40,135,82,69,64,140,1,2026,10,Regular Season,Totals
1643462,Chance Gray,Chance,1611661320,LAS,22,29,9,20,0.31,10.5,0.25,0.75,0.175,0,0.638,0.075,0.187,0.263,0.175,0.714,0.286,0.941,0.059,0.875,0.125,24,68,0.353,89,115,192,179,170,211,12,204,160,18,134,94,29,196,69,140,103,89,38,177,151,142,190,1,2026,10,Regular Season,Totals
1643449,Charlisse Leger-Walker,Charlisse,1611661323,CON,24,31,8,23,0.258,23,0.597,0.403,0.492,0.101,0.332,0.126,0.176,0.291,0.392,0.429,0.571,0.818,0.182,0.549,0.451,71,196,0.362,61,124,216,191,70,113,112,112,34,102,65,105,19,122,165,45,153,38,168,49,90,72,187,1,2026,10,Regular Season,Totals
203833,Chelsea Gray,Chelsea,1611661319,LVA,33,33,23,10,0.697,33.4,0.514,0.486,0.415,0.164,0.457,0.109,0.128,0.205,0.251,0.267,0.733,0.873,0.127,0.523,0.477,149,329,0.453,22,12,100,43,4,143,82,143,11,59,83,159,72,175,194,19,137,55,176,41,35,32,94,1,2026,10,Regular Season,Totals
1630150,Chennedy Carter,Chennedy,1611661319,LVA,27,13,9,4,0.692,16.9,0.79,0.21,0.616,0.101,0.208,0.138,0.176,0.233,0.516,0.245,0.755,0.727,0.273,0.333,0.667,60,100,0.6,164,115,43,47,105,48,177,57,33,151,53,104,44,71,196,17,168,24,204,12,101,120,11,1,2026,10,Regular Season,Totals
204323,Cheyenne Parker-Tyus,Cheyenne,1611661319,LVA,33,23,16,7,0.696,10.6,0.842,0.158,0.619,0.018,0.106,0.053,0.275,0.204,0.602,0.8,0.2,1,0,0.821,0.179,39,76,0.513,126,65,63,45,168,39,186,56,142,175,150,26,77,46,38,174,1,107,59,158,127,140,40,1,2026,10,Regular Season,Totals
1631064,Chloe Bibby,Chloe,1611661324,MIN,28,4,3,1,0.75,12.8,0.4,0.6,0.364,0,0.545,0,0.091,0.136,0.364,0.75,0.25,1,0,0.875,0.125,8,20,0.4,198,183,6,23,147,182,42,165,160,44,184,182,163,136,54,157,1,107,38,177,185,179,147,1,2026,10,Regular Season,Totals
1643424,Costanza Verona,Costanza,1611661321,DAL,27,1,0,1,0,5.8,1,0,1,1,0,0,0,0,0,0,1,0,0,0,1,2,2,1,219,217,6,217,204,1,210,1,1,192,184,203,204,211,205,1,189,107,212,1,201,213,1,1,2026,10,Regular Season,Totals
1643430,Cotie McMahon,Cotie,1611661322,WAS,22,30,18,12,0.6,20.6,0.648,0.352,0.5,0.029,0.265,0.172,0.235,0.255,0.471,0.412,0.588,1,0,0.565,0.435,69,176,0.392,78,54,127,84,87,92,133,108,124,126,31,51,32,92,173,40,1,107,165,52,92,81,160,1,2026,10,Regular Season,Totals
202664,Courtney Vandersloot,Courtney,1611661329,CHI,37,17,7,10,0.412,20.4,0.664,0.336,0.45,0.066,0.298,0.093,0.252,0.192,0.384,0.441,0.559,0.8,0.2,0.551,0.449,49,116,0.422,151,137,100,127,88,87,138,128,72,117,110,38,99,125,163,50,158,33,167,50,114,113,126,1,2026,10,Regular Season,Totals
1627675,Courtney Williams,Courtney,1611661324,MIN,32,35,28,7,0.8,30.7,0.76,0.24,0.682,0.452,0.246,0.195,0.072,0.222,0.23,0.457,0.543,0.833,0.167,0.53,0.47,217,475,0.457,1,1,63,10,21,56,169,35,2,139,21,189,53,184,158,55,147,42,173,44,8,6,90,1,2026,10,Regular Season,Totals
203024,Damiris Dantas,Damiris,1611661325,IND,33,12,8,4,0.667,8.2,0.375,0.625,0.3,0.05,0.525,0,0.175,0,0.25,0.833,0.167,1,0,0.923,0.077,13,32,0.406,171,124,43,49,186,186,39,179,91,45,184,107,204,176,29,184,1,107,19,198,169,172,143,1,2026,10,Regular Season,Totals
1630389,Dana Evans,Dana,1611661319,LVA,28,10,5,5,0.5,16.6,0.529,0.471,0.235,0.118,0.706,0,0.059,0.088,0.118,0,1,0.75,0.25,0.5,0.5,12,51,0.235,174,163,51,109,112,133,92,194,24,12,184,193,193,204,205,1,164,26,185,27,173,158,213,1,2026,10,Regular Season,Totals
1643440,Darianna Littlepage-Buggs,Darianna,1611661322,WAS,22,1,0,1,0,0.2,0,0,0,0,0,0,1,0,0,0,0,0,0,0,0,0,0,0,219,217,6,217,226,220,210,213,160,192,184,203,204,211,205,198,189,107,212,199,217,225,217,1,2026,10,Regular Season,Totals
201886,DeWanna Bonner,DeWanna,1611661317,PHX,38,35,13,22,0.371,27.4,0.489,0.511,0.441,0.039,0.335,0.162,0.224,0.243,0.402,0.709,0.291,0.925,0.075,0.782,0.218,119,305,0.39,1,75,205,146,47,164,61,130,109,99,37,58,39,115,76,137,115,77,84,133,43,39,162,1,2026,10,Regular Season,Totals
204324,Dearica Hamby,Dearica,1611661320,LAS,32,32,12,20,0.375,29.5,0.892,0.108,0.738,0,0.055,0.139,0.207,0.197,0.738,0.728,0.272,1,0,0.741,0.259,189,334,0.566,41,79,192,141,30,33,192,29,160,183,51,72,90,19,65,148,1,107,102,115,19,27,19,1,2026,10,Regular Season,Totals
1630096,DiJonai Carrington,DiJonai,1611661329,CHI,28,7,3,4,0.429,17.6,0.767,0.233,0.436,0.077,0.231,0.115,0.333,0.103,0.359,0.471,0.529,1,0,0.609,0.391,23,60,0.383,186,183,43,124,98,54,170,131,59,144,78,12,189,141,155,58,1,107,151,66,153,150,172,1,2026,10,Regular Season,Totals
1641649,Diamond Miller,Diamond,1611661323,CON,25,31,8,23,0.258,22.8,0.576,0.424,0.422,0.048,0.357,0.187,0.221,0.235,0.374,0.613,0.387,0.857,0.143,0.701,0.299,97,262,0.37,61,124,216,191,73,123,102,137,94,91,23,62,43,131,112,99,139,50,116,101,61,45,181,1,2026,10,Regular Season,Totals
1642798,Dominique Malonga,Dominique,1611661328,SEA,20,26,5,21,0.192,26.3,0.843,0.157,0.711,0.035,0.132,0.086,0.157,0.152,0.675,0.689,0.311,0.9,0.1,0.713,0.287,181,357,0.507,113,163,201,208,52,38,187,30,114,169,120,130,141,31,84,129,125,65,114,103,21,25,43,1,2026,10,Regular Season,Totals
1641657,Dorka Juhasz,Dorka,1611661324,MIN,26,13,11,2,0.846,15.2,0.308,0.692,0.346,0.077,0.635,0,0.019,0.077,0.269,0.778,0.222,1,0,0.9,0.1,20,52,0.385,164,90,25,7,125,198,27,169,59,19,184,202,198,169,49,163,1,107,29,188,156,157,171,1,2026,10,Regular Season,Totals
1643490,Eliska Joklova,Eliska,1611661324,MIN,24,18,15,3,0.833,5.8,0.739,0.261,0.556,0,0,0.056,0.444,0.139,0.556,0.5,0.5,0,0,0.5,0.5,10,23,0.435,148,69,37,8,203,64,161,81,160,192,148,5,159,61,142,63,189,107,185,27,178,177,110,1,2026,10,Regular Season,Totals
204322,Elizabeth Williams,Elizabeth,1611661329,CHI,33,34,12,22,0.353,17.1,1,0,0.82,0.034,0,0.073,0.18,0.152,0.787,0.795,0.205,0,0,0.795,0.205,73,159,0.459,11,79,205,157,104,1,210,14,117,192,138,99,142,11,42,171,189,107,77,140,88,86,87,1,2026,10,Regular Season,Totals
1629581,Emese Hof,Emese,1611661324,MIN,30,3,1,2,0.333,6.9,1,0,0.857,0,0,0,0.143,0,0.857,1,0,0,0,1,0,3,6,0.5,204,204,25,162,191,1,210,9,160,192,184,143,204,8,1,198,189,107,1,199,196,202,46,1,2026,10,Regular Season,Totals
1631083,Emily Engstler,Emily,1611661327,PDX,26,33,13,20,0.394,23.9,0.577,0.423,0.517,0.034,0.352,0.164,0.131,0.215,0.483,0.636,0.364,0.971,0.029,0.741,0.259,112,246,0.455,22,75,192,134,65,122,103,92,118,94,32,157,60,86,106,106,89,102,101,116,48,51,93,1,2026,10,Regular Season,Totals
1628242,Emma Cannon,Emma,1611661320,LAS,37,12,3,9,0.25,6.3,0.348,0.652,0.167,0,0.563,0,0.27,0.25,0.167,1,0,1,0,1,0,13,23,0.565,171,183,85,193,197,194,31,205,160,38,184,28,35,198,1,198,1,107,1,199,169,177,20,1,2026,10,Regular Season,Totals
1643488,Emma Cechova,Emma,1611661324,MIN,22,3,2,1,0.667,17.3,0.938,0.063,0.8,0.08,0,0,0.2,0.08,0.72,0.6,0.4,0,0,0.6,0.4,10,16,0.625,204,193,6,49,101,25,200,18,57,192,184,79,197,21,119,91,189,107,153,62,178,187,6,1,2026,10,Regular Season,Totals
204365,Erica Wheeler,Erica,1611661320,LAS,35,32,12,20,0.375,27.9,0.495,0.505,0.464,0.099,0.407,0.103,0.129,0.205,0.364,0.429,0.571,0.634,0.366,0.505,0.495,111,285,0.389,41,79,192,141,45,160,65,120,36,72,96,158,73,135,165,45,177,15,184,33,50,41,164,1,2026,10,Regular Season,Totals
1629496,Ezi Magbegor,Ezi,1611661328,SEA,27,9,2,7,0.222,17.6,0.725,0.275,0.653,0.082,0.245,0,0.102,0.041,0.571,0.75,0.25,1,0,0.8,0.2,20,51,0.392,180,193,63,200,99,67,158,44,54,140,184,174,203,55,54,157,1,107,71,144,156,158,159,1,2026,10,Regular Season,Totals
1643428,Flau'jae Johnson,Flau'jae,1611661328,SEA,22,34,6,28,0.176,28.2,0.632,0.368,0.514,0.081,0.263,0.161,0.223,0.199,0.433,0.533,0.467,0.756,0.244,0.59,0.41,161,413,0.39,11,151,223,209,42,96,129,95,55,127,38,60,86,107,139,74,163,29,159,58,28,15,163,1,2026,10,Regular Season,Totals
1643494,Frieda Buhner,Frieda,1611661327,PDX,22,30,11,19,0.367,15.2,0.507,0.493,0.432,0.011,0.363,0.037,0.205,0.205,0.421,0.78,0.22,1,0,0.859,0.141,64,146,0.438,78,90,182,149,126,148,77,133,155,87,167,73,74,110,48,165,1,107,45,172,96,95,107,1,2026,10,Regular Season,Totals
1628931,Gabby Williams,Gabby,1611661331,GSV,29,31,23,8,0.742,24.9,0.614,0.386,0.498,0.079,0.337,0.09,0.165,0.227,0.419,0.469,0.531,0.824,0.176,0.579,0.421,164,389,0.422,61,12,77,31,58,106,119,111,58,98,113,121,52,113,156,57,151,41,162,55,25,19,128,1,2026,10,Regular Season,Totals
1643447,Gabriela Jaquez,Gabriela,1611661329,CHI,22,30,11,19,0.367,19.6,0.706,0.294,0.547,0.019,0.226,0.151,0.227,0.151,0.528,0.621,0.379,0.938,0.063,0.689,0.311,74,177,0.418,78,90,182,149,91,74,151,83,138,145,43,56,145,69,110,103,105,84,118,99,86,80,132,1,2026,10,Regular Season,Totals
1642781,Georgia Amoore,Georgia,1611661322,WAS,25,32,19,13,0.594,22.7,0.296,0.704,0.257,0.021,0.578,0.064,0.165,0.128,0.235,0.125,0.875,0.778,0.222,0.517,0.483,60,179,0.335,41,43,144,89,74,203,22,188,134,32,144,120,171,181,203,10,160,32,178,39,101,78,196,1,2026,10,Regular Season,Totals
1643429,Gianna Kneepkens,Gianna,1611661323,CON,23,23,5,18,0.217,8,0.518,0.482,0.457,0.143,0.3,0.186,0.243,0.257,0.314,0.688,0.313,1,0,0.783,0.217,23,56,0.411,126,163,177,202,189,140,85,125,18,114,24,47,31,155,85,127,1,107,83,134,153,153,138,1,2026,10,Regular Season,Totals
1643453,Grace VanSlooten,Grace,1611661325,IND,22,15,9,6,0.6,5.3,0.75,0.25,0.56,0,0.24,0.24,0.2,0.36,0.56,0.571,0.429,1,0,0.667,0.333,9,12,0.75,158,115,58,84,209,59,164,80,160,143,9,79,12,58,126,85,1,107,129,83,181,192,4,2,2026,10,Regular Season,Totals
1642817,Hailey Van Lith,Hailey,1611661323,CON,24,13,2,11,0.154,14.7,0.716,0.284,0.578,0.096,0.325,0.048,0.097,0.265,0.482,0.333,0.667,1,0,0.515,0.485,33,67,0.493,164,193,112,213,133,70,155,75,37,106,156,177,27,87,182,29,1,107,180,37,134,144,55,1,2026,10,Regular Season,Totals
1641650,Haley Jones,Haley,1611661321,DAL,25,6,2,4,0.333,9.8,0.824,0.176,0.769,0,0,0.154,0.231,0.231,0.769,0.6,0.4,0,0,0.6,0.4,10,17,0.588,190,193,43,162,174,41,184,24,160,192,40,54,47,14,119,91,189,107,153,62,178,185,13,2,2026,10,Regular Season,Totals
1629566,Han Xu,an Xu,1611661313,NYL,26,34,20,14,0.588,13.7,0.533,0.467,0.485,0.039,0.422,0.015,0.093,0.16,0.447,0.68,0.32,1,0,0.797,0.203,79,152,0.52,11,30,154,92,141,132,93,114,110,69,183,180,136,100,87,126,1,107,74,143,82,90,38,1,2026,10,Regular Season,Totals
1641683,Holly Winterburn,Holly,1611661327,PDX,25,20,8,12,0.4,9,0.528,0.472,0.653,0,0.184,0.041,0.163,0.122,0.653,0.813,0.188,0,1,0.684,0.316,19,53,0.358,140,124,127,130,181,134,91,44,160,162,165,122,179,37,34,178,189,1,122,95,158,156,189,1,2026,10,Regular Season,Totals
1643469,Indya Nivar,Indya,1611661330,ATL,22,20,10,10,0.5,3.1,0.833,0.167,0.588,0,0.353,0.235,0.059,0.235,0.588,0.4,0.6,1,0,0.571,0.429,7,18,0.389,140,102,100,109,217,40,185,69,160,92,10,193,42,48,175,36,1,107,163,54,188,182,165,1,2026,10,Regular Season,Totals
204330,Isabelle Harrison,Isabelle,1611661332,TOR,32,21,5,16,0.238,22.5,0.777,0.223,0.643,0.04,0.19,0.048,0.167,0.111,0.603,0.79,0.21,0.938,0.063,0.814,0.186,97,197,0.492,134,163,169,198,76,52,173,49,108,159,157,116,184,45,45,167,105,84,62,155,61,71,56,1,2026,10,Regular Season,Totals
1642302,Isobel Borlase,Isobel,1611661330,ATL,21,32,20,12,0.625,12.6,0.625,0.375,0.563,0.028,0.296,0.225,0.141,0.106,0.535,0.55,0.45,1,0,0.667,0.333,54,128,0.422,41,30,127,69,148,98,124,78,126,118,12,145,187,67,135,78,1,107,129,83,109,106,127,1,2026,10,Regular Season,Totals
1642808,JJ Quinerly,JJ,1611661321,DAL,23,2,1,1,0.5,6.2,0.667,0.333,1,0,0,0,0,0,1,0,1,0,0,0,1,1,3,0.333,212,204,6,109,198,84,139,1,160,192,184,203,204,1,205,1,189,107,212,1,210,212,197,1,2026,10,Regular Season,Totals
1629498,Jackie Young,Jackie,1611661319,LVA,28,33,23,10,0.697,32.4,0.588,0.412,0.486,0.106,0.352,0.137,0.162,0.193,0.38,0.429,0.571,0.662,0.338,0.505,0.495,218,452,0.482,22,12,100,43,10,118,107,113,31,95,54,124,95,127,165,45,174,18,183,34,7,9,63,1,2026,10,Regular Season,Totals
1642292,Jacy Sheldon,Jacy,1611661329,CHI,25,34,12,22,0.353,21.4,0.511,0.489,0.446,0.086,0.399,0.176,0.155,0.167,0.361,0.673,0.327,0.935,0.065,0.771,0.229,83,184,0.451,11,79,205,157,83,144,81,129,49,75,29,133,126,139,89,124,109,82,90,127,77,76,98,1,2026,10,Regular Season,Totals
1631141,Jade Melbourne,Jade,1611661328,SEA,23,34,7,27,0.206,24.3,0.649,0.351,0.524,0.019,0.201,0.112,0.275,0.188,0.505,0.378,0.622,0.762,0.238,0.456,0.544,103,225,0.458,11,137,222,203,63,91,134,89,137,155,80,25,104,77,180,33,161,30,196,21,55,61,89,1,2026,10,Regular Season,Totals
1642767,Janelle Salaun,Janelle,1611661331,GSV,24,32,23,9,0.719,22.3,0.356,0.644,0.252,0.071,0.571,0.074,0.177,0.207,0.181,0.698,0.302,1,0,0.88,0.12,133,312,0.426,41,12,85,37,79,191,34,190,68,35,135,103,69,195,81,132,1,107,37,180,39,36,120,1,2026,10,Regular Season,Totals
1642320,Jaylyn Sherrod,Jaylyn,1611661330,ATL,24,8,6,2,0.75,6.3,0.789,0.211,0.421,0,0.316,0.211,0.263,0.526,0.421,0.75,0.25,1,0,0.833,0.167,6,19,0.316,181,151,25,23,196,49,176,138,160,107,16,29,6,110,54,157,1,107,56,160,190,180,203,1,2026,10,Regular Season,Totals
1629491,Jessica Shepard,Jessica,1611661321,DAL,29,33,19,14,0.576,32.2,0.97,0.03,0.827,0.094,0,0.149,0.173,0.183,0.733,0.66,0.34,0,0,0.66,0.34,194,331,0.586,22,43,154,102,12,20,205,11,41,192,45,110,111,20,97,116,189,107,138,79,15,30,15,1,2026,10,Regular Season,Totals
204319,Jewell Loyd,Jewell,1611661319,LVA,32,32,21,11,0.656,27,0.297,0.703,0.247,0.064,0.633,0.108,0.12,0.231,0.183,0.613,0.387,0.981,0.019,0.845,0.155,84,232,0.362,41,24,112,54,50,202,23,192,76,20,87,166,46,193,112,99,87,105,53,164,75,57,188,1,2026,10,Regular Season,Totals
1630148,Jihyun Park,Jihyun,1611661320,LAS,26,27,10,17,0.37,9.1,0.517,0.483,0.5,0.029,0.353,0.103,0.147,0.25,0.471,0.647,0.353,0.875,0.125,0.72,0.28,25,60,0.417,105,102,173,147,180,142,83,108,124,92,94,140,35,92,103,110,133,56,111,106,149,150,134,1,2026,10,Regular Season,Totals
1627673,Jonquel Jones,Jonquel,1611661313,NYL,32,33,19,14,0.576,29.1,0.521,0.479,0.416,0.042,0.38,0.033,0.204,0.083,0.374,0.61,0.39,0.934,0.066,0.733,0.267,161,328,0.491,22,43,154,102,34,138,87,142,104,81,169,76,196,130,115,98,112,80,107,110,28,33,59,1,2026,10,Regular Season,Totals
1643527,Jordan Harrison,Jordan,1611661327,PDX,22,7,2,5,0.286,14.1,0.767,0.233,0.513,0.051,0.308,0.077,0.179,0.154,0.462,0.3,0.7,0.5,0.5,0.357,0.643,14,30,0.467,186,193,51,185,136,54,170,97,88,111,130,100,138,97,189,24,183,8,202,15,168,173,75,1,2026,10,Regular Season,Totals
1641651,Jordan Horston,Jordan,1611661328,SEA,25,30,5,25,0.167,17.7,0.69,0.31,0.634,0.069,0.207,0.124,0.159,0.338,0.566,0.609,0.391,0.9,0.1,0.661,0.339,56,145,0.386,78,163,221,211,97,80,145,51,70,152,67,127,13,56,117,96,125,65,136,80,106,97,168,1,2026,10,Regular Season,Totals
1628886,Jordin Canada,Jordin,1611661330,ATL,31,32,20,12,0.625,31.7,0.667,0.333,0.515,0.005,0.211,0.133,0.274,0.209,0.509,0.189,0.811,1,0,0.364,0.636,121,282,0.429,41,30,127,69,15,84,139,94,158,150,61,27,68,72,200,13,1,107,201,16,42,42,114,1,2026,10,Regular Season,Totals
1643505,Jovana Nogic,Jovana,1611661317,PHX,28,16,4,12,0.25,20.2,0.361,0.639,0.217,0.072,0.578,0.139,0.205,0.163,0.145,0.167,0.833,0.75,0.25,0.54,0.46,50,119,0.42,155,176,127,193,89,188,37,198,67,31,52,75,135,201,201,12,164,26,170,47,112,111,131,1,2026,10,Regular Season,Totals
1630115,Joyner Holmes,Joyner,1611661328,SEA,28,1,1,0,1,14.7,0.75,0.25,1,0,0,0,0,0,1,1,0,0,0,1,0,1,4,0.25,219,204,1,1,132,59,164,1,160,192,184,203,204,1,1,198,189,107,1,199,210,209,211,1,2026,10,Regular Season,Totals
1627700,Julie Allemand,Julie,1611661332,TOR,30,26,7,19,0.269,29.2,0.359,0.641,0.384,0.047,0.576,0.163,0.04,0.244,0.337,0.273,0.727,0.818,0.182,0.545,0.455,66,117,0.564,113,137,182,187,32,190,35,158,97,34,34,199,37,147,193,20,153,38,169,48,95,112,21,1,2026,10,Regular Season,Totals
1642210,Julie Vanloo,Julie,1611661313,NYL,33,5,3,2,0.6,16.2,0.176,0.824,0.138,0,0.724,0.103,0.138,0.069,0.138,0.5,0.5,0.857,0.143,0.778,0.222,9,17,0.529,193,183,25,84,114,216,8,209,160,9,93,150,201,202,142,63,139,50,86,130,181,185,31,1,2026,10,Regular Season,Totals
1642794,Juste Jocyte,Juste,1611661331,GSV,20,10,7,3,0.7,6.1,0.462,0.538,0.231,0.154,0.577,0,0.192,0.115,0.077,0.667,0.333,0.8,0.2,0.75,0.25,8,26,0.308,174,137,37,42,200,172,53,196,14,33,184,89,181,209,91,119,158,33,96,118,185,174,205,1,2026,10,Regular Season,Totals
1643495,Justine Pissott,Justine,1611661319,LVA,22,6,4,2,0.667,12.3,0.273,0.727,0.167,0.111,0.833,0,0,0.194,0.056,1,0,1,0,1,0,13,33,0.394,190,176,25,49,151,207,17,205,29,4,184,203,93,210,1,198,1,107,1,199,169,170,158,1,2026,10,Regular Season,Totals
1627674,Kahleah Copper,Kahleah,1611661317,PHX,31,34,12,22,0.353,32.8,0.628,0.372,0.501,0.054,0.249,0.099,0.25,0.189,0.446,0.6,0.4,0.914,0.086,0.678,0.322,233,538,0.433,11,79,205,157,9,97,128,107,87,138,101,39,102,101,119,91,121,71,125,92,5,3,111,1,2026,10,Regular Season,Totals
1630097,Kaila Charles,Kaila,1611661331,GSV,28,33,24,9,0.727,20.1,0.583,0.417,0.512,0.01,0.34,0.143,0.148,0.212,0.502,0.519,0.481,0.957,0.043,0.653,0.347,75,187,0.401,22,8,85,33,90,120,105,98,156,96,50,139,65,79,141,72,94,96,141,76,84,75,146,1,2026,10,Regular Season,Totals
1642822,Kaitlyn Chen,Kaitlyn,1611661331,GSV,24,33,24,9,0.727,14.6,0.738,0.262,0.667,0.087,0.221,0.043,0.112,0.165,0.58,0.429,0.571,1,0,0.532,0.468,94,172,0.547,22,8,85,33,134,65,160,39,48,148,161,170,132,53,165,45,1,107,172,45,66,84,26,1,2026,10,Regular Season,Totals
1630154,Kamiah Smalls,Kamiah,1611661327,PDX,28,2,1,1,0.5,15.1,0.3,0.7,0.133,0,0.8,0,0.067,0.2,0.133,0,1,0.25,0.75,0.2,0.8,5,10,0.5,212,204,6,109,127,199,25,210,160,6,184,191,83,203,205,1,188,4,211,6,191,195,46,1,2026,10,Regular Season,Totals
1642289,Kamilla Cardoso,Kamilla,1611661329,CHI,25,33,11,22,0.333,26.4,1,0,0.792,0.013,0,0.035,0.208,0.115,0.779,0.789,0.211,0,0,0.789,0.211,190,334,0.569,22,90,205,162,51,1,210,19,151,192,168,71,183,13,47,166,189,107,80,136,18,27,18,1,2026,10,Regular Season,Totals
1628317,Karlie Samuelson,Karlie,1611661327,PDX,31,21,8,13,0.381,15.2,0.118,0.882,0.121,0.04,0.697,0.071,0.182,0.232,0.081,0.5,0.5,1,0,0.897,0.103,29,68,0.426,134,124,144,138,122,219,6,211,106,14,141,97,45,208,142,63,1,107,30,187,142,142,119,1,2026,10,Regular Season,Totals
1642324,Kate Martin,Kate,1611661320,LAS,26,15,6,9,0.4,6.9,0.273,0.727,0.278,0,0.583,0.056,0.139,0.194,0.278,0.8,0.2,1,0,0.917,0.083,12,33,0.364,158,151,85,130,190,207,17,185,160,29,148,148,93,166,38,174,1,107,22,195,173,170,184,1,2026,10,Regular Season,Totals
1629478,Katie Lou Samuelson,Katie Lou,1611661328,SEA,29,27,4,23,0.148,15.3,0.287,0.713,0.279,0.033,0.566,0.074,0.155,0.139,0.246,0.765,0.235,0.957,0.043,0.875,0.125,40,94,0.426,105,176,216,214,121,206,19,184,119,37,136,132,158,179,53,160,94,96,38,177,126,125,122,1,2026,10,Regular Season,Totals
203405,Kayla Alexander,Kayla,1611661332,TOR,35,4,0,4,0,10.1,1,0,0.667,0,0,0,0.333,0.222,0.667,0.667,0.333,0,0,0.667,0.333,3,7,0.429,198,217,43,217,172,1,210,39,160,192,184,12,53,33,91,119,189,107,129,83,196,201,115,1,2026,10,Regular Season,Totals
203825,Kayla McBride,Kayla,1611661324,MIN,34,35,28,7,0.8,32.2,0.462,0.538,0.342,0.056,0.481,0.137,0.177,0.216,0.286,0.745,0.255,0.961,0.039,0.85,0.15,213,452,0.471,1,1,63,10,11,171,54,172,84,53,55,101,57,162,57,155,93,99,49,168,10,9,72,1,2026,10,Regular Season,Totals
203866,Kayla Thornton,Kayla,1611661331,GSV,33,33,24,9,0.727,24.9,0.36,0.64,0.256,0.057,0.587,0.117,0.157,0.267,0.199,0.639,0.361,0.982,0.018,0.846,0.154,91,242,0.376,22,8,85,33,57,189,36,189,82,27,76,131,26,189,104,108,86,106,51,165,68,53,176,1,2026,10,Regular Season,Totals
1628909,Kelsey Mitchell,Kelsey,1611661325,IND,30,33,21,12,0.636,32.8,0.608,0.392,0.463,0.085,0.362,0.086,0.175,0.184,0.379,0.575,0.425,0.629,0.371,0.594,0.406,283,556,0.509,22,24,127,63,8,111,114,121,50,88,121,109,109,129,124,89,178,14,156,61,2,1,42,1,2026,10,Regular Season,Totals
1628276,Kelsey Plum,Kelsey,1611661317,PHX,31,16,8,8,0.5,31.4,0.563,0.437,0.466,0.062,0.329,0.028,0.205,0.135,0.404,0.386,0.614,0.436,0.564,0.402,0.598,122,231,0.528,155,124,77,109,17,126,99,119,77,104,173,74,164,114,179,34,186,6,199,18,41,58,34,2,2026,10,Regular Season,Totals
1629568,Kennedy Burke,Kennedy,1611661323,CON,29,30,8,22,0.267,23.6,0.502,0.498,0.382,0.04,0.442,0.1,0.176,0.243,0.343,0.604,0.396,0.973,0.027,0.765,0.235,85,213,0.399,78,124,205,188,66,150,75,160,107,64,100,106,38,145,118,95,88,104,92,125,74,66,156,1,2026,10,Regular Season,Totals
1628915,Kia Nurse,Kia,1611661332,TOR,30,32,10,22,0.313,12.1,0.289,0.711,0.209,0.092,0.569,0.163,0.222,0.124,0.118,0.813,0.188,0.897,0.103,0.867,0.133,45,128,0.352,41,102,205,177,153,205,20,201,43,36,33,61,176,204,34,178,128,63,42,174,120,106,192,1,2026,10,Regular Season,Totals
204329,Kiah Stokes,Kiah,1611661331,GSV,33,32,23,9,0.719,22.5,0.517,0.483,0.52,0,0.425,0,0.055,0.087,0.52,0.879,0.121,1,0,0.922,0.078,51,116,0.44,41,12,85,37,77,141,84,90,160,68,184,196,194,70,23,190,1,107,20,197,110,113,105,1,2026,10,Regular Season,Totals
1630461,Kiana Williams,Kiana,1611661320,LAS,27,20,5,15,0.25,12.1,0.299,0.701,0.325,0.025,0.6,0.163,0.075,0.175,0.3,0.538,0.462,0.688,0.313,0.621,0.379,29,77,0.377,140,163,165,193,152,201,24,176,130,21,35,188,121,157,137,76,169,22,148,69,142,138,175,2,2026,10,Regular Season,Totals
1631006,Kierstan Bell,Kierstan,1611661319,LVA,26,23,16,7,0.696,11.1,0.292,0.708,0.298,0.043,0.638,0.085,0.064,0.17,0.255,0.714,0.286,1,0,0.882,0.118,17,65,0.262,126,65,63,45,162,204,21,180,102,17,122,192,124,174,69,140,1,107,36,181,164,145,210,1,2026,10,Regular Season,Totals
1642792,Kiki Iriafen,Kiki,1611661322,WAS,22,29,17,12,0.586,28.2,0.898,0.102,0.703,0.028,0.076,0.032,0.221,0.126,0.676,0.66,0.34,1,0,0.683,0.317,164,332,0.494,89,58,127,96,44,30,195,32,127,178,170,63,172,30,96,117,1,107,123,94,25,29,54,1,2026,10,Regular Season,Totals
1643445,Kiki Rice,Kiki,1611661332,TOR,22,17,5,12,0.294,25.6,0.703,0.297,0.513,0.042,0.204,0.225,0.283,0.215,0.471,0.49,0.51,0.615,0.385,0.516,0.484,62,128,0.484,151,163,127,184,55,75,150,96,103,153,14,23,61,91,152,61,180,12,179,38,98,106,61,1,2026,10,Regular Season,Totals
1642768,Kyara Linskens,Kyara,1611661317,PHX,29,18,6,12,0.333,10.4,0.564,0.436,0.4,0.073,0.382,0,0.218,0.109,0.327,0.909,0.091,0.857,0.143,0.889,0.111,18,55,0.327,148,151,127,162,171,125,100,147,65,80,184,65,185,151,18,195,139,50,33,182,160,154,201,1,2026,10,Regular Season,Totals
1641656,Laeticia Amihere,Laeticia,1611661331,GSV,25,29,22,7,0.759,11.4,0.87,0.13,0.615,0,0.132,0.11,0.253,0.132,0.615,0.714,0.286,1,0,0.75,0.25,32,77,0.416,89,19,63,21,159,36,189,58,160,170,82,37,168,42,69,140,1,107,96,118,136,138,136,1,2026,10,Regular Season,Totals
1643420,Laura Juskaite,Laura,1611661332,TOR,28,33,10,23,0.303,24.4,0.61,0.39,0.512,0.012,0.298,0.105,0.19,0.148,0.5,0.729,0.271,0.939,0.061,0.788,0.212,118,254,0.465,22,102,216,181,62,109,116,99,152,116,91,91,150,80,64,149,104,88,82,135,44,48,79,1,2026,10,Regular Season,Totals
1643461,Laura Ziegler,Laura,1611661320,LAS,24,3,1,2,0.333,9.8,0.625,0.375,0.75,0,0,0.25,0.25,0.5,0.75,1,0,0,0,1,0,3,8,0.375,204,204,25,162,175,98,124,27,160,192,7,40,7,18,1,198,189,107,1,199,196,199,177,1,2026,10,Regular Season,Totals
1643427,Lauren Betts,Lauren,1611661322,WAS,22,32,19,13,0.594,16.6,1,0,0.79,0.107,0,0.02,0.21,0.21,0.683,0.79,0.21,0,0,0.79,0.21,81,148,0.547,41,43,144,89,111,1,210,20,30,192,181,69,67,28,45,167,189,107,79,138,81,92,25,1,2026,10,Regular Season,Totals
1642303,Leila Lacan,Leila,1611661323,CON,22,22,7,15,0.318,28.8,0.686,0.314,0.584,0.225,0.258,0.131,0.158,0.199,0.36,0.372,0.628,0.913,0.087,0.495,0.505,101,239,0.423,131,137,165,175,38,81,144,71,6,130,62,128,89,140,181,32,122,69,191,26,57,55,125,1,2026,10,Regular Season,Totals
1630142,Leonie Fiebich,Leonie,1611661313,NYL,26,14,10,4,0.714,29.1,0.412,0.588,0.286,0.014,0.557,0.079,0.157,0.107,0.271,0.65,0.35,1,0,0.848,0.152,46,102,0.451,162,102,43,39,33,181,44,182,149,42,127,129,186,167,101,112,1,107,50,167,119,119,99,1,2026,10,Regular Season,Totals
1631118,Lexi Held,Lexi,1611661317,PHX,26,33,15,18,0.455,15,0.52,0.48,0.429,0.104,0.448,0.162,0.123,0.201,0.325,0.455,0.545,0.957,0.043,0.661,0.339,56,148,0.378,22,69,177,123,128,139,86,134,32,62,36,164,81,152,159,53,94,96,136,80,106,92,174,2,2026,10,Regular Season,Totals
1628882,Lexie Brown,Lexie,1611661328,SEA,31,10,3,7,0.3,14.8,0.231,0.769,0.158,0,0.711,0.211,0.131,0.368,0.158,0.333,0.667,1,0,0.833,0.167,12,26,0.462,174,183,63,182,130,214,11,207,160,10,16,156,11,199,182,29,1,107,56,160,173,174,82,1,2026,10,Regular Season,Totals
1631086,Lexie Hull,Lexie,1611661325,IND,26,33,21,12,0.636,19.5,0.459,0.541,0.398,0.099,0.464,0.083,0.138,0.215,0.298,0.639,0.361,1,0,0.797,0.203,64,146,0.438,22,24,127,63,92,173,52,154,35,57,126,149,59,159,104,108,1,107,75,142,96,95,107,1,2026,10,Regular Season,Totals
1629574,Li Yueru,Li,1611661321,DAL,27,25,15,10,0.6,10.7,0.508,0.492,0.419,0,0.244,0.093,0.337,0.221,0.419,0.722,0.278,1,0,0.8,0.2,25,63,0.397,117,69,100,84,166,147,78,140,160,141,108,11,56,112,68,145,1,107,71,144,149,148,157,1,2026,10,Regular Season,Totals
1642820,Liatu King,Liatu,1611661324,MIN,24,8,6,2,0.75,9.2,0.625,0.375,0.583,0.083,0.25,0.083,0.167,0.333,0.5,0.571,0.429,1,0,0.667,0.333,9,16,0.563,181,151,25,23,179,98,124,72,53,134,125,116,14,80,126,85,1,107,129,83,181,187,22,1,2026,10,Regular Season,Totals
1642802,Lucy Olsen,Lucy,1611661322,WAS,23,17,9,8,0.529,8,0.524,0.476,0.385,0.115,0.462,0,0.153,0.192,0.269,0.4,0.6,0.875,0.125,0.611,0.389,18,42,0.429,151,115,77,106,188,137,88,157,26,58,184,134,98,169,175,36,133,56,150,67,160,166,115,1,2026,10,Regular Season,Totals
1630143,Luisa Geiselsoder,Luisa,1611661327,PDX,26,21,8,13,0.381,16.5,0.45,0.55,0.362,0.021,0.511,0.021,0.127,0.181,0.34,0.882,0.118,0.938,0.063,0.909,0.091,33,100,0.33,134,124,144,138,113,177,48,166,135,47,179,160,113,146,21,191,105,84,26,190,134,120,200,1,2026,10,Regular Season,Totals
1642307,Mackenzie Holmes,Mackenzie,1611661328,SEA,25,22,5,17,0.227,10.6,0.756,0.244,0.54,0.032,0.286,0.032,0.174,0.063,0.508,0.882,0.118,1,0,0.913,0.087,23,41,0.561,131,163,173,199,167,57,168,86,120,121,171,108,202,75,21,191,1,107,23,194,153,167,23,1,2026,10,Regular Season,Totals
1641652,Maddy Siegrist,Maddy,1611661321,DAL,26,31,19,12,0.613,13.7,0.618,0.382,0.516,0.074,0.379,0.105,0.105,0.153,0.442,0.714,0.286,1,0,0.808,0.192,73,152,0.48,61,43,127,77,143,102,123,93,64,82,92,173,140,103,69,140,1,107,67,150,88,90,64,1,2026,10,Regular Season,Totals
1642818,Maddy Westbeld,Maddy,1611661329,CHI,24,3,0,3,0,9.5,0.167,0.833,0,0,1,0,0,1,0,0,0,1,0,1,0,1,6,0.167,204,217,37,217,176,218,7,213,160,1,184,203,1,211,205,198,1,107,1,199,210,202,214,1,2026,10,Regular Season,Totals
1643431,Madina Okot,Madina,1611661330,ATL,21,31,19,12,0.613,8.8,0.931,0.069,0.779,0.012,0.017,0.076,0.204,0.279,0.767,0.731,0.269,1,0,0.735,0.265,68,116,0.586,61,43,127,77,185,27,198,23,154,189,133,78,23,16,63,150,1,107,106,111,93,113,14,1,2026,10,Regular Season,Totals
1642769,Mai Yamamoto,Mai,1611661319,LVA,26,4,3,1,0.75,11.1,0.25,0.75,0.182,0,0.818,0.136,0,0.409,0.182,0.5,0.5,0.5,0.5,0.5,0.5,8,16,0.5,198,183,6,23,161,211,12,203,160,5,56,203,9,194,142,63,183,8,185,27,185,187,46,1,2026,10,Regular Season,Totals
1642815,Makayla Timpson,Makayla,1611661325,IND,23,32,21,11,0.656,17.2,1,0,0.82,0,0,0.122,0.18,0.129,0.82,0.807,0.193,0,0,0.807,0.193,57,94,0.606,41,24,112,54,102,1,210,15,160,192,68,98,169,9,37,176,189,107,69,148,105,125,10,1,2026,10,Regular Season,Totals
1629576,Maria Conde,Maria,1611661332,TOR,29,32,10,22,0.313,27.1,0.458,0.542,0.325,0.076,0.55,0.149,0.125,0.183,0.249,0.702,0.298,0.962,0.038,0.84,0.16,100,271,0.369,41,102,205,177,49,174,51,175,62,43,47,162,110,178,78,135,92,100,54,163,58,44,183,1,2026,10,Regular Season,Totals
1630108,Mariella Fasoula,Mariella,1611661332,TOR,28,3,0,3,0,5.1,1,0,1,0,0,0,0,0,1,1,0,0,0,1,0,2,5,0.4,204,217,37,217,210,1,210,1,160,192,184,203,204,1,1,198,189,107,1,199,201,205,147,1,2026,10,Regular Season,Totals
1629497,Marina Mabrey,Marina,1611661332,TOR,29,31,10,21,0.323,29.5,0.452,0.548,0.344,0.084,0.465,0.105,0.191,0.172,0.26,0.414,0.586,0.65,0.35,0.526,0.474,211,473,0.446,61,102,201,174,28,176,49,171,52,56,90,90,123,173,171,42,175,17,175,42,11,7,101,1,2026,10,Regular Season,Totals
1630469,Marine Fauthoux,Marine,1611661313,NYL,25,13,10,3,0.769,15.2,0.378,0.622,0.321,0,0.482,0.071,0.197,0.125,0.321,0.333,0.667,0.667,0.333,0.5,0.5,18,45,0.4,164,102,37,20,124,185,40,177,160,52,139,87,175,153,182,29,173,19,185,27,160,163,147,1,2026,10,Regular Season,Totals
1629546,Marine Johannes,Marine,1611661313,NYL,31,31,17,14,0.548,21.5,0.204,0.796,0.193,0.021,0.739,0.089,0.068,0.264,0.171,0.556,0.444,0.681,0.319,0.646,0.354,96,230,0.417,61,58,154,104,82,215,10,202,133,8,114,190,28,197,133,79,171,21,142,75,63,59,133,1,2026,10,Regular Season,Totals
1643438,Marta Suarez,Marta,1611661317,PHX,24,13,5,8,0.385,9,0.667,0.333,0.591,0,0.273,0.045,0.136,0.227,0.591,0.462,0.538,1,0,0.588,0.412,17,36,0.472,164,163,77,136,183,84,139,68,160,124,158,153,50,47,157,56,1,107,160,57,164,168,71,1,2026,10,Regular Season,Totals
1630471,Maya Caldwell,Maya,1611661324,MIN,27,35,28,7,0.8,13.9,0.504,0.496,0.345,0.124,0.517,0.076,0.138,0.179,0.221,0.56,0.44,0.92,0.08,0.74,0.26,50,135,0.37,1,1,63,10,140,149,76,170,23,46,132,150,117,185,131,82,116,75,103,114,112,99,180,1,2026,10,Regular Season,Totals
1629484,Megan DiLeo,Megan,1611661327,PDX,29,31,12,19,0.387,23.6,0.639,0.361,0.603,0.015,0.286,0.05,0.111,0.146,0.588,0.858,0.142,1,0,0.892,0.108,158,291,0.543,61,79,182,135,67,95,130,63,145,120,155,172,154,49,26,187,1,107,32,185,31,40,27,1,2026,10,Regular Season,Totals
1628920,Mercedes Russell,Mercedes,1611661325,IND,31,1,1,0,1,0.9,0,0,0,0,0,0,1,0,0,0,0,0,0,0,0,0,0,0,219,204,1,1,225,220,210,213,160,192,184,203,204,211,205,198,189,107,212,199,217,225,217,1,2026,10,Regular Season,Totals
1630446,Michaela Onyenwere,Michaela,1611661322,WAS,27,28,17,11,0.607,26.2,0.51,0.49,0.362,0,0.45,0.096,0.188,0.185,0.362,0.574,0.426,1,0,0.767,0.233,86,196,0.439,100,58,112,81,53,145,80,167,160,61,104,93,108,138,125,88,1,107,91,126,73,72,106,1,2026,10,Regular Season,Totals
1631039,Miela Sowah,Miela,1611661331,GSV,26,2,2,0,1,2.9,0,1,0,0,0,0,1,0,0,0,0,0,0,0,0,0,2,0,212,193,1,1,218,220,1,213,160,192,184,203,204,211,205,198,189,107,212,199,217,213,217,1,2026,10,Regular Season,Totals
1642777,Monique Akoa Makani,Monique,1611661320,LAS,25,21,7,14,0.333,22.8,0.59,0.41,0.404,0.17,0.383,0.25,0.213,0.298,0.234,0.711,0.289,0.833,0.167,0.758,0.242,62,144,0.431,134,137,154,162,72,116,109,145,9,79,7,67,18,183,75,138,147,42,93,124,98,98,113,2,2026,10,Regular Season,Totals
1628881,Monique Billings,Monique,1611661325,IND,30,32,21,11,0.656,20.8,0.897,0.103,0.631,0.057,0.061,0.098,0.308,0.168,0.574,0.701,0.299,1,0,0.72,0.28,82,155,0.529,41,24,112,54,85,31,194,54,80,180,102,17,125,54,79,133,1,107,112,105,78,87,33,1,2026,10,Regular Season,Totals
1628899,Myisha Hines-Allen,Myisha,1611661325,IND,31,29,19,10,0.655,14,0.798,0.202,0.667,0.018,0.189,0.108,0.144,0.261,0.649,0.595,0.405,1,0,0.659,0.341,44,94,0.468,89,43,100,57,138,47,178,39,141,160,86,142,30,38,123,90,1,107,139,78,122,125,74,1,2026,10,Regular Season,Totals
1631019,NaLyssa Smith,NaLyssa,1611661319,LVA,26,33,22,11,0.667,24.5,0.969,0.031,0.823,0.056,0.008,0.111,0.169,0.146,0.768,0.736,0.264,1,0,0.738,0.262,164,256,0.641,22,19,112,49,61,21,204,13,85,191,81,113,153,15,61,152,1,107,104,113,25,47,5,1,2026,10,Regular Season,Totals
1643686,Nadia Fingall,Nadia,1611661331,GSV,28,5,4,1,0.8,2.5,0.5,0.5,0.4,0.4,0.6,0,0,0,0,1,0,1,0,1,0,2,2,1,193,176,6,10,220,152,66,147,3,21,184,203,204,211,1,198,1,107,1,199,201,213,1,1,2026,10,Regular Season,Totals
1629483,Napheesa Collier,Napheesa,1611661324,MIN,29,8,7,1,0.875,29.5,0.708,0.292,0.562,0.092,0.314,0.026,0.124,0.092,0.471,0.791,0.209,0.938,0.063,0.831,0.169,59,113,0.522,181,137,6,6,29,73,152,79,43,110,176,163,191,92,44,169,105,84,58,159,104,116,37,1,2026,10,Regular Season,Totals
204333,Natasha Cloud,Natasha,1611661329,CHI,34,33,11,22,0.333,28.5,0.56,0.44,0.462,0.089,0.302,0.089,0.236,0.216,0.373,0.308,0.692,0.647,0.353,0.411,0.589,112,241,0.465,22,90,205,162,41,127,98,123,47,113,117,50,58,132,188,25,176,16,198,19,48,54,78,1,2026,10,Regular Season,Totals
203827,Natasha Howard,Natasha,1611661324,MIN,34,35,28,7,0.8,28.9,0.965,0.035,0.806,0.026,0.017,0.121,0.177,0.267,0.78,0.706,0.294,1,0,0.71,0.29,217,368,0.59,1,1,63,10,36,22,203,17,128,190,72,102,25,12,77,136,1,107,115,102,8,22,12,1,2026,10,Regular Season,Totals
1630442,Natasha Mack,Natasha,1611661317,PHX,28,27,10,17,0.37,22.3,0.948,0.052,0.827,0.133,0.027,0.071,0.146,0.133,0.693,0.796,0.204,1,0,0.8,0.2,95,154,0.617,105,102,173,147,80,24,201,12,21,186,140,141,167,26,41,172,1,107,71,144,65,88,7,1,2026,10,Regular Season,Totals
1629567,Natisha Hiedeman,Natisha,1611661328,SEA,29,35,7,28,0.2,29.7,0.545,0.455,0.469,0.07,0.368,0.119,0.163,0.189,0.399,0.297,0.703,0.731,0.269,0.446,0.554,195,437,0.446,1,137,223,204,26,129,96,118,69,85,74,123,103,121,190,23,167,25,197,20,14,13,100,1,2026,10,Regular Season,Totals
1631044,Naz Hillmon,Naz,1611661330,ATL,26,31,20,11,0.645,28.9,0.486,0.514,0.507,0.007,0.359,0.021,0.134,0.151,0.5,0.847,0.153,1,0,0.896,0.104,106,222,0.477,61,30,112,58,37,166,59,103,157,90,180,154,143,80,28,185,1,107,31,186,53,62,65,1,2026,10,Regular Season,Totals
1643479,Ndjakalenga Mwenentanda,Ndjakalenga,1611661331,GSV,22,5,4,1,0.8,2.6,0,1,0,0,0,0,1,0,0,0,0,0,0,0,0,0,1,0,193,176,6,10,219,220,1,213,160,192,184,203,204,211,205,198,189,107,212,199,217,220,217,1,2026,10,Regular Season,Totals
1643448,Nell Angloma,Nell,1611661323,CON,20,27,8,19,0.296,10.1,0.815,0.185,0.646,0.02,0.091,0.121,0.263,0.253,0.626,0.563,0.438,1,0,0.6,0.4,35,81,0.432,105,124,182,183,173,42,183,48,136,177,71,30,34,41,130,83,1,107,153,62,133,136,112,1,2026,10,Regular Season,Totals
1628269,Nia Coffey,Nia,1611661324,MIN,31,35,28,7,0.8,23.2,0.425,0.575,0.39,0.026,0.558,0.108,0.052,0.186,0.364,0.822,0.178,1,0,0.909,0.091,88,200,0.44,1,1,63,10,69,179,46,156,129,40,85,197,107,136,30,183,1,107,26,190,70,70,104,1,2026,10,Regular Season,Totals
1631263,Nikolina Milic,Nikolina,1611661332,TOR,32,7,3,4,0.429,9,0.895,0.105,0.857,0.095,0,0.095,0.143,0.095,0.762,0.889,0.111,0,0,0.889,0.111,9,19,0.474,186,183,43,124,182,32,193,9,39,192,106,143,190,17,20,193,189,107,33,182,181,180,68,1,2026,10,Regular Season,Totals
203014,Nneka Ogwumike,Nneka,1611661320,LAS,36,31,11,20,0.355,31.4,0.714,0.286,0.603,0.094,0.26,0.105,0.137,0.166,0.508,0.694,0.306,0.935,0.065,0.748,0.252,206,402,0.512,61,90,192,156,18,71,154,64,40,129,89,152,130,73,83,130,111,81,100,117,12,17,41,1,2026,10,Regular Season,Totals
1643493,Noemie Brochant,Noemie,1611661317,PHX,26,34,12,22,0.353,22.4,0.488,0.512,0.456,0.146,0.51,0.18,0.034,0.199,0.311,0.766,0.234,0.971,0.029,0.854,0.146,82,172,0.477,11,79,205,157,78,165,60,126,15,48,27,201,87,156,52,161,89,102,47,170,78,84,66,1,2026,10,Regular Season,Totals
1642296,Nyadiew Puoch,Nyadiew,1611661327,PDX,22,32,12,20,0.375,17.3,0.527,0.473,0.547,0,0.328,0.234,0.125,0.32,0.547,0.714,0.286,1,0,0.796,0.204,49,131,0.374,41,79,192,141,100,136,89,84,160,105,11,161,16,65,69,140,1,107,76,141,114,104,178,1,2026,10,Regular Season,Totals
1631055,Nyara Sabally,Nyara,1611661332,TOR,26,24,8,16,0.333,23.9,0.751,0.249,0.597,0.041,0.203,0.092,0.2,0.207,0.556,0.67,0.33,0.95,0.05,0.722,0.278,108,205,0.527,122,124,169,162,64,58,167,67,105,154,111,79,70,60,90,123,98,93,109,107,51,68,35,1,2026,10,Regular Season,Totals
203824,Odyssey Sims,Odyssey,1611661321,DAL,34,25,16,9,0.64,15.5,0.692,0.308,0.533,0.074,0.267,0.215,0.2,0.289,0.459,0.389,0.611,0.917,0.083,0.521,0.479,48,120,0.4,117,65,85,62,119,79,146,87,63,125,15,79,20,98,178,35,118,72,177,40,116,110,147,1,2026,10,Regular Season,Totals
1643426,Olivia Miles,Olivia,1611661324,MIN,23,33,27,6,0.818,31,0.717,0.283,0.545,0.037,0.243,0.051,0.212,0.193,0.508,0.197,0.803,0.358,0.642,0.234,0.766,231,466,0.496,22,7,58,9,19,69,156,85,112,142,153,68,96,74,198,15,187,5,210,7,6,8,53,1,2026,10,Regular Season,Totals
1631135,Olivia Nelson-Ododa,Olivia,1611661323,CON,25,27,7,20,0.259,21.3,0.994,0.006,0.753,0.046,0,0.027,0.247,0.125,0.707,0.737,0.263,0,0,0.737,0.263,99,173,0.572,105,137,192,190,84,17,208,26,101,192,175,44,173,23,60,153,189,107,105,112,59,83,17,1,2026,10,Regular Season,Totals
1643706,Ornella Bankole,Ornella,1611661332,TOR,28,3,1,2,0.333,5.1,0,1,0,0,0,1,1,1,0,0,0,0,0,0,0,0,2,0,204,204,25,162,212,220,1,213,160,192,1,1,1,211,205,198,189,107,212,199,217,213,217,1,2026,10,Regular Season,Totals
1642784,Paige Bueckers,Paige,1611661321,DAL,24,32,20,12,0.625,33.3,0.702,0.298,0.588,0.22,0.26,0.059,0.152,0.125,0.368,0.437,0.563,0.75,0.25,0.508,0.492,246,486,0.506,41,30,127,69,5,76,149,69,7,128,147,138,174,133,164,49,164,26,182,35,3,5,44,1,2026,10,Regular Season,Totals
1631136,Pauline Astier,Pauline,1611661313,NYL,24,34,20,14,0.588,23.4,0.81,0.19,0.632,0.019,0.139,0.084,0.229,0.195,0.613,0.48,0.52,0.933,0.067,0.538,0.462,117,211,0.555,11,30,154,92,68,43,182,52,139,168,124,55,91,43,153,60,114,78,171,46,45,67,24,1,2026,10,Regular Season,Totals
1630138,Peyton Williams,Peyton,1611661317,PHX,28,1,1,0,1,5.8,1,0,0,0,0,0,1,0,0,0,0,0,0,0,0,0,1,0,219,204,1,1,205,1,210,213,160,192,184,203,204,211,205,198,189,107,212,199,217,220,217,1,2026,10,Regular Season,Totals
1643487,Quionche Carter,Quionche,1611661317,PHX,25,13,6,7,0.462,6.2,0.5,0.5,0.4,0,0,0.067,0.6,0.2,0.4,1,0,0,0,1,0,3,18,0.167,164,151,63,122,199,152,66,147,160,192,143,3,83,116,1,198,189,107,1,199,196,182,214,1,2026,10,Regular Season,Totals
1627671,Rachel Banham,Rachel,1611661329,CHI,33,30,11,19,0.367,12.9,0.258,0.742,0.227,0.113,0.681,0.113,0.092,0.213,0.113,0.688,0.313,0.844,0.156,0.792,0.208,48,132,0.364,78,90,182,149,146,210,15,197,28,16,79,181,62,207,85,127,145,47,78,139,116,103,184,1,2026,10,Regular Season,Totals
1630996,Rae Burrell,Rae,1611661320,LAS,26,32,12,20,0.375,28.7,0.616,0.384,0.463,0.019,0.333,0.118,0.204,0.16,0.444,0.53,0.47,0.917,0.083,0.655,0.345,148,328,0.451,41,79,192,141,39,105,120,122,140,100,75,77,137,102,140,73,118,72,140,77,36,33,96,1,2026,10,Regular Season,Totals
1643441,Raegan Beers,Raegan,1611661323,CON,23,25,6,19,0.24,10.8,0.923,0.077,0.682,0,0.068,0.045,0.25,0.091,0.682,0.733,0.267,1,0,0.75,0.25,32,65,0.492,117,151,182,196,165,28,197,36,160,179,158,40,192,29,62,151,1,107,96,118,136,145,57,1,2026,10,Regular Season,Totals
1630384,Raquel Carrera,Raquel,1611661313,NYL,24,19,10,9,0.526,5.6,0.611,0.389,0.581,0,0.194,0.129,0.225,0.129,0.581,0.778,0.222,1,0,0.818,0.182,11,18,0.611,143,102,85,107,206,107,118,73,160,157,63,57,170,52,49,163,1,107,60,156,177,182,9,1,2026,10,Regular Season,Totals
1643433,Raven Johnson,Raven,1611661325,IND,23,30,19,11,0.633,11.6,0.59,0.41,0.61,0.057,0.314,0.076,0.076,0.076,0.552,0.5,0.5,1,0,0.628,0.372,43,105,0.41,78,43,112,65,156,115,110,59,81,108,131,186,199,63,142,63,1,107,145,72,124,118,141,1,2026,10,Regular Season,Totals
1642796,Rayah Marshall,Rayah,1611661323,CON,22,1,0,1,0,3.6,1,0,0,0,0,0,1,0,0,0,0,0,0,0,0,0,2,0,219,217,6,217,215,1,210,213,160,192,184,203,204,211,205,198,189,107,212,199,217,213,217,1,2026,10,Regular Season,Totals
204296,Rebecca Allen,Rebecca,1611661313,NYL,33,19,10,9,0.526,17.2,0.35,0.65,0.289,0.022,0.6,0.1,0.111,0.189,0.267,0.615,0.385,0.944,0.056,0.806,0.194,31,80,0.388,143,102,85,107,103,193,32,181,131,21,99,171,101,171,111,102,101,90,70,147,140,137,167,1,2026,10,Regular Season,Totals
203822,Rebekah Gardner,Rebekah,1611661313,NYL,36,32,19,13,0.594,15.2,0.713,0.287,0.639,0.012,0.145,0.265,0.216,0.181,0.627,0.66,0.34,0.875,0.125,0.689,0.311,61,129,0.473,41,43,144,89,123,72,153,50,152,167,6,66,114,40,95,118,133,56,120,97,100,105,69,1,2026,10,Regular Season,Totals
1631009,Rhyne Howard,Rhyne,1611661330,ATL,26,31,20,11,0.645,34.5,0.375,0.625,0.278,0.015,0.561,0.172,0.161,0.243,0.263,0.293,0.707,0.842,0.158,0.608,0.392,176,435,0.405,61,30,112,58,1,187,38,185,146,39,30,126,40,172,191,22,146,46,152,65,23,14,144,1,2026,10,Regular Season,Totals
1642288,Rickea Jackson,Rickea,1611661329,CHI,25,4,3,1,0.75,29.5,0.65,0.35,0.5,0.167,0.25,0.042,0.25,0.139,0.333,0.556,0.444,0.833,0.167,0.625,0.375,24,60,0.4,198,183,6,23,31,90,135,108,10,134,164,40,159,148,133,79,147,42,146,71,151,150,147,1,2026,10,Regular Season,Totals
1643450,Rori Harmon,Rori,1611661322,WAS,23,10,4,6,0.4,6.7,0.5,0.5,0.4,0,0.3,0,0.3,0,0.4,0,1,1,0,0.333,0.667,3,10,0.3,174,176,58,130,193,152,66,147,160,114,184,19,204,116,205,1,1,107,204,12,196,195,208,1,2026,10,Regular Season,Totals
1629477,Sabrina Ionescu,Sabrina,1611661313,NYL,28,22,11,11,0.5,30.5,0.491,0.509,0.402,0.046,0.405,0.101,0.193,0.164,0.356,0.4,0.6,0.681,0.319,0.513,0.487,117,275,0.425,131,90,112,109,22,162,63,146,100,73,98,88,133,143,175,36,172,20,181,36,45,43,123,1,2026,10,Regular Season,Totals
1628244,Sami Whitcomb,Sami,1611661317,PHX,38,12,4,8,0.333,14.8,0.176,0.824,0.118,0,0.765,0,0.117,0.118,0.118,0.667,0.333,0.846,0.154,0.813,0.188,16,51,0.314,171,176,77,162,129,216,8,212,160,7,184,167,180,204,91,119,144,48,64,152,166,158,204,1,2026,10,Regular Season,Totals
1642790,Sania Feagin,Sania,1611661327,PDX,23,3,0,3,0,3.4,1,0,0,0,0,0,1,0,0,0,0,0,0,0,0,0,1,0,204,217,37,217,216,1,210,213,160,192,184,203,204,211,205,198,189,107,212,199,217,220,217,1,2026,10,Regular Season,Totals
1642809,Saniya Rivers,Saniya,1611661323,CON,23,27,6,21,0.222,21.9,0.746,0.254,0.681,0.253,0.148,0.225,0.171,0.165,0.429,0.419,0.581,0.889,0.111,0.479,0.521,71,205,0.346,105,151,201,200,81,62,163,37,4,166,13,111,131,108,170,43,130,60,194,23,90,68,193,1,2026,10,Regular Season,Totals
1642782,Sarah Ashlee Barker,Sarah Ashlee,1611661327,PDX,24,26,10,16,0.385,24.7,0.581,0.419,0.518,0.014,0.388,0.183,0.094,0.288,0.504,0.569,0.431,0.889,0.111,0.676,0.324,108,215,0.502,113,102,169,136,59,121,104,91,148,77,25,179,21,78,129,84,130,60,126,91,51,65,45,1,2026,10,Regular Season,Totals
1630149,Satou Sabally,Satou,1611661313,NYL,28,13,8,5,0.615,16.8,0.469,0.531,0.37,0.015,0.444,0.089,0.186,0.104,0.356,0.48,0.52,0.9,0.1,0.667,0.333,45,98,0.459,164,124,51,75,107,169,56,162,146,63,116,96,188,144,154,59,125,65,129,83,120,122,86,1,2026,10,Regular Season,Totals
1643458,Saylor Poffenbarger,Saylor,1611661329,CHI,23,5,1,4,0.2,5.1,0,1,0,0,0,0,1,0,0,0,0,0,0,0,0,0,4,0,193,204,43,204,211,220,1,213,160,192,184,203,204,211,205,198,189,107,212,199,217,209,217,1,2026,10,Regular Season,Totals
1643436,Serah Williams,Serah,1611661327,PDX,22,29,11,18,0.379,12.4,0.978,0.022,0.787,0,0.024,0.094,0.189,0.228,0.787,0.86,0.14,1,0,0.863,0.137,51,89,0.573,89,90,177,140,150,19,206,21,160,188,107,92,49,10,25,188,1,107,44,173,110,130,16,1,2026,10,Regular Season,Totals
1631022,Shakira Austin,Shakira,1611661322,WAS,26,31,18,13,0.581,29.7,0.885,0.115,0.652,0.047,0.095,0.026,0.253,0.115,0.605,0.655,0.345,0.875,0.125,0.674,0.326,181,383,0.473,61,54,144,100,27,34,191,46,95,176,178,36,182,44,99,114,133,56,127,90,21,20,70,1,2026,10,Regular Season,Totals
1628278,Shatori Walker-Kimbrough,Shatori,1611661330,ATL,31,8,6,2,0.75,2.4,1,0,0.667,0,0,0.333,0.333,0.333,0.667,0,1,0,0,0,1,2,5,0.4,181,151,25,23,221,1,210,39,160,192,4,12,14,33,205,1,189,107,212,1,201,205,147,2,2026,10,Regular Season,Totals
1643470,Shay Ciezki,Shay,1611661317,PHX,22,2,1,1,0.5,4.7,0.5,0.5,0,0,1,0,0,1,0,0,0,0,1,0,1,1,2,0.5,212,204,6,109,213,152,66,213,160,1,184,203,1,211,205,198,189,1,212,1,210,213,46,1,2026,10,Regular Season,Totals
1631021,Sika Kone,Sika,1611661330,ATL,24,27,17,10,0.63,5.3,0.49,0.51,0.458,0,0.25,0.125,0.292,0.167,0.458,0.818,0.182,1,0,0.867,0.133,15,49,0.306,105,58,100,68,208,163,62,124,160,134,66,21,128,99,31,180,1,107,42,174,167,162,206,1,2026,10,Regular Season,Totals
203400,Skylar Diggins,Skylar,1611661329,CHI,36,19,5,14,0.263,29.1,0.694,0.306,0.454,0.089,0.29,0.134,0.256,0.204,0.364,0.41,0.59,0.808,0.192,0.529,0.471,87,222,0.392,143,163,154,189,35,78,147,127,45,119,58,33,75,134,174,39,156,36,174,43,71,62,161,1,2026,10,Regular Season,Totals
1642785,Sonia Citron,Sonia,1611661322,WAS,22,29,17,12,0.586,33.6,0.639,0.361,0.471,0.048,0.217,0.135,0.312,0.199,0.423,0.632,0.368,0.861,0.139,0.686,0.314,153,330,0.464,89,58,127,96,3,94,131,117,93,149,57,15,85,109,108,105,138,54,121,96,34,31,80,1,2026,10,Regular Season,Totals
1629482,Sophie Cunningham,Sophie,1611661325,IND,29,32,20,12,0.625,23,0.317,0.683,0.216,0.014,0.585,0.129,0.199,0.206,0.202,0.742,0.258,0.946,0.054,0.874,0.126,87,180,0.483,41,30,127,69,71,196,29,199,150,28,64,84,71,188,59,154,100,92,41,176,71,77,62,1,2026,10,Regular Season,Totals
203828,Stefanie Dolson,Stefanie,1611661328,SEA,34,35,7,28,0.2,15.8,0.466,0.534,0.349,0.032,0.452,0.04,0.199,0.19,0.317,0.818,0.182,1,0,0.902,0.098,41,88,0.466,1,137,223,204,117,170,55,168,120,60,166,85,100,154,31,180,1,107,28,189,125,131,77,1,2026,10,Regular Season,Totals
203855,Stephanie Talbot,Stephanie,1611661319,LVA,32,34,23,11,0.676,16.8,0.415,0.585,0.509,0.018,0.395,0.149,0.096,0.202,0.491,0.655,0.345,1,0,0.773,0.227,44,106,0.415,11,12,112,48,106,180,45,101,143,76,46,176,80,84,98,115,1,107,89,128,122,117,137,1,2026,10,Regular Season,Totals
1630134,Sug Sutton,Sug,1611661321,DAL,27,19,9,10,0.474,11.1,0.651,0.349,0.648,0.085,0.254,0.042,0.098,0.211,0.563,0.087,0.913,0.833,0.167,0.241,0.759,29,63,0.46,143,115,100,120,160,89,136,47,51,132,163,175,66,57,204,9,147,42,209,8,142,148,85,2,2026,10,Regular Season,Totals
1642321,Sydney Taylor,Sydney,1611661329,CHI,25,28,10,18,0.357,20.6,0.478,0.522,0.417,0.039,0.43,0.201,0.153,0.235,0.379,0.628,0.372,0.847,0.153,0.717,0.283,145,318,0.456,100,102,177,154,86,168,57,141,110,66,19,136,41,128,109,104,143,49,113,104,37,35,92,1,2026,10,Regular Season,Totals
1643444,Ta'Niya Latson,Ta'Niya,1611661319,LVA,22,14,5,9,0.357,6.4,0.731,0.269,0.383,0,0.191,0.085,0.426,0.213,0.383,0.444,0.556,1,0,0.583,0.417,12,26,0.462,162,163,85,154,195,66,159,159,160,158,122,6,62,126,162,51,1,107,161,56,173,174,82,2,2026,10,Regular Season,Totals
1643473,Taina Mair,Taina,1611661328,SEA,22,5,0,5,0,4,0.625,0.375,0.286,0,0.429,0.286,0.285,0.286,0.286,1,0,1,0,1,0,2,8,0.25,193,217,51,217,214,98,124,182,160,67,5,22,22,163,1,198,1,107,1,199,201,199,211,1,2026,10,Regular Season,Totals
1642814,Taylor Thierry,Taylor,1611661328,SEA,23,10,5,5,0.5,6,0.455,0.545,0.154,0,0.692,0.154,0.154,0.231,0.154,1,0,1,0,1,0,4,11,0.364,174,163,51,109,201,175,50,208,160,15,40,134,47,200,1,198,1,107,1,199,192,194,184,1,2026,10,Regular Season,Totals
1642804,Te-Hina Paopao,Te-Hina,1611661330,ATL,23,24,14,10,0.583,12.5,0.355,0.645,0.215,0.022,0.71,0.097,0.075,0.086,0.194,0.5,0.5,0.909,0.091,0.781,0.219,32,93,0.344,122,73,100,99,149,192,33,200,132,11,103,187,195,190,142,63,124,68,85,132,136,128,195,1,2026,10,Regular Season,Totals
1629479,Teaira McCowan,Teaira,1611661324,MIN,29,10,8,2,0.8,6.8,1,0,1,0,0,0,0,0.143,1,0.857,0.143,0,0,0.857,0.143,7,15,0.467,174,124,25,10,192,1,210,1,160,192,184,203,155,1,27,186,189,107,46,171,188,190,75,1,2026,10,Regular Season,Totals
1643506,Teja Oblak,Teja,1611661327,PDX,35,25,9,16,0.36,13.4,0.609,0.391,0.506,0.065,0.409,0.026,0.085,0.227,0.442,0.128,0.872,0.762,0.238,0.35,0.65,60,133,0.451,117,115,169,153,144,110,115,104,73,71,177,184,50,104,202,11,161,30,203,14,101,101,97,1,2026,10,Regular Season,Totals
1627701,Temi Fagbenle,Temi,1611661332,TOR,33,16,2,14,0.125,15.3,0.8,0.2,0.784,0.081,0.122,0.149,0.094,0.203,0.703,0.793,0.207,1,0,0.813,0.188,32,65,0.492,155,193,154,215,120,45,179,22,56,172,48,178,79,24,43,170,1,107,64,152,136,145,57,1,2026,10,Regular Season,Totals
1643457,Teonni Key,Teonni,1611661332,TOR,23,29,9,20,0.31,8.1,0.682,0.318,0.667,0,0.2,0.044,0.133,0.178,0.667,0.667,0.333,1,0,0.722,0.278,18,44,0.409,89,115,192,179,187,82,143,39,160,156,160,155,118,33,91,119,1,107,109,107,160,164,142,1,2026,10,Regular Season,Totals
203026,Tiffany Hayes,Tiffany,1611661331,GSV,36,31,23,8,0.742,16.2,0.68,0.32,0.51,0.046,0.185,0.031,0.305,0.255,0.463,0.424,0.576,0.625,0.375,0.463,0.537,82,178,0.461,61,12,77,31,115,83,142,100,99,161,172,18,33,96,169,44,179,13,195,22,78,79,84,1,2026,10,Regular Season,Totals
1643647,Tima Pouye,Tima,1611661332,TOR,27,19,6,13,0.316,9.4,0.527,0.473,0.367,0.067,0.4,0.133,0.233,0.15,0.3,0.636,0.364,1,0,0.789,0.211,19,55,0.345,143,151,144,176,178,135,90,163,71,74,60,53,146,157,106,106,1,107,80,136,158,154,194,1,2026,10,Regular Season,Totals
1643439,Tonie Morgan,Tonie,1611661320,LAS,22,1,0,1,0,6.4,0.5,0.5,0,0,1,0,0,1,0,0,0,1,0,1,0,1,2,0.5,219,217,6,217,194,152,66,213,160,1,184,203,1,211,205,198,1,107,1,199,210,213,46,1,2026,10,Regular Season,Totals
1630112,Tyasha Harris,Tyasha,1611661325,IND,28,28,18,10,0.643,14.1,0.485,0.515,0.435,0.139,0.365,0.087,0.2,0.278,0.296,0.28,0.72,0.857,0.143,0.487,0.513,39,97,0.402,100,54,100,61,137,167,58,132,19,86,118,79,24,160,192,21,139,50,193,24,127,123,145,1,2026,10,Regular Season,Totals
204468,Valeriane Ayayi,Valeriane,1611661317,PHX,32,29,12,17,0.414,16.8,0.508,0.492,0.301,0.031,0.28,0.078,0.419,0.166,0.269,0.414,0.586,1,0,0.638,0.362,47,122,0.385,89,79,173,126,108,146,79,178,122,122,128,7,129,168,172,41,1,107,143,74,118,109,170,1,2026,10,Regular Season,Totals
1631007,Veronica Burton,Veronica,1611661331,GSV,26,33,24,9,0.727,28.6,0.589,0.411,0.423,0.034,0.339,0.101,0.238,0.187,0.388,0.326,0.674,0.804,0.196,0.492,0.508,132,309,0.427,22,8,85,33,40,117,108,136,116,97,97,49,106,123,185,28,157,35,192,25,40,37,118,1,2026,10,Regular Season,Totals
1641660,Zia Cooke,Zia,1611661328,SEA,25,35,7,28,0.2,14.8,0.618,0.382,0.42,0.061,0.332,0.134,0.248,0.137,0.359,0.491,0.509,0.897,0.103,0.631,0.369,84,238,0.353,1,137,223,204,131,103,122,139,78,101,59,43,161,142,151,62,128,63,144,73,75,56,190,1,2026,10,Regular Season,Totals
