player_id,player_name,nickname,team_id,team_abbreviation,age,gp,w,l,w_pct,min,fgm,fga,fg_pct,fg3_m,fg3_a,fg3_pct,ftm,fta,ft_pct,oreb,dreb,reb,ast,tov,stl,blk,blka,pf,pfd,pts,plus_minus,nba_fantasy_pts,dd2,td3,wnba_fantasy_pts,gp_rank,w_rank,l_rank,w_pct_rank,min_rank,fgm_rank,fga_rank,fg_pct_rank,fg3_m_rank,fg3_a_rank,fg3_pct_rank,ftm_rank,fta_rank,ft_pct_rank,oreb_rank,dreb_rank,reb_rank,ast_rank,tov_rank,stl_rank,blk_rank,blka_rank,pf_rank,pfd_rank,pts_rank,plus_minus_rank,nba_fantasy_pts_rank,dd2_rank,td3_rank,wnba_fantasy_pts_rank,team_count,season,league_id,season_type,per_mode
1628932,A'ja Wilson,A'ja,1611661319,LVA,30,31,22,9,0.71,994.295,288,550,0.524,31,73,0.425,207,242,0.855,61,243,304,96,78,46,64,22,58,234,814,263,1574.8,17,0,1465,61,19,85,40,18,1,2,36,54,65,29,1,1,55,12,2,3,29,14,12,1,209,149,1,1,3,1,3,5,1,1,2026,10,Regular Season,Totals
1642290,Aaliyah Edwards,Aaliyah,1611661323,CON,24,21,7,14,0.333,404.22,79,147,0.537,4,10,0.4,40,57,0.702,27,57,84,18,31,14,7,9,46,67,202,-92,361.8,0,0,350,134,137,154,162,113,82,94,28,149,161,40,72,68,154,54,85,76,146,82,105,85,133,119,57,88,205,105,61,5,103,1,2026,10,Regular Season,Totals
1642801,Aaliyah Nye,Aaliyah,1611661330,ATL,23,15,9,6,0.6,21.346666666666668,2,6,0.333,1,3,0.333,0,0,0,0,0,0,2,1,1,0,0,0,0,5,-1,10,0,0,10,158,115,58,84,204,201,202,197,177,185,97,203,205,203,204,216,219,197,205,186,180,1,1,210,205,88,209,61,5,209,1,2026,10,Regular Season,Totals
1642786,Aicha Coulibaly,Aicha,1611661329,CHI,24,23,8,15,0.348,315.215,36,85,0.424,1,18,0.056,44,50,0.88,12,47,59,14,14,19,4,7,35,46,117,48,263.8,0,0,237,126,124,165,161,132,132,132,124,177,145,191,63,73,39,118,99,106,156,142,80,114,114,93,78,124,49,121,61,5,129,1,2026,10,Regular Season,Totals
1629501,Alanna Smith,Alanna,1611661321,DAL,29,26,16,10,0.615,434.74666666666667,56,133,0.421,16,60,0.267,18,29,0.621,32,69,101,27,30,18,13,6,61,44,146,-44,370.7,2,0,352,113,65,100,75,106,106,101,129,93,78,157,128,113,178,42,68,60,118,85,87,51,103,156,83,110,166,99,29,5,102,1,2026,10,Regular Season,Totals
1643525,Alex Fowler,Alex,1611661313,NYL,25,2,1,1,0.5,31.291666666666668,4,10,0.4,2,7,0.286,2,2,1,0,0,0,1,3,1,0,0,10,2,12,-12,13.5,0,0,17,212,204,6,109,198,192,195,147,166,170,140,188,194,1,204,216,219,209,190,186,180,1,42,196,194,111,204,61,5,200,1,2026,10,Regular Season,Totals
1642775,Alex Wilson,Alex,1611661322,WAS,32,4,2,2,0.5,57.91833333333334,4,15,0.267,2,11,0.182,2,3,0.667,5,2,7,3,2,0,1,0,7,5,12,-20,25.9,0,0,26,198,193,25,109,191,192,190,209,166,160,182,188,190,163,152,200,191,191,195,202,159,1,36,181,194,129,197,61,5,195,1,2026,10,Regular Season,Totals
1643644,Alicia Florez,Alicia,1611661322,WAS,22,23,14,9,0.609,321.955,31,95,0.326,7,37,0.189,14,30,0.467,9,29,38,56,27,15,3,10,37,40,83,-51,239.6,0,0,220,126,73,85,80,130,140,124,202,132,117,180,137,110,196,128,132,133,62,97,100,130,143,100,91,142,172,131,61,5,135,1,2026,10,Regular Season,Totals
1642293,Alissa Pili,Alissa,1611661320,LAS,25,3,2,1,0.667,17.783333333333335,2,4,0.5,0,1,0,0,0,0,3,3,6,2,1,0,0,0,5,0,4,-6,13.2,0,0,12,204,193,6,49,208,201,209,46,192,199,192,203,205,203,169,197,193,197,205,202,180,1,26,210,208,100,206,61,5,206,1,2026,10,Regular Season,Totals
1641648,Aliyah Boston,Aliyah,1611661325,IND,24,30,19,11,0.633,815.9233333333333,193,363,0.532,38,83,0.458,85,105,0.81,54,199,253,91,77,41,35,23,100,122,509,152,1100.1,9,0,1043,78,43,112,65,44,17,23,30,39,57,20,31,29,90,18,8,11,33,16,19,11,210,216,20,17,13,12,12,5,15,1,2026,10,Regular Season,Totals
1628277,Allisha Gray,Allisha,1611661330,ATL,31,32,20,12,0.625,1052.7683333333334,206,449,0.459,52,172,0.302,142,184,0.772,22,78,100,75,48,43,14,17,89,159,606,180,961.5,0,0,947,41,30,127,69,12,12,11,88,23,13,129,8,7,113,69,57,61,47,49,16,44,189,203,7,10,9,23,61,5,23,1,2026,10,Regular Season,Totals
202252,Alysha Clark,Alysha,1611661321,DAL,39,21,13,8,0.619,197.39166666666668,13,35,0.371,8,24,0.333,9,13,0.692,5,20,25,10,10,5,2,2,38,15,43,7,99,0,0,100,134,75,77,74,155,169,169,179,126,132,97,151,154,158,152,148,154,166,154,156,143,52,103,148,170,75,165,61,5,165,1,2026,10,Regular Season,Totals
203826,Alyssa Thomas,Alyssa,1611661317,PHX,34,33,11,22,0.333,1121.605,185,360,0.514,0,2,0,119,172,0.692,52,191,243,271,119,46,16,23,86,145,489,-76,1254.1,9,2,1127,22,90,205,162,2,20,24,39,192,194,192,14,10,159,20,10,12,1,2,12,38,210,199,11,22,194,3,12,2,6,1,2026,10,Regular Season,Totals
1629539,Amy Okonkwo,Amy,1611661330,ATL,29,1,0,1,0,1.3333333333333333,0,1,0,0,1,0,1,2,0.5,0,1,1,0,0,0,0,0,1,1,1,0,2.2,0,0,2,219,217,6,217,224,217,220,217,192,199,192,198,194,192,204,206,209,216,213,202,180,1,8,202,218,84,221,61,5,222,1,2026,10,Regular Season,Totals
1642797,Anastasiia Olairi Kosu,Anastasiia Olairi,1611661324,MIN,21,27,21,6,0.778,296.49666666666667,39,82,0.476,2,3,0.667,28,33,0.848,35,24,59,19,19,17,12,9,36,22,108,109,275.3,0,0,246,105,24,58,19,137,127,134,67,166,185,5,96,106,60,35,145,106,143,127,91,55,133,95,129,129,22,117,61,5,125,1,2026,10,Regular Season,Totals
1642800,Aneesah Morrow,Aneesah,1611661332,TOR,23,24,3,21,0.125,540.8566666666667,104,244,0.426,20,73,0.274,41,64,0.641,59,139,198,37,40,23,13,20,53,59,269,-145,630.1,9,0,596,122,183,201,215,87,54,52,121,80,65,151,71,56,172,14,18,17,98,63,59,51,200,135,63,63,221,52,12,5,54,2,2026,10,Regular Season,Totals
1642291,Angel Reese,Angel,1611661330,ATL,24,31,20,11,0.645,951.3516666666667,170,397,0.428,6,39,0.154,145,197,0.736,158,211,369,76,100,51,21,69,117,156,491,131,1163.8,22,0,1086,61,30,112,58,25,24,18,117,141,113,186,7,4,135,1,7,2,45,5,6,29,226,224,8,21,18,7,1,5,10,1,2026,10,Regular Season,Totals
1643455,Angela Dugalic,Angela,1611661322,WAS,24,28,15,13,0.536,306.38166666666666,37,85,0.435,4,29,0.138,15,23,0.652,19,60,79,21,23,12,7,7,33,21,93,-89,253.3,0,0,235,100,69,144,105,133,131,132,109,149,125,187,135,125,168,84,80,84,136,113,114,85,114,87,133,135,203,126,61,5,131,1,2026,10,Regular Season,Totals
1630993,Anneli Maley,Anneli,1611661313,NYL,27,6,1,5,0.167,53.013333333333335,1,10,0.1,1,5,0.2,3,4,0.75,4,4,8,0,0,4,0,2,11,4,6,4,27.6,0,0,23,190,204,51,211,192,210,195,216,177,179,176,182,182,123,160,195,188,216,213,164,180,52,44,186,203,77,195,61,5,198,2,2026,10,Regular Season,Totals
1643489,Antonia Delaere,Antonia,1611661324,MIN,32,35,28,7,0.8,414.95,38,82,0.463,25,56,0.446,6,6,1,7,19,26,39,14,16,0,2,36,4,107,87,230.7,0,0,229,1,1,63,10,109,130,134,81,64,87,23,166,177,1,144,150,152,94,142,96,180,52,95,186,130,31,133,61,5,132,1,2026,10,Regular Season,Totals
1628878,Ariel Atkins,Ariel,1611661320,LAS,30,30,11,19,0.367,831.7383333333333,99,259,0.382,40,131,0.305,39,42,0.929,23,65,88,89,50,48,11,7,93,72,277,-55,643.1,0,0,612,78,90,182,149,39,59,46,173,34,28,127,74,87,18,63,72,70,36,47,11,56,114,212,51,61,177,50,61,5,51,1,2026,10,Regular Season,Totals
1629481,Arike Ogunbowale,Arike,1611661321,DAL,29,34,20,14,0.588,1011.9316666666666,159,410,0.388,60,177,0.339,120,135,0.889,29,75,104,107,57,33,2,17,77,109,498,42,831.3,0,0,839,11,30,154,92,17,30,16,166,14,12,93,13,17,32,52,61,55,23,37,34,143,189,186,24,19,52,35,61,5,32,1,2026,10,Regular Season,Totals
1643437,Ashlon Jackson,Ashlon,1611661323,CON,22,7,2,5,0.286,73.88,4,12,0.333,2,9,0.222,0,2,0,0,6,6,6,3,7,0,0,4,2,10,-42,44.2,0,0,38,186,193,51,185,182,192,192,197,166,165,170,203,194,203,204,188,193,178,190,144,180,1,23,196,196,160,188,61,5,192,1,2026,10,Regular Season,Totals
1641695,Ashten Prechtel,Ashten,1611661331,GSV,25,2,2,0,1,22.95,2,5,0.4,1,3,0.333,3,3,1,2,2,4,2,3,1,0,1,5,2,8,8,15.8,0,0,17,212,193,1,1,203,201,205,147,177,185,97,182,190,1,180,200,200,197,190,186,180,38,26,196,199,72,202,61,5,200,1,2026,10,Regular Season,Totals
1642826,Aubrey Griffin,Aubrey,1611661313,NYL,24,4,3,1,0.75,7.72,1,1,1,0,0,0,0,0,0,0,1,1,0,1,0,0,0,1,1,2,1,2.2,0,0,3,198,183,6,23,218,210,220,1,192,210,192,203,205,203,204,206,209,216,205,202,180,1,8,202,214,82,221,61,5,220,1,2026,10,Regular Season,Totals
1643443,Awa Fam,Awa,1611661328,SEA,20,29,5,24,0.172,817.53,115,254,0.453,41,116,0.353,24,30,0.8,56,110,166,57,52,25,26,10,80,34,295,-95,680.7,1,0,661,89,163,220,210,42,47,48,95,31,34,84,108,110,96,15,31,24,61,42,51,19,143,190,103,52,207,44,40,5,43,1,2026,10,Regular Season,Totals
1630386,Awak Kuier,Awak,1611661321,DAL,24,31,18,13,0.581,491.89,67,135,0.496,18,53,0.34,20,28,0.714,21,72,93,26,28,14,35,6,50,32,172,57,441.6,1,0,407,61,54,144,100,94,94,99,52,86,93,92,116,115,148,75,64,67,123,90,105,11,103,128,108,99,48,87,40,5,90,1,2026,10,Regular Season,Totals
1642793,Aziaha James,Aziaha,1611661321,DAL,23,34,20,14,0.588,392.40833333333336,74,192,0.385,12,54,0.222,46,63,0.73,20,62,82,41,23,25,9,20,53,60,206,36,444.9,0,0,409,11,30,154,92,117,86,74,169,110,91,170,62,62,139,79,76,80,86,113,51,70,200,135,62,82,55,85,61,5,89,1,2026,10,Regular Season,Totals
1628922,Azura Stevens,Azura,1611661329,CHI,30,25,6,19,0.24,615.755,103,251,0.41,23,89,0.258,47,60,0.783,37,130,167,58,44,23,13,26,73,50,276,-83,627.4,4,0,596,117,151,182,196,73,55,50,139,69,55,160,61,63,109,32,23,22,60,57,59,51,218,178,72,62,199,53,21,5,54,1,2026,10,Regular Season,Totals
1643425,Azzi Fudd,Azzi,1611661321,DAL,23,30,19,11,0.633,950.0933333333334,156,342,0.456,62,156,0.397,19,23,0.826,16,36,52,55,33,52,25,9,68,22,393,140,735.9,0,0,716,78,43,112,65,26,32,26,91,12,18,48,121,125,75,96,119,118,64,76,5,21,133,169,129,40,15,40,61,5,40,1,2026,10,Regular Season,Totals
204335,Betnijah Laney-Hamilton,Betnijah,1611661322,WAS,32,18,11,7,0.611,299.84166666666664,27,73,0.37,11,41,0.268,21,26,0.808,3,31,34,28,28,6,3,2,29,27,86,29,167.8,0,0,177,148,90,63,79,136,146,141,182,112,111,155,115,116,92,169,126,142,115,90,151,130,52,79,118,140,60,149,61,5,144,2,2026,10,Regular Season,Totals
1627668,Breanna Stewart,Breanna,1611661313,NYL,31,33,20,13,0.606,1094.3266666666666,239,508,0.47,27,101,0.267,197,232,0.849,53,223,276,105,70,41,47,26,75,206,702,96,1384.7,10,0,1286,22,30,144,83,5,4,4,73,60,45,156,2,2,59,19,5,7,25,22,19,5,218,181,2,3,26,2,9,5,2,1,2026,10,Regular Season,Totals
1642788,Bree Hall,Bree,1611661325,IND,23,2,1,1,0.5,10.7,2,5,0.4,1,1,1,0,0,0,0,1,1,0,0,0,0,0,0,0,5,-7,6.2,0,0,7,212,204,6,109,215,201,205,147,177,199,1,203,205,203,204,206,209,216,213,202,180,1,1,210,205,101,215,61,5,212,1,2026,10,Regular Season,Totals
1629488,Brianna Turner,Brianna,1611661319,LVA,30,31,22,9,0.71,399.165,27,44,0.614,0,0,0,2,2,1,19,51,70,7,16,9,18,0,43,6,56,-33,215.5,0,0,187,61,19,85,40,115,146,164,8,192,210,192,188,194,1,84,92,92,172,137,133,34,1,113,176,156,144,136,61,5,143,1,2026,10,Regular Season,Totals
1629524,Bridget Carleton,Bridget,1611661327,PDX,29,32,13,19,0.406,972.9766666666667,156,375,0.416,91,233,0.391,66,75,0.88,22,118,140,68,40,50,15,18,64,81,469,-67,894,2,0,898,41,75,182,129,20,32,21,135,5,4,51,47,54,39,69,27,33,50,63,7,41,197,162,41,26,187,30,29,5,28,1,2026,10,Regular Season,Totals
1628280,Brionna Jones,Brionna,1611661330,ATL,30,8,6,2,0.75,147.66333333333333,27,51,0.529,1,6,0.167,19,21,0.905,17,32,49,17,9,3,5,3,22,17,74,4,173.3,0,0,157,181,151,25,23,165,146,158,31,177,175,184,121,134,27,92,122,120,148,163,170,101,73,69,142,147,77,146,61,5,148,1,2026,10,Regular Season,Totals
203398,Brittney Griner,Brittney,1611661323,CON,35,17,7,10,0.412,436.4916666666667,94,175,0.537,0,3,0,43,64,0.672,32,65,97,45,31,8,30,6,46,69,231,-40,497.9,2,0,449,151,137,100,127,104,66,82,29,192,185,192,67,56,162,42,72,64,79,82,136,13,103,119,52,76,157,75,29,5,82,1,2026,10,Regular Season,Totals
1628279,Brittney Sykes,Brittney,1611661332,TOR,32,15,7,8,0.467,476.6766666666667,96,228,0.421,16,59,0.271,93,104,0.894,15,42,57,52,35,20,7,9,39,76,301,-26,493.4,0,0,480,158,137,77,121,100,63,60,129,93,83,153,26,31,29,101,109,111,67,74,74,85,133,106,46,50,137,77,61,5,75,1,2026,10,Regular Season,Totals
1642286,Caitlin Clark,Caitlin,1611661325,IND,24,29,17,12,0.586,881.7616666666667,194,438,0.443,79,219,0.361,161,188,0.856,8,106,114,238,138,28,17,23,91,177,628,115,1118.8,10,1,1149,89,58,127,96,35,15,12,103,7,5,77,5,6,54,137,33,50,3,1,42,36,210,207,5,9,19,10,9,3,4,1,2026,10,Regular Season,Totals
1642287,Cameron Brink,Cameron,1611661320,LAS,24,24,9,15,0.375,434.35,75,153,0.49,20,62,0.323,48,64,0.75,35,81,116,30,56,12,39,13,87,73,218,-22,499.2,0,0,486,122,115,165,141,107,84,89,60,80,74,113,58,56,123,35,54,48,112,38,114,7,167,201,49,80,134,74,61,5,73,1,2026,10,Regular Season,Totals
1642304,Carla Leite,Carla,1611661327,PDX,22,30,12,18,0.4,760.1916666666667,136,306,0.444,24,65,0.369,170,191,0.89,20,47,67,187,101,17,1,21,79,172,466,-42,779.9,6,0,780,78,79,177,130,52,38,38,102,66,73,68,4,5,31,79,99,98,7,4,91,159,205,189,6,29,160,39,16,5,36,1,2026,10,Regular Season,Totals
1643467,Cassandre Prosper,Cassandre,1611661322,WAS,21,28,17,11,0.607,327.31333333333333,28,92,0.304,7,38,0.184,6,15,0.4,23,13,36,13,20,6,3,10,54,20,69,-59,138.7,0,0,143,100,58,112,81,127,145,129,207,132,115,181,166,149,199,63,166,137,159,124,151,130,143,141,139,152,179,156,61,5,154,1,2026,10,Regular Season,Totals
1628508,Cecilia Zandalasini,Cecilia,1611661331,GSV,30,29,22,7,0.759,541.09,89,217,0.41,39,108,0.361,28,34,0.824,9,49,58,49,43,27,5,7,55,41,245,71,441.1,0,0,455,89,19,63,21,86,69,64,140,36,40,76,96,105,77,128,93,110,73,59,45,101,114,142,88,73,41,88,61,5,79,1,2026,10,Regular Season,Totals
1643462,Chance Gray,Chance,1611661320,LAS,22,29,9,20,0.31,304.24,24,68,0.353,17,51,0.333,15,18,0.833,9,26,35,28,20,4,0,3,24,16,80,-123,156,0,0,168,89,115,192,179,134,151,142,190,91,99,97,135,138,65,128,139,140,115,124,164,180,73,73,146,144,218,151,61,5,145,1,2026,10,Regular Season,Totals
1643449,Charlisse Leger-Walker,Charlisse,1611661323,CON,24,31,8,23,0.258,714.1466666666666,71,196,0.362,22,79,0.278,35,46,0.761,6,58,64,106,56,28,3,10,72,35,199,-119,471.8,0,0,453,61,124,216,191,61,90,72,187,76,58,148,84,79,117,149,83,101,24,38,42,130,143,174,99,89,217,83,61,5,81,1,2026,10,Regular Season,Totals
203833,Chelsea Gray,Chelsea,1611661319,LVA,33,33,23,10,0.697,1100.845,149,329,0.453,63,160,0.394,53,57,0.93,8,98,106,233,97,42,10,9,75,56,414,169,949.7,3,0,920,22,12,100,43,4,35,32,94,11,16,49,56,68,17,137,36,53,4,6,17,64,133,181,65,35,11,25,22,5,25,1,2026,10,Regular Season,Totals
1630150,Chennedy Carter,Chennedy,1611661319,LVA,27,13,9,4,0.692,219.92833333333334,60,100,0.6,11,21,0.524,28,37,0.757,9,14,23,17,17,11,4,4,32,25,159,28,240.1,0,0,240,164,115,43,47,150,101,120,11,112,138,12,96,98,121,128,162,157,148,133,121,114,84,84,123,104,61,130,61,5,128,1,2026,10,Regular Season,Totals
204323,Cheyenne Parker-Tyus,Cheyenne,1611661319,LVA,33,23,16,7,0.696,243.61333333333334,39,76,0.513,4,12,0.333,31,41,0.756,16,41,57,14,12,9,15,7,36,36,113,-13,262.4,0,0,236,126,65,63,45,145,127,140,40,149,156,97,90,88,122,96,112,111,156,148,133,41,114,95,98,127,114,122,61,5,130,1,2026,10,Regular Season,Totals
1631064,Chloe Bibby,Chloe,1611661324,MIN,28,4,3,1,0.75,51.15,8,20,0.4,4,12,0.333,2,2,1,0,2,2,6,2,2,1,0,5,3,22,3,40.4,0,0,40,198,183,6,23,194,185,179,147,149,156,97,188,194,1,204,200,204,178,195,178,159,1,26,190,185,80,190,61,5,190,1,2026,10,Regular Season,Totals
1643424,Costanza Verona,Costanza,1611661321,DAL,27,1,0,1,0,5.783333333333333,2,2,1,0,0,0,0,0,0,0,0,0,2,0,0,0,0,0,0,4,-4,7,0,0,6,219,217,6,217,220,201,213,1,192,210,192,203,205,203,204,216,219,197,213,202,180,1,1,210,208,93,213,61,5,214,1,2026,10,Regular Season,Totals
1643430,Cotie McMahon,Cotie,1611661322,WAS,22,30,18,12,0.6,618.5533333333333,69,176,0.392,18,62,0.29,48,79,0.608,15,74,89,60,31,19,6,13,60,67,204,-51,444.8,0,0,421,78,54,127,84,72,92,81,160,86,74,138,58,50,181,101,62,69,58,82,80,96,167,151,57,86,172,86,61,5,87,1,2026,10,Regular Season,Totals
202664,Courtney Vandersloot,Courtney,1611661329,CHI,37,17,7,10,0.412,346.4633333333333,49,116,0.422,15,39,0.385,38,50,0.76,8,39,47,82,33,19,5,10,30,35,151,-35,369.4,1,0,343,151,137,100,127,124,114,113,126,102,113,56,78,73,119,137,114,122,38,76,80,101,143,82,99,109,149,100,40,5,105,1,2026,10,Regular Season,Totals
1627675,Courtney Williams,Courtney,1611661324,MIN,32,35,28,7,0.8,1073.1583333333333,217,475,0.457,42,114,0.368,37,46,0.804,30,151,181,149,60,40,11,11,71,39,513,244,1046.7,2,0,987,1,1,63,10,7,8,6,90,30,37,69,80,79,95,49,16,19,14,30,24,56,160,172,94,16,5,18,29,5,20,1,2026,10,Regular Season,Totals
203024,Damiris Dantas,Damiris,1611661325,IND,33,12,8,4,0.667,98.28666666666666,13,32,0.406,7,20,0.35,7,9,0.778,4,14,18,4,9,2,2,0,22,8,40,-15,70.6,0,0,77,171,124,43,49,175,169,172,143,132,140,85,157,166,110,160,162,165,187,163,178,143,1,69,172,171,119,176,61,5,172,1,2026,10,Regular Season,Totals
1630389,Dana Evans,Dana,1611661319,LVA,28,10,5,5,0.5,165.52166666666668,12,51,0.235,8,24,0.333,2,4,0.5,0,18,18,20,11,1,2,1,11,3,34,-80,83.6,0,0,86,174,163,51,109,162,173,158,213,126,132,97,188,182,192,204,154,165,139,153,186,143,38,44,190,177,196,170,61,5,169,1,2026,10,Regular Season,Totals
1643440,Darianna Littlepage-Buggs,Darianna,1611661322,WAS,22,1,0,1,0,0.24833333333333332,0,0,0,0,0,0,0,0,0,0,0,0,0,0,0,0,0,0,0,0,0,0,0,0,0,219,217,6,217,226,217,225,217,192,210,192,203,205,203,204,216,219,216,213,202,180,1,1,210,219,84,223,61,5,224,1,2026,10,Regular Season,Totals
201886,DeWanna Bonner,DeWanna,1611661317,PHX,38,35,13,22,0.371,957.7483333333333,119,305,0.39,40,156,0.256,80,96,0.833,27,183,210,54,26,42,29,14,61,103,358,-69,878,3,0,804,1,75,205,146,24,43,39,162,34,18,161,34,37,65,54,11,15,66,100,17,15,173,156,28,42,189,32,22,5,34,1,2026,10,Regular Season,Totals
204324,Dearica Hamby,Dearica,1611661320,LAS,32,32,12,20,0.375,944.425,189,334,0.566,9,36,0.25,101,145,0.697,67,171,238,79,64,50,14,39,92,134,488,-101,1020.1,5,0,942,41,79,192,141,27,19,27,19,120,120,163,17,14,156,7,13,13,42,25,7,44,223,210,15,23,212,20,19,5,24,1,2026,10,Regular Season,Totals
1630096,DiJonai Carrington,DiJonai,1611661329,CHI,28,7,3,4,0.429,123.065,23,60,0.383,6,14,0.429,26,35,0.743,2,18,20,4,6,7,1,7,15,25,78,-15,126,0,0,124,186,183,43,124,168,153,150,172,141,149,27,100,102,131,180,154,163,187,176,144,159,114,56,123,146,119,160,61,5,159,1,2026,10,Regular Season,Totals
1641649,Diamond Miller,Diamond,1611661323,CON,25,31,8,23,0.258,705.6416666666667,97,262,0.37,35,111,0.315,65,80,0.813,13,65,78,42,46,24,7,24,98,69,294,-152,497.6,0,0,511,61,124,216,191,63,61,45,181,45,39,120,48,48,84,109,72,85,85,54,55,85,214,215,52,54,222,76,61,5,69,1,2026,10,Regular Season,Totals
1642798,Dominique Malonga,Dominique,1611661328,SEA,20,26,5,21,0.192,683.3383333333334,181,357,0.507,20,56,0.357,71,97,0.732,64,163,227,41,72,24,36,18,76,78,453,-71,894.9,10,0,861,113,163,201,208,64,21,25,43,80,87,79,43,36,138,10,14,14,86,18,55,10,197,185,45,31,191,29,9,5,31,1,2026,10,Regular Season,Totals
1641657,Dorka Juhasz,Dorka,1611661324,MIN,26,13,11,2,0.846,197.72833333333332,20,52,0.385,11,36,0.306,1,4,0.25,5,29,34,21,7,5,9,5,10,6,52,-35,159.3,0,0,146,164,90,25,7,154,156,157,171,112,120,126,198,182,201,152,132,142,136,174,156,70,92,42,176,159,149,150,61,5,152,1,2026,10,Regular Season,Totals
1643490,Eliska Joklova,Eliska,1611661324,MIN,24,18,15,3,0.833,104.275,10,23,0.435,0,6,0,16,21,0.762,7,14,21,19,10,2,3,3,16,17,36,23,94.7,0,0,86,148,69,37,8,172,178,177,110,192,175,192,132,134,116,144,162,160,143,154,178,130,73,59,142,174,65,168,61,5,169,1,2026,10,Regular Season,Totals
204322,Elizabeth Williams,Elizabeth,1611661329,CHI,33,34,12,22,0.353,582.1466666666666,73,159,0.459,0,0,0,32,77,0.416,44,81,125,51,30,18,28,17,47,74,178,-33,512.5,0,0,446,11,79,205,157,77,88,86,87,192,210,192,89,52,198,24,54,40,69,85,87,18,189,124,47,98,144,71,61,5,84,1,2026,10,Regular Season,Totals
1629581,Emese Hof,Emese,1611661324,MIN,30,3,1,2,0.333,20.618333333333332,3,6,0.5,0,0,0,1,2,0.5,2,3,5,2,4,0,0,2,6,1,7,-18,12,0,0,14,204,204,25,162,205,196,202,46,192,210,192,198,194,192,180,197,196,197,183,202,180,52,32,202,201,125,207,61,5,202,1,2026,10,Regular Season,Totals
1631083,Emily Engstler,Emily,1611661327,PDX,26,33,13,20,0.394,787.325,112,246,0.455,35,104,0.337,39,55,0.709,38,136,174,68,62,50,48,13,102,43,298,-99,840.8,2,0,771,22,75,192,134,49,48,51,93,45,44,95,74,71,151,29,20,20,50,27,7,4,167,219,84,51,209,34,29,5,37,1,2026,10,Regular Season,Totals
1628242,Emma Cannon,Emma,1611661320,LAS,37,12,3,9,0.25,75.88333333333334,13,23,0.565,9,15,0.6,13,16,0.813,4,7,11,5,6,0,1,1,16,14,48,5,65.7,0,0,75,171,183,85,193,180,169,177,20,120,147,8,140,145,84,160,184,179,184,176,202,159,38,59,151,164,76,179,61,5,175,1,2026,10,Regular Season,Totals
1643488,Emma Cechova,Emma,1611661324,MIN,22,3,2,1,0.667,51.803333333333335,10,16,0.625,0,1,0,5,8,0.625,4,7,11,0,4,1,2,1,12,5,25,-10,43.2,0,0,42,204,193,6,49,193,178,187,6,192,199,192,173,169,175,160,184,179,216,183,186,143,38,49,181,182,104,189,61,5,188,1,2026,10,Regular Season,Totals
204365,Erica Wheeler,Erica,1611661320,LAS,35,32,12,20,0.375,894.03,111,285,0.389,41,144,0.285,39,45,0.867,9,54,63,173,61,34,2,15,96,68,302,-37,684.1,0,0,651,41,79,192,141,34,50,41,164,31,25,145,74,82,46,128,90,102,10,28,31,143,179,213,55,49,153,43,61,5,45,1,2026,10,Regular Season,Totals
1629496,Ezi Magbegor,Ezi,1611661328,SEA,27,9,2,7,0.222,158.14,20,51,0.392,4,14,0.286,5,7,0.714,5,29,34,16,9,6,8,5,21,13,49,-16,146.8,0,0,131,180,193,63,200,163,156,158,159,149,149,140,173,176,148,152,132,142,150,163,151,76,92,68,154,162,123,155,61,5,158,1,2026,10,Regular Season,Totals
1643428,Flau'jae Johnson,Flau'jae,1611661328,SEA,22,34,6,28,0.176,959.745,161,413,0.39,41,152,0.27,104,128,0.813,34,133,167,98,83,46,25,32,92,98,467,-53,944.4,3,0,915,11,151,223,209,23,28,15,163,31,21,154,16,20,84,38,21,22,27,12,12,21,220,210,32,28,176,27,22,5,26,1,2026,10,Regular Season,Totals
1643494,Frieda Buhner,Frieda,1611661327,PDX,22,30,11,19,0.367,454.7366666666667,64,146,0.438,23,72,0.319,39,44,0.886,22,45,67,23,24,11,2,21,49,33,190,-63,319.9,0,0,329,78,90,182,149,103,96,95,107,69,67,117,74,83,34,69,106,98,134,109,121,143,205,126,106,92,182,112,61,5,107,1,2026,10,Regular Season,Totals
1628931,Gabby Williams,Gabby,1611661331,GSV,29,31,23,8,0.742,770.48,164,389,0.422,51,150,0.34,75,104,0.721,22,78,100,67,48,50,5,12,43,66,454,99,791.5,0,0,782,61,12,77,31,50,25,19,128,24,22,91,37,31,144,69,57,61,52,49,7,101,163,113,59,30,25,36,61,5,35,1,2026,10,Regular Season,Totals
1643447,Gabriela Jaquez,Gabriela,1611661329,CHI,22,30,11,19,0.367,588.1133333333333,74,177,0.418,16,52,0.308,48,58,0.828,21,72,93,28,33,23,1,11,42,53,212,-92,404.6,0,0,397,78,90,182,149,76,86,80,132,93,94,123,58,67,74,75,64,67,115,76,59,159,160,112,69,81,205,93,61,5,93,1,2026,10,Regular Season,Totals
1642781,Georgia Amoore,Georgia,1611661322,WAS,25,32,19,13,0.594,725.14,60,179,0.335,36,126,0.286,31,36,0.861,7,31,38,115,69,10,4,3,83,34,187,0,378.1,0,0,404,41,43,144,89,58,101,78,196,42,30,140,90,101,51,144,126,133,19,23,125,114,73,197,103,95,84,96,61,5,91,1,2026,10,Regular Season,Totals
1643429,Gianna Kneepkens,Gianna,1611661323,CON,23,23,5,18,0.217,183.07166666666666,23,56,0.411,7,27,0.259,17,18,0.944,11,13,24,10,4,3,0,3,32,12,70,-57,118.8,0,0,117,126,163,177,202,158,153,153,138,132,128,159,131,138,15,120,166,155,166,183,170,180,73,84,157,151,178,163,61,5,163,1,2026,10,Regular Season,Totals
1643453,Grace VanSlooten,Grace,1611661325,IND,22,15,9,6,0.6,79.88833333333334,9,12,0.75,2,3,0.667,5,8,0.625,1,9,10,4,4,4,4,1,7,7,25,-42,63,0,0,57,158,115,58,84,179,181,192,4,166,185,5,173,169,175,188,178,184,187,183,164,114,38,36,174,182,160,181,61,5,181,2,2026,10,Regular Season,Totals
1642817,Hailey Van Lith,Hailey,1611661323,CON,24,13,2,11,0.154,190.78166666666667,33,67,0.493,9,19,0.474,8,9,0.889,2,11,13,24,13,8,3,3,18,17,83,-45,154.6,0,0,151,164,193,112,213,156,134,144,55,120,143,19,153,166,32,180,171,177,133,147,136,130,73,64,142,142,167,152,61,5,150,1,2026,10,Regular Season,Totals
1641650,Haley Jones,Haley,1611661321,DAL,25,6,2,4,0.333,58.8,10,17,0.588,0,3,0,6,8,0.75,2,9,11,5,6,2,0,0,9,7,26,-10,46.7,0,0,46,190,193,43,162,190,178,185,13,192,185,192,166,169,123,180,178,179,184,176,178,180,1,41,174,180,104,186,61,5,184,2,2026,10,Regular Season,Totals
1629566,Han Xu,an Xu,1611661313,NYL,26,34,20,14,0.588,466.045,79,152,0.52,29,71,0.408,19,24,0.792,23,61,84,25,17,13,21,3,29,17,206,59,429.3,0,0,412,11,30,154,92,102,82,90,38,56,68,34,121,122,104,63,78,76,127,133,110,29,73,79,142,82,47,91,61,5,88,1,2026,10,Regular Season,Totals
1641683,Holly Winterburn,Holly,1611661327,PDX,25,20,8,12,0.4,180.81333333333333,19,53,0.358,3,25,0.12,8,10,0.8,3,14,17,37,18,7,0,3,16,10,49,-90,127.9,0,0,120,140,124,127,130,159,158,156,189,159,130,190,153,162,96,169,162,167,98,131,144,180,73,59,166,162,204,159,61,5,162,1,2026,10,Regular Season,Totals
1643469,Indya Nivar,Indya,1611661330,ATL,22,20,10,10,0.5,61.31666666666667,7,18,0.389,2,3,0.667,1,13,0.077,4,13,17,7,4,5,2,0,15,9,17,8,64.9,0,0,57,140,102,100,109,187,188,182,165,166,185,5,198,154,202,160,166,167,172,183,156,143,1,56,171,189,72,180,61,5,181,1,2026,10,Regular Season,Totals
204330,Isabelle Harrison,Isabelle,1611661332,TOR,32,21,5,16,0.238,473.1166666666667,97,197,0.492,16,44,0.364,42,59,0.712,35,85,120,34,36,13,14,16,57,56,252,-100,492,2,0,476,134,163,169,198,101,61,71,56,93,107,72,69,65,150,35,52,42,105,71,110,44,182,147,65,70,211,78,29,5,76,1,2026,10,Regular Season,Totals
1642302,Isobel Borlase,Isobel,1611661330,ATL,21,32,20,12,0.625,402.14666666666665,54,128,0.422,14,48,0.292,20,22,0.909,10,38,48,30,23,7,4,10,39,23,142,-4,254.6,0,0,256,41,30,127,69,114,109,106,127,105,102,134,116,129,25,123,117,121,112,113,144,114,143,106,128,113,93,124,61,5,123,1,2026,10,Regular Season,Totals
1642808,JJ Quinerly,JJ,1611661321,DAL,23,2,1,1,0.5,12.433333333333334,1,3,0.333,0,1,0,0,0,0,0,1,1,2,0,0,1,0,0,1,2,-4,9.2,0,0,7,212,204,6,109,213,210,212,197,192,199,192,203,205,203,204,206,209,197,213,202,159,1,1,202,214,93,211,61,5,212,1,2026,10,Regular Season,Totals
1629498,Jackie Young,Jackie,1611661319,LVA,28,33,23,10,0.697,1070.7766666666666,218,452,0.482,71,186,0.382,98,105,0.933,26,125,151,221,79,30,10,8,75,91,605,236,1158.7,6,1,1128,22,12,100,43,8,7,9,63,8,10,60,20,29,16,57,25,30,5,13,38,64,125,181,35,11,6,8,16,3,5,1,2026,10,Regular Season,Totals
1642292,Jacy Sheldon,Jacy,1611661329,CHI,25,34,12,22,0.353,728.0133333333333,83,184,0.451,31,90,0.344,36,41,0.878,13,31,44,56,28,30,11,10,89,49,233,19,464.8,0,0,446,11,79,205,157,57,77,76,98,54,53,88,81,88,41,109,126,124,62,90,38,56,143,203,74,75,66,84,61,5,84,1,2026,10,Regular Season,Totals
1631141,Jade Melbourne,Jade,1611661328,SEA,23,34,7,27,0.206,826.7183333333334,103,225,0.458,21,79,0.266,86,108,0.796,14,53,67,134,60,32,6,10,106,99,313,-118,648.4,0,0,611,11,137,222,203,40,55,61,89,78,58,158,30,27,103,105,91,98,16,30,36,96,143,222,31,48,216,49,61,5,52,1,2026,10,Regular Season,Totals
1642767,Janelle Salaun,Janelle,1611661331,GSV,24,32,23,9,0.719,714.565,133,312,0.426,80,201,0.398,74,89,0.831,31,89,120,35,26,22,4,6,74,87,420,115,668.5,0,0,707,41,12,85,37,60,39,36,120,6,7,46,39,43,71,47,47,42,103,100,69,114,103,179,37,34,19,46,61,5,42,1,2026,10,Regular Season,Totals
1642320,Jaylyn Sherrod,Jaylyn,1611661330,ATL,24,8,6,2,0.75,50.62833333333333,6,19,0.316,2,4,0.5,5,5,1,0,5,5,8,3,5,1,3,7,3,19,4,52,0,0,46,181,151,25,23,195,190,180,203,166,183,13,173,181,1,204,191,196,169,190,156,159,73,36,190,188,77,184,61,5,184,1,2026,10,Regular Season,Totals
1629491,Jessica Shepard,Jessica,1611661321,DAL,29,33,19,14,0.576,1062.435,194,331,0.586,0,10,0,81,113,0.717,101,274,375,171,61,23,2,20,72,120,469,72,1189.5,20,4,1065,22,43,154,102,11,15,30,15,192,161,192,32,26,147,3,1,1,11,28,59,143,200,174,21,26,40,6,2,1,13,1,2026,10,Regular Season,Totals
204319,Jewell Loyd,Jewell,1611661319,LVA,32,32,21,11,0.656,865.135,84,232,0.362,53,163,0.325,30,38,0.789,15,59,74,46,28,36,4,2,72,53,251,83,500.8,0,0,504,41,24,112,54,38,75,57,188,20,15,109,93,94,105,101,81,88,77,90,27,114,52,174,69,71,34,73,61,5,71,1,2026,10,Regular Season,Totals
1630148,Jihyun Park,Jihyun,1611661320,LAS,26,27,10,17,0.37,244.895,25,60,0.417,8,29,0.276,10,17,0.588,10,19,29,14,8,11,1,2,33,18,68,-34,151.8,0,0,143,105,102,173,147,144,149,150,134,126,125,150,149,142,183,123,150,150,156,169,121,159,52,87,141,153,147,154,61,5,154,1,2026,10,Regular Season,Totals
1627673,Jonquel Jones,Jonquel,1611661313,NYL,32,33,19,14,0.576,960.9566666666667,161,328,0.491,61,157,0.389,98,120,0.817,69,232,301,94,71,23,37,16,100,117,481,35,1092.2,13,0,1057,22,43,154,102,22,28,33,59,13,17,52,20,22,80,6,4,4,31,20,59,9,182,216,22,24,56,13,6,5,14,1,2026,10,Regular Season,Totals
1643527,Jordan Harrison,Jordan,1611661327,PDX,22,7,2,5,0.286,98.90166666666667,14,30,0.467,4,7,0.571,7,11,0.636,4,11,15,26,12,3,1,6,15,13,39,-21,96,0,0,92,186,193,51,185,174,168,173,75,149,170,10,157,159,173,160,171,172,123,148,170,159,103,56,154,172,133,166,61,5,167,1,2026,10,Regular Season,Totals
1641651,Jordan Horston,Jordan,1611661328,SEA,25,30,5,25,0.167,532.1183333333333,56,145,0.386,10,45,0.222,23,33,0.697,25,79,104,39,36,30,14,8,57,26,145,-40,424.3,0,0,386,78,163,221,211,88,106,97,168,117,105,170,110,106,155,58,56,55,94,71,38,44,125,147,120,111,157,92,61,5,95,1,2026,10,Regular Season,Totals
1628886,Jordin Canada,Jordin,1611661330,ATL,31,32,20,12,0.625,1014.7433333333333,121,282,0.429,26,94,0.277,101,131,0.771,25,95,120,243,87,65,6,10,87,130,369,158,1003.5,6,0,900,41,30,127,69,15,42,42,114,61,50,149,17,18,114,58,40,42,2,10,2,96,143,201,16,41,12,21,16,5,27,1,2026,10,Regular Season,Totals
1643505,Jovana Nogic,Jovana,1611661317,PHX,28,16,4,12,0.25,322.51,50,119,0.42,32,76,0.421,34,38,0.895,7,10,17,26,23,10,0,6,36,31,166,8,232.4,0,0,261,155,176,127,193,129,112,111,131,52,62,31,86,94,28,144,175,167,123,113,125,180,103,95,111,102,72,132,61,5,120,1,2026,10,Regular Season,Totals
1630115,Joyner Holmes,Joyner,1611661328,SEA,28,1,1,0,1,14.733333333333333,1,4,0.25,0,1,0,0,0,0,1,4,5,1,2,0,3,1,1,0,2,-2,16.5,0,0,14,219,204,1,1,211,210,209,211,192,199,192,203,205,203,188,195,196,209,195,202,130,38,8,210,214,90,200,61,5,202,1,2026,10,Regular Season,Totals
1627700,Julie Allemand,Julie,1611661332,TOR,30,26,7,19,0.269,759.38,66,117,0.564,33,75,0.44,7,8,0.875,5,76,81,149,45,40,11,2,52,21,172,-95,600.7,3,0,537,113,137,182,187,53,95,112,21,50,63,25,157,169,43,152,60,82,14,56,24,56,52,132,133,99,207,60,22,5,66,1,2026,10,Regular Season,Totals
1642210,Julie Vanloo,Julie,1611661313,NYL,33,5,3,2,0.6,81.14,9,17,0.529,7,14,0.5,4,4,1,1,9,10,27,12,2,0,0,11,4,29,32,75.5,1,0,77,193,183,25,84,177,181,185,31,132,149,13,180,182,1,188,178,184,118,148,178,180,1,44,186,179,58,172,40,5,172,1,2026,10,Regular Season,Totals
1642794,Juste Jocyte,Juste,1611661331,GSV,20,10,7,3,0.7,60.805,8,26,0.308,5,14,0.357,5,6,0.833,0,5,5,7,7,0,1,1,5,5,26,12,38.5,0,0,45,174,137,37,42,188,185,174,205,147,149,79,173,177,65,204,191,196,172,174,202,159,38,26,181,180,70,193,61,5,186,1,2026,10,Regular Season,Totals
1643495,Justine Pissott,Justine,1611661319,LVA,22,6,4,2,0.667,73.965,13,33,0.394,10,24,0.417,0,0,0,0,8,8,4,3,1,2,0,12,2,36,-37,57.6,0,0,64,190,176,25,49,181,169,170,158,117,132,32,203,205,203,204,182,188,187,190,186,143,1,49,196,174,153,183,61,5,179,1,2026,10,Regular Season,Totals
1627674,Kahleah Copper,Kahleah,1611661317,PHX,31,34,12,22,0.353,1115.5866666666666,233,538,0.433,58,200,0.29,175,222,0.788,18,101,119,66,87,25,3,44,91,181,699,-106,937.8,1,0,998,11,79,205,157,3,5,3,111,16,8,139,3,3,108,89,35,45,55,10,51,130,225,207,3,4,213,28,40,5,19,1,2026,10,Regular Season,Totals
1630097,Kaila Charles,Kaila,1611661331,GSV,28,33,24,9,0.727,661.7133333333334,75,187,0.401,23,78,0.295,30,38,0.789,55,92,147,45,32,27,7,16,78,40,203,145,516.9,1,0,486,22,8,85,33,68,84,75,146,69,61,133,93,94,105,17,43,32,79,81,45,85,182,188,91,87,14,69,40,5,73,1,2026,10,Regular Season,Totals
1642822,Kaitlyn Chen,Kaitlyn,1611661331,GSV,24,33,24,9,0.727,480.62166666666667,94,172,0.547,17,45,0.378,26,37,0.703,12,26,38,67,40,9,0,8,38,37,231,44,364.1,0,0,371,22,8,85,33,98,66,84,26,91,105,62,100,98,153,118,139,133,52,63,133,180,125,103,97,76,51,103,61,5,98,1,2026,10,Regular Season,Totals
1630154,Kamiah Smalls,Kamiah,1611661327,PDX,28,2,1,1,0.5,30.176666666666666,5,10,0.5,4,7,0.571,1,1,1,0,0,0,6,4,0,0,0,2,0,15,-19,20,0,0,25,212,204,6,109,199,191,195,46,149,170,10,198,204,1,204,216,219,178,183,202,180,1,17,210,190,127,199,61,5,197,1,2026,10,Regular Season,Totals
1642289,Kamilla Cardoso,Kamilla,1611661329,CHI,25,33,11,22,0.333,870.1833333333333,190,334,0.569,0,0,0,100,136,0.735,89,195,284,81,58,20,49,43,117,130,480,-84,1091.3,11,0,983,22,90,205,162,36,18,27,18,192,210,192,19,16,136,4,9,6,40,34,74,3,224,224,16,25,200,14,8,5,21,1,2026,10,Regular Season,Totals
1628317,Karlie Samuelson,Karlie,1611661327,PDX,31,21,8,13,0.381,319.73833333333334,29,68,0.426,23,60,0.383,18,19,0.947,10,17,27,19,8,8,3,0,31,27,99,-51,184.9,0,0,190,134,124,144,138,131,142,142,119,69,78,58,128,136,14,123,157,151,143,169,136,130,1,83,118,132,172,143,61,5,141,1,2026,10,Regular Season,Totals
1642324,Kate Martin,Kate,1611661320,LAS,26,15,6,9,0.4,103.57666666666667,12,33,0.364,7,24,0.292,5,8,0.625,3,11,14,5,2,3,2,1,14,6,36,-11,73.3,0,0,72,158,151,85,130,173,173,170,184,132,132,134,173,169,175,169,171,175,184,195,170,143,38,55,176,174,110,173,61,5,177,1,2026,10,Regular Season,Totals
1629478,Katie Lou Samuelson,Katie Lou,1611661328,SEA,29,27,4,23,0.148,411.905,40,94,0.426,23,67,0.343,19,25,0.76,9,48,57,20,12,20,1,5,23,29,122,-123,271.4,0,0,264,105,176,216,214,110,126,125,122,69,71,89,121,119,119,128,97,111,139,148,74,159,92,71,113,123,218,119,61,5,118,1,2026,10,Regular Season,Totals
203405,Kayla Alexander,Kayla,1611661332,TOR,35,4,0,4,0,40.343333333333334,3,7,0.429,0,0,0,3,4,0.75,4,7,11,2,4,1,1,0,4,5,9,-33,27.2,0,0,26,198,217,43,217,197,196,201,115,192,210,192,182,182,123,160,184,179,197,183,186,159,1,23,181,198,144,196,61,5,195,1,2026,10,Regular Season,Totals
203825,Kayla McBride,Kayla,1611661324,MIN,34,35,28,7,0.8,1128.195,213,452,0.471,103,243,0.424,114,124,0.919,21,91,112,74,47,59,9,8,65,102,643,256,1045.4,0,0,1068,1,1,63,10,1,10,9,72,1,3,30,15,21,20,75,45,51,49,51,4,70,125,165,29,8,4,19,61,5,12,1,2026,10,Regular Season,Totals
203866,Kayla Thornton,Kayla,1611661331,GSV,33,33,24,9,0.727,821.3816666666667,91,242,0.376,55,155,0.355,44,48,0.917,47,118,165,25,25,23,8,16,71,45,281,178,584.5,1,0,588,22,8,85,33,41,68,53,176,19,20,82,63,75,23,21,27,26,127,104,59,76,182,172,80,58,10,61,40,5,56,1,2026,10,Regular Season,Totals
1628909,Kelsey Mitchell,Kelsey,1611661325,IND,30,33,21,12,0.636,1083.5133333333333,283,556,0.509,97,218,0.445,140,165,0.848,16,40,56,90,60,35,4,24,82,142,803,205,1062.2,0,0,1124,22,24,127,63,6,2,1,42,4,6,24,9,11,60,96,113,114,34,30,29,114,214,194,13,2,8,17,61,5,7,1,2026,10,Regular Season,Totals
1628276,Kelsey Plum,Kelsey,1611661317,PHX,31,16,8,8,0.5,502.72833333333335,122,231,0.528,39,101,0.386,73,90,0.811,3,32,35,90,47,16,0,10,51,81,356,-13,534,1,0,552,155,124,77,109,91,41,58,34,36,45,54,41,42,89,169,122,140,34,51,96,180,143,131,41,43,114,68,40,5,62,2,2026,10,Regular Season,Totals
1629568,Kennedy Burke,Kennedy,1611661323,CON,29,30,8,22,0.267,706.975,85,213,0.399,37,106,0.349,44,64,0.688,31,67,98,45,46,31,26,12,46,41,251,-77,561.1,0,0,545,78,124,205,188,62,74,66,156,41,41,86,63,56,160,47,70,63,79,54,37,19,163,119,88,71,195,63,61,5,63,1,2026,10,Regular Season,Totals
1628915,Kia Nurse,Kia,1611661332,TOR,30,32,10,22,0.313,387.2133333333333,45,128,0.352,29,91,0.319,34,37,0.919,7,25,32,27,10,8,0,6,37,32,153,-113,245.9,0,0,257,41,102,205,177,119,120,106,192,56,51,118,86,98,21,144,143,146,118,154,136,180,103,100,108,107,214,129,61,5,122,1,2026,10,Regular Season,Totals
204329,Kiah Stokes,Kiah,1611661331,GSV,33,32,23,9,0.719,720.4116666666666,51,116,0.44,18,56,0.321,7,15,0.467,34,137,171,40,16,21,59,9,80,28,127,63,616.2,0,0,516,41,12,85,37,59,110,113,105,86,87,114,157,149,196,38,19,21,90,137,71,2,133,190,116,120,44,55,61,5,68,1,2026,10,Regular Season,Totals
1630461,Kiana Williams,Kiana,1611661320,LAS,27,20,5,15,0.25,242.31666666666666,29,77,0.377,16,54,0.296,6,8,0.75,1,6,7,25,15,8,1,4,24,6,80,-37,137.9,0,0,146,140,163,165,193,146,142,138,175,93,91,132,166,169,123,188,188,191,127,141,136,159,84,73,176,144,153,157,61,5,152,2,2026,10,Regular Season,Totals
1631006,Kierstan Bell,Kierstan,1611661319,LVA,26,23,16,7,0.696,254.71666666666667,17,65,0.262,10,46,0.217,3,4,0.75,9,28,37,16,10,6,10,2,26,3,47,-34,153.4,0,0,142,126,65,63,45,142,164,145,210,117,104,173,182,182,123,128,135,136,150,154,151,64,52,76,190,166,147,153,61,5,156,1,2026,10,Regular Season,Totals
1642792,Kiki Iriafen,Kiki,1611661322,WAS,22,29,17,12,0.586,816.7066666666667,164,332,0.494,11,34,0.324,96,147,0.653,85,181,266,50,51,19,10,33,89,128,435,41,865.2,14,0,820,89,58,127,96,43,25,29,54,112,122,112,24,13,167,5,12,10,71,45,80,64,221,203,18,32,54,33,4,5,33,1,2026,10,Regular Season,Totals
1643445,Kiki Rice,Kiki,1611661332,TOR,22,17,5,12,0.294,435.62833333333333,62,128,0.484,13,38,0.342,54,64,0.844,19,49,68,47,26,15,3,10,53,49,191,-28,371.1,0,0,355,151,163,127,184,105,98,106,61,108,115,90,55,56,62,84,93,96,74,100,100,130,143,135,74,91,140,98,61,5,101,1,2026,10,Regular Season,Totals
1642768,Kyara Linskens,Kyara,1611661317,PHX,29,18,6,12,0.333,187.05333333333334,18,55,0.327,7,24,0.292,12,17,0.706,13,31,44,12,10,10,14,0,28,12,55,-47,187.8,0,0,166,148,151,127,162,157,160,154,201,132,132,134,143,142,152,109,126,124,161,154,125,44,1,77,157,158,169,142,61,5,146,1,2026,10,Regular Season,Totals
1641656,Laeticia Amihere,Laeticia,1611661331,GSV,25,29,22,7,0.759,329.68833333333333,32,77,0.416,4,10,0.4,23,43,0.535,39,56,95,31,23,12,23,17,45,48,91,67,333.5,0,0,291,89,19,63,21,126,136,138,136,149,161,40,110,84,191,28,86,65,108,113,114,25,189,117,76,137,43,109,61,5,114,1,2026,10,Regular Season,Totals
1643420,Laura Juskaite,Laura,1611661332,TOR,28,33,10,23,0.303,805.0866666666667,118,254,0.465,33,99,0.333,63,78,0.808,34,95,129,52,60,41,8,18,114,82,332,-64,651.8,1,0,644,22,102,216,181,47,44,48,79,50,47,97,51,51,92,38,40,38,67,30,19,76,197,223,38,46,184,47,40,5,47,1,2026,10,Regular Season,Totals
1643461,Laura Ziegler,Laura,1611661320,LAS,24,3,1,2,0.333,29.311666666666667,3,8,0.375,0,3,0,2,3,0.667,1,3,4,3,0,1,1,0,5,4,8,-5,23.3,0,0,19,204,204,25,162,200,196,199,177,192,185,192,188,190,163,188,197,200,191,213,186,159,1,26,186,199,99,198,61,5,199,1,2026,10,Regular Season,Totals
1643427,Lauren Betts,Lauren,1611661322,WAS,22,32,19,13,0.594,530.5483333333333,81,148,0.547,0,0,0,43,59,0.729,38,98,136,30,28,17,22,10,46,54,205,-42,502.2,0,0,449,41,43,144,89,89,81,92,25,192,210,192,67,65,140,29,36,35,112,90,91,26,143,119,67,85,160,72,61,5,82,1,2026,10,Regular Season,Totals
1642303,Leila Lacan,Leila,1611661323,CON,22,22,7,15,0.318,633.7966666666666,101,239,0.423,23,75,0.307,42,57,0.737,13,32,45,97,47,41,6,8,68,68,267,-99,560.5,0,0,526,131,137,165,175,71,57,55,125,69,63,125,69,68,133,109,122,123,28,51,19,96,125,169,55,65,209,64,61,5,67,1,2026,10,Regular Season,Totals
1630142,Leonie Fiebich,Leonie,1611661313,NYL,26,14,10,4,0.714,407.76666666666665,46,102,0.451,26,60,0.433,22,24,0.917,16,20,36,26,25,17,1,5,28,35,140,60,251.2,0,0,264,162,102,43,39,111,119,119,99,61,78,26,113,122,23,96,148,137,123,104,91,159,92,77,99,115,45,127,61,5,118,1,2026,10,Regular Season,Totals
1631118,Lexi Held,Lexi,1611661317,PHX,26,33,15,18,0.455,495.28333333333336,56,148,0.378,23,71,0.324,19,22,0.864,13,26,39,44,28,11,4,11,43,39,154,-49,283.8,0,0,290,22,69,177,123,93,106,92,174,69,68,111,121,129,48,109,139,131,82,90,121,114,160,113,94,105,170,116,61,5,115,2,2026,10,Regular Season,Totals
1628882,Lexie Brown,Lexie,1611661328,SEA,31,10,3,7,0.3,147.89666666666668,12,26,0.462,9,20,0.45,5,6,0.833,1,12,13,11,10,5,1,1,13,10,38,-40,78.1,0,0,83,174,183,63,182,164,173,174,82,120,140,22,173,177,65,188,170,177,164,154,156,159,38,52,166,173,157,171,61,5,171,1,2026,10,Regular Season,Totals
1631086,Lexie Hull,Lexie,1611661325,IND,26,33,21,12,0.636,642.445,64,146,0.438,28,79,0.354,25,31,0.806,32,72,104,25,28,20,7,7,90,43,181,103,396.3,0,0,392,22,24,127,63,69,96,95,107,59,58,83,104,109,94,42,64,55,127,90,74,85,114,206,84,97,24,94,61,5,94,1,2026,10,Regular Season,Totals
1629574,Li Yueru,Li,1611661321,DAL,27,25,15,10,0.6,266.52,25,63,0.397,7,31,0.226,29,40,0.725,23,47,70,12,14,4,5,8,37,50,86,27,201,1,0,193,117,69,100,84,141,149,148,157,132,124,168,95,91,142,63,99,92,161,142,164,101,125,100,72,140,63,141,40,5,139,1,2026,10,Regular Season,Totals
1642820,Liatu King,Liatu,1611661324,MIN,24,8,6,2,0.75,73.38333333333334,9,16,0.563,2,6,0.333,4,10,0.4,8,15,23,0,5,3,4,1,13,5,24,-13,67.6,0,0,63,181,151,25,23,183,181,187,22,166,175,97,180,162,199,137,159,157,216,181,170,114,38,52,181,184,114,178,61,5,180,1,2026,10,Regular Season,Totals
1642802,Lucy Olsen,Lucy,1611661322,WAS,23,17,9,8,0.529,135.67833333333334,18,42,0.429,8,20,0.4,8,10,0.8,1,10,11,18,9,3,1,3,17,12,52,12,95.2,0,0,97,151,115,77,106,167,160,166,115,126,140,40,153,162,96,188,175,179,146,163,170,159,73,63,157,159,70,167,61,5,166,1,2026,10,Regular Season,Totals
1630143,Luisa Geiselsoder,Luisa,1611661327,PDX,26,21,8,13,0.381,347.53833333333336,33,100,0.33,16,55,0.291,12,15,0.8,10,45,55,27,19,7,8,4,53,19,94,-26,226.5,0,0,222,134,124,144,138,123,134,120,200,93,90,137,143,149,96,123,106,115,118,127,144,76,84,135,140,134,137,134,61,5,133,1,2026,10,Regular Season,Totals
1642307,Mackenzie Holmes,Mackenzie,1611661328,SEA,25,22,5,17,0.227,233.84166666666667,23,41,0.561,6,10,0.6,11,15,0.733,22,47,69,12,10,13,6,2,34,21,63,-64,210.8,0,0,188,131,163,173,199,149,153,167,23,141,161,8,146,149,137,69,99,95,161,154,110,96,52,89,133,154,184,137,61,5,142,1,2026,10,Regular Season,Totals
1641652,Maddy Siegrist,Maddy,1611661321,DAL,26,31,19,12,0.613,424.8016666666667,73,152,0.48,24,58,0.414,20,24,0.833,27,58,85,25,9,14,10,7,48,21,190,60,392.5,0,0,372,61,43,127,77,108,88,90,64,66,85,33,116,122,65,54,83,75,127,163,105,64,114,125,133,92,45,95,61,5,97,1,2026,10,Regular Season,Totals
1642818,Maddy Westbeld,Maddy,1611661329,CHI,24,3,0,3,0,28.466666666666665,1,6,0.167,1,5,0.2,0,0,0,2,2,4,2,1,0,0,1,6,2,3,-12,9.8,0,0,10,204,217,37,217,201,210,202,214,177,179,176,203,205,203,180,200,200,197,205,202,180,38,32,196,211,111,210,61,5,209,1,2026,10,Regular Season,Totals
1643431,Madina Okot,Madina,1611661330,ATL,21,31,19,12,0.613,272.72,68,116,0.586,1,8,0.125,35,46,0.761,36,68,104,6,38,8,9,16,46,41,172,-50,318.8,1,0,317,61,43,127,77,138,93,113,14,177,167,188,84,79,117,34,69,55,178,68,136,70,182,119,88,99,171,113,40,5,110,1,2026,10,Regular Season,Totals
1642769,Mai Yamamoto,Mai,1611661319,LVA,26,4,3,1,0.75,44.31166666666667,8,16,0.5,6,12,0.5,0,0,0,0,1,1,8,2,4,0,2,2,0,22,-18,45.2,0,0,45,198,183,6,23,196,185,187,46,141,156,13,203,205,203,204,206,209,169,195,164,180,52,17,210,185,125,187,61,5,186,1,2026,10,Regular Season,Totals
1642815,Makayla Timpson,Makayla,1611661325,IND,23,32,21,11,0.656,550.7266666666667,57,94,0.606,0,0,0,25,38,0.658,45,92,137,16,23,17,25,13,61,33,139,114,430.4,0,0,376,41,24,112,54,85,105,125,10,192,210,192,104,94,166,23,43,34,150,113,91,21,167,156,106,116,21,90,61,5,96,1,2026,10,Regular Season,Totals
1629576,Maria Conde,Maria,1611661332,TOR,29,32,10,22,0.313,868.25,100,271,0.369,53,147,0.361,36,41,0.878,32,117,149,82,49,15,5,10,65,48,289,-163,601.8,1,0,613,41,102,205,177,37,58,44,183,20,23,78,81,88,41,42,30,31,38,48,100,101,143,165,76,55,225,59,40,5,50,1,2026,10,Regular Season,Totals
1630108,Mariella Fasoula,Mariella,1611661332,TOR,28,3,0,3,0,15.316666666666666,2,5,0.4,0,0,0,0,0,0,1,2,3,1,2,1,2,1,5,1,4,-2,16.1,0,0,14,204,217,37,217,209,201,205,147,192,210,192,203,205,203,188,200,203,209,195,186,143,38,26,202,208,90,201,61,5,202,1,2026,10,Regular Season,Totals
1629497,Marina Mabrey,Marina,1611661332,TOR,29,31,10,21,0.323,915.8866666666667,211,473,0.446,100,259,0.386,123,139,0.885,17,87,104,115,96,28,11,17,82,150,645,-166,963.3,0,0,1042,61,102,201,174,32,11,7,101,3,2,55,12,15,36,92,49,55,19,7,42,56,189,194,9,7,226,22,61,5,16,1,2026,10,Regular Season,Totals
1630469,Marine Fauthoux,Marine,1611661313,NYL,25,13,10,3,0.769,197.775,18,45,0.4,9,28,0.321,11,16,0.688,5,26,31,31,19,3,0,4,12,25,56,17,129.7,1,0,133,164,102,37,20,153,160,163,147,120,127,114,146,145,160,152,139,147,108,127,170,180,84,49,123,156,68,158,40,5,157,1,2026,10,Regular Season,Totals
1629546,Marine Johannes,Marine,1611661313,NYL,31,31,17,14,0.548,665.9216666666666,96,230,0.417,69,183,0.377,19,22,0.864,13,55,68,76,54,27,4,6,52,25,280,80,514.6,0,0,555,61,58,154,104,67,63,59,133,9,11,63,121,129,48,109,89,96,45,41,45,114,103,132,123,59,38,70,61,5,60,1,2026,10,Regular Season,Totals
1643438,Marta Suarez,Marta,1611661317,PHX,24,13,5,8,0.385,116.37833333333333,17,36,0.472,4,12,0.333,6,9,0.667,6,9,15,6,8,3,0,2,23,6,44,-35,72,0,0,75,164,163,77,136,170,164,168,71,149,156,97,166,166,163,149,178,172,178,169,170,180,52,71,176,169,149,174,61,5,175,1,2026,10,Regular Season,Totals
1630471,Maya Caldwell,Maya,1611661324,MIN,27,35,28,7,0.8,484.97833333333335,50,135,0.37,25,67,0.373,20,25,0.8,30,48,78,38,25,24,7,6,49,28,145,81,363.6,0,0,348,1,1,63,10,97,112,99,180,64,71,66,116,119,96,49,97,85,96,104,55,85,103,126,116,111,36,104,61,5,104,1,2026,10,Regular Season,Totals
1629484,Megan DiLeo,Megan,1611661327,PDX,29,31,12,19,0.387,730.2916666666666,158,291,0.543,38,105,0.362,44,53,0.83,38,87,125,31,21,12,21,20,82,69,398,-85,672.5,1,0,658,61,79,182,135,56,31,40,27,39,43,75,63,72,72,29,49,40,108,121,114,29,200,194,52,38,202,45,40,5,44,1,2026,10,Regular Season,Totals
1628920,Mercedes Russell,Mercedes,1611661325,IND,31,1,1,0,1,0.9366666666666666,0,0,0,0,0,0,0,0,0,0,0,0,0,0,0,0,0,0,0,0,-3,0,0,0,0,219,204,1,1,225,217,225,217,192,210,192,203,205,203,204,216,219,216,213,202,180,1,1,210,219,92,223,61,5,224,1,2026,10,Regular Season,Totals
1630446,Michaela Onyenwere,Michaela,1611661322,WAS,27,28,17,11,0.607,734.2116666666667,86,196,0.439,39,96,0.406,49,60,0.817,47,39,86,47,52,13,4,16,81,53,260,83,432.7,0,0,466,100,58,112,81,55,73,72,106,36,49,36,57,63,80,21,114,74,74,42,110,114,182,192,69,68,34,89,61,5,77,1,2026,10,Regular Season,Totals
1631039,Miela Sowah,Miela,1611661331,GSV,26,2,2,0,1,5.783333333333333,0,2,0,0,2,0,0,0,0,0,0,0,0,0,0,0,0,1,0,0,-10,0,0,0,0,212,193,1,1,220,217,213,217,192,194,192,203,205,203,204,216,219,216,213,202,180,1,8,210,219,104,223,61,5,224,1,2026,10,Regular Season,Totals
1642777,Monique Akoa Makani,Monique,1611661320,LAS,25,21,7,14,0.333,479.4816666666667,62,144,0.431,24,59,0.407,40,47,0.851,3,38,41,51,41,23,4,9,60,45,188,-59,353.7,0,0,358,134,137,154,162,99,98,98,113,66,83,35,72,77,57,169,117,128,69,62,59,114,133,151,80,94,179,106,61,5,100,2,2026,10,Regular Season,Totals
1628881,Monique Billings,Monique,1611661325,IND,30,32,21,11,0.656,666.67,82,155,0.529,5,16,0.313,75,95,0.789,62,104,166,37,26,27,17,14,72,82,244,86,604.7,2,0,540,41,24,112,54,66,78,87,33,147,146,121,37,40,105,11,34,24,98,100,45,36,173,174,38,74,33,57,29,5,65,1,2026,10,Regular Season,Totals
1628899,Myisha Hines-Allen,Myisha,1611661325,IND,31,29,19,10,0.655,406.27,44,94,0.468,7,19,0.368,16,23,0.696,15,73,88,44,35,16,11,6,60,22,111,69,328.6,0,0,304,89,43,100,57,112,122,125,74,132,143,69,132,125,157,101,63,70,82,74,96,56,103,151,129,128,42,110,61,5,113,1,2026,10,Regular Season,Totals
1631019,NaLyssa Smith,NaLyssa,1611661319,LVA,26,33,22,11,0.667,807.3033333333333,164,256,0.641,1,8,0.125,67,117,0.573,65,141,206,32,29,19,21,20,104,112,396,81,782.2,3,0,715,22,19,112,49,46,25,47,5,177,167,188,45,24,187,9,17,16,107,87,80,29,200,221,23,39,36,37,22,5,41,1,2026,10,Regular Season,Totals
1643686,Nadia Fingall,Nadia,1611661331,GSV,28,5,4,1,0.8,12.4,2,2,1,1,1,1,0,0,0,1,0,1,1,0,0,0,0,1,0,5,-10,7.7,0,0,8,193,176,6,10,214,201,213,1,177,199,1,203,205,203,188,216,209,209,213,202,180,1,8,210,205,104,212,61,5,211,1,2026,10,Regular Season,Totals
1629483,Napheesa Collier,Napheesa,1611661324,MIN,29,8,7,1,0.875,236.175,59,113,0.522,16,33,0.485,19,23,0.826,13,47,60,27,19,14,11,7,13,25,153,75,321.5,1,0,306,181,137,6,6,147,104,116,37,93,123,18,121,125,75,109,99,103,118,127,105,56,114,52,123,107,39,111,40,5,112,1,2026,10,Regular Season,Totals
204333,Natasha Cloud,Natasha,1611661329,CHI,34,33,11,22,0.333,941.2966666666666,112,241,0.465,34,106,0.321,80,94,0.851,9,97,106,166,71,36,10,5,103,79,338,-70,781.2,0,0,736,22,90,205,162,29,48,54,78,48,41,116,34,41,57,128,38,53,13,20,27,64,92,220,43,45,190,38,61,5,38,1,2026,10,Regular Season,Totals
203827,Natasha Howard,Natasha,1611661324,MIN,34,35,28,7,0.8,1012.8333333333334,217,368,0.59,3,13,0.231,94,131,0.718,118,153,271,116,88,63,30,25,120,143,531,297,1221.2,8,0,1107,1,1,63,10,16,8,22,12,159,154,166,25,18,146,2,15,9,18,9,3,13,216,226,12,14,1,5,15,5,8,1,2026,10,Regular Season,Totals
1630442,Natasha Mack,Natasha,1611661317,PHX,28,27,10,17,0.37,602.2266666666667,95,154,0.617,2,8,0.25,33,43,0.767,66,118,184,35,25,19,29,5,66,43,225,-20,617.3,5,0,542,105,102,173,147,74,65,88,7,166,167,163,88,84,115,8,27,18,103,104,80,15,92,168,84,79,129,54,19,5,64,1,2026,10,Regular Season,Totals
1629567,Natisha Hiedeman,Natisha,1611661328,SEA,29,35,7,28,0.2,1040.8333333333333,195,437,0.446,67,199,0.337,89,103,0.864,8,86,94,167,78,38,5,14,62,82,546,-68,960.3,2,0,960,1,137,223,204,13,14,13,100,10,9,94,27,33,47,137,51,66,12,14,26,101,173,161,38,12,188,24,29,5,22,1,2026,10,Regular Season,Totals
1631044,Naz Hillmon,Naz,1611661330,ATL,26,31,20,11,0.645,896.7266666666667,106,222,0.477,34,114,0.298,38,47,0.809,44,90,134,46,40,21,7,15,69,46,284,133,557.8,0,0,554,61,30,112,58,33,53,62,65,48,37,131,78,77,91,24,46,36,77,63,71,85,179,171,78,57,17,65,61,5,61,1,2026,10,Regular Season,Totals
1643479,Ndjakalenga Mwenentanda,Ndjakalenga,1611661331,GSV,22,5,4,1,0.8,12.9,0,1,0,0,1,0,0,0,0,1,1,2,2,1,0,0,0,1,0,0,3,4.4,0,0,4,193,176,6,10,212,217,220,217,192,199,192,203,205,203,188,206,204,197,205,202,180,1,8,210,219,80,218,61,5,218,1,2026,10,Regular Season,Totals
1643448,Nell Angloma,Nell,1611661323,CON,20,27,8,19,0.296,271.95666666666665,35,81,0.432,3,15,0.2,26,43,0.605,16,23,39,15,20,12,8,12,45,29,99,-19,208.3,0,0,196,105,124,182,183,139,133,136,112,159,147,176,100,84,182,96,146,131,155,124,114,76,163,117,113,132,127,138,61,5,138,1,2026,10,Regular Season,Totals
1628269,Nia Coffey,Nia,1611661324,MIN,31,35,28,7,0.8,813.6,88,200,0.44,43,115,0.374,12,22,0.545,33,129,162,67,24,33,38,10,75,32,231,136,714.9,1,0,645,1,1,63,10,45,70,70,104,29,35,65,143,129,189,41,24,28,52,109,34,8,143,181,108,76,16,41,40,5,46,1,2026,10,Regular Season,Totals
1631263,Nikolina Milic,Nikolina,1611661332,TOR,32,7,3,4,0.429,63.053333333333335,9,19,0.474,0,2,0,3,4,0.75,2,7,9,3,5,0,0,2,7,3,21,-14,31.3,0,0,33,186,183,43,124,186,181,180,68,192,194,192,182,182,123,180,184,186,191,181,202,180,52,36,190,187,118,194,61,5,194,1,2026,10,Regular Season,Totals
203014,Nneka Ogwumike,Nneka,1611661320,LAS,36,31,11,20,0.355,971.97,206,402,0.512,46,115,0.4,73,85,0.859,56,216,272,95,58,34,13,21,53,90,531,-131,1082.9,13,0,1038,61,90,192,156,21,12,17,41,27,35,40,41,45,53,15,6,8,30,34,31,51,205,135,36,14,220,16,6,5,17,1,2026,10,Regular Season,Totals
1643493,Noemie Brochant,Noemie,1611661317,PHX,26,34,12,22,0.353,763.1783333333333,82,172,0.477,35,88,0.398,7,12,0.583,14,56,70,60,29,34,8,4,55,26,206,-62,477,1,0,455,11,79,205,157,51,78,84,66,45,56,47,157,156,184,105,86,92,58,87,31,76,84,142,120,82,181,81,40,5,79,1,2026,10,Regular Season,Totals
1642296,Nyadiew Puoch,Nyadiew,1611661327,PDX,22,32,12,20,0.375,554.5133333333333,49,131,0.374,14,62,0.226,16,26,0.615,23,32,55,21,17,23,4,9,64,29,128,-84,289.5,0,0,272,41,79,192,141,82,114,104,178,105,74,168,132,116,179,63,122,115,136,133,59,114,133,162,113,119,200,115,61,5,116,1,2026,10,Regular Season,Totals
1631055,Nyara Sabally,Nyara,1611661332,TOR,26,24,8,16,0.333,573.1433333333333,108,205,0.527,20,51,0.392,59,82,0.72,43,83,126,41,38,24,21,17,65,73,295,-82,604.7,1,0,572,122,124,169,162,80,51,68,35,80,99,50,53,47,145,27,53,39,86,68,55,29,189,165,49,52,198,57,40,5,57,1,2026,10,Regular Season,Totals
203824,Odyssey Sims,Odyssey,1611661321,DAL,34,25,16,9,0.64,388.3016666666667,48,120,0.4,12,37,0.324,27,32,0.844,1,25,26,55,27,14,2,13,34,38,135,-4,269.7,0,0,260,117,65,85,62,118,116,110,147,110,117,110,99,108,62,188,143,152,64,97,105,143,167,89,96,117,93,120,61,5,121,1,2026,10,Regular Season,Totals
1643426,Olivia Miles,Olivia,1611661324,MIN,23,33,27,6,0.818,1023.4633333333334,231,466,0.496,53,132,0.402,138,158,0.873,22,132,154,201,102,41,22,25,101,136,653,281,1226.3,3,0,1187,22,7,58,9,14,6,8,53,20,27,39,10,12,45,69,22,29,6,3,19,26,216,218,14,5,2,4,22,5,3,1,2026,10,Regular Season,Totals
1631135,Olivia Nelson-Ododa,Olivia,1611661323,CON,25,27,7,20,0.259,575.8916666666667,99,173,0.572,0,1,0,65,101,0.644,44,119,163,50,44,23,24,17,84,100,263,-43,630.6,3,0,570,105,137,192,190,79,59,83,17,192,199,192,48,35,171,24,26,27,71,57,59,24,189,198,30,66,164,51,22,5,58,1,2026,10,Regular Season,Totals
1643706,Ornella Bankole,Ornella,1611661332,TOR,28,3,1,2,0.333,15.166666666666666,0,2,0,0,2,0,2,2,1,1,1,2,0,1,1,0,0,4,1,2,0,6.4,0,0,6,204,204,25,162,210,217,213,217,192,194,192,188,194,1,188,206,204,216,205,186,180,1,23,202,214,84,214,61,5,214,1,2026,10,Regular Season,Totals
1642784,Paige Bueckers,Paige,1611661321,DAL,24,32,20,12,0.625,1066.5466666666666,246,486,0.506,56,145,0.386,98,114,0.86,20,110,130,187,67,25,14,10,81,107,646,105,1132.5,2,0,1097,41,30,127,69,10,3,5,44,17,24,53,20,25,52,79,31,37,7,24,51,44,143,192,26,6,23,9,29,5,9,1,2026,10,Regular Season,Totals
1631136,Pauline Astier,Pauline,1611661313,NYL,24,34,20,14,0.588,796.675,117,211,0.555,15,40,0.375,74,84,0.881,18,66,84,117,55,30,5,14,96,106,323,93,649.3,0,0,609,11,30,154,92,48,45,67,24,102,112,64,39,46,38,89,71,76,17,40,38,101,173,213,27,47,29,48,61,5,53,1,2026,10,Regular Season,Totals
1630138,Peyton Williams,Peyton,1611661317,PHX,28,1,1,0,1,5.766666666666667,0,1,0,0,0,0,0,0,0,0,0,0,2,0,0,1,1,0,0,0,-1,6,0,0,4,219,204,1,1,222,217,220,217,192,210,192,203,205,203,204,216,219,197,213,202,159,38,1,210,219,88,216,61,5,218,1,2026,10,Regular Season,Totals
1643487,Quionche Carter,Quionche,1611661317,PHX,25,13,6,7,0.462,80.59666666666666,3,18,0.167,0,9,0,9,16,0.563,3,6,9,7,2,5,0,2,11,12,15,-24,49.3,0,0,41,164,151,63,122,178,196,182,214,192,165,192,151,145,188,169,188,186,172,195,156,180,52,44,157,190,135,185,61,5,189,1,2026,10,Regular Season,Totals
1627671,Rachel Banham,Rachel,1611661329,CHI,33,30,11,19,0.367,385.855,48,132,0.364,32,98,0.327,13,16,0.813,3,30,33,34,25,8,8,2,36,11,141,-15,254.6,0,0,272,78,90,182,149,120,116,103,184,52,48,108,140,145,84,169,131,145,105,104,136,76,52,95,164,114,119,124,61,5,116,1,2026,10,Regular Season,Totals
1630996,Rae Burrell,Rae,1611661320,LAS,26,32,12,20,0.375,919.7,148,328,0.451,48,126,0.381,88,108,0.815,19,56,75,78,72,26,16,23,55,108,432,-161,693,0,0,717,41,79,192,141,30,36,33,96,25,30,61,28,27,83,84,86,87,43,18,49,38,210,142,25,33,224,42,61,5,39,1,2026,10,Regular Season,Totals
1643441,Raegan Beers,Raegan,1611661323,CON,23,25,6,19,0.24,269.45666666666665,32,65,0.492,2,5,0.4,22,35,0.629,30,42,72,20,21,10,3,8,59,31,88,-27,222.4,0,0,208,117,151,182,196,140,136,145,57,166,179,40,113,102,174,49,109,90,139,121,125,130,125,150,111,139,139,135,61,5,136,1,2026,10,Regular Season,Totals
1630384,Raquel Carrera,Raquel,1611661313,NYL,24,19,10,9,0.526,107.34666666666666,11,18,0.611,2,7,0.286,7,12,0.583,8,13,21,7,6,1,2,0,16,10,31,34,69.7,0,0,67,143,102,85,107,171,177,182,9,166,170,140,157,156,184,137,166,160,172,176,186,143,1,59,166,178,57,177,61,5,178,1,2026,10,Regular Season,Totals
1643433,Raven Johnson,Raven,1611661325,IND,23,30,19,11,0.633,348.09166666666664,43,105,0.41,11,43,0.256,8,10,0.8,17,42,59,41,27,10,3,2,44,10,105,-10,249.3,0,0,242,78,43,112,65,122,124,118,141,112,109,162,153,162,96,92,109,106,86,97,125,130,52,116,166,131,104,128,61,5,127,1,2026,10,Regular Season,Totals
1642796,Rayah Marshall,Rayah,1611661323,CON,22,1,0,1,0,3.566666666666667,0,2,0,0,0,0,0,0,0,1,0,1,0,2,0,0,0,1,0,0,-7,-0.8,0,0,1,219,217,6,217,223,217,213,217,192,210,192,203,205,203,188,216,209,216,195,202,180,1,8,210,219,101,226,61,5,223,1,2026,10,Regular Season,Totals
204296,Rebecca Allen,Rebecca,1611661313,NYL,33,19,10,9,0.526,326.0283333333333,31,80,0.388,18,52,0.346,10,11,0.909,13,27,40,13,9,10,9,4,38,13,90,-20,205.5,0,0,199,143,102,85,107,128,140,137,167,86,94,87,149,159,25,109,136,130,159,163,125,70,84,103,154,138,129,139,61,5,137,1,2026,10,Regular Season,Totals
203822,Rebekah Gardner,Rebekah,1611661313,NYL,36,32,19,13,0.594,486.9216666666667,61,129,0.473,8,37,0.216,36,39,0.923,32,49,81,40,21,15,7,10,53,34,166,14,368.2,0,0,339,41,43,144,89,95,100,105,69,126,117,174,81,92,19,42,93,82,90,121,100,85,143,135,103,102,69,101,61,5,106,1,2026,10,Regular Season,Totals
1631009,Rhyne Howard,Rhyne,1611661330,ATL,26,31,20,11,0.645,1069.7283333333332,176,435,0.405,101,272,0.371,87,102,0.853,24,95,119,112,40,73,29,6,86,79,540,87,1116.8,0,0,1076,61,30,112,58,9,23,14,144,2,1,67,29,34,56,60,40,45,21,63,1,15,103,199,43,13,31,11,61,5,11,1,2026,10,Regular Season,Totals
1642288,Rickea Jackson,Rickea,1611661329,CHI,25,4,3,1,0.75,117.98,24,60,0.4,6,21,0.286,18,22,0.818,4,15,19,8,8,1,7,5,7,14,72,-15,122.8,0,0,121,198,183,6,23,169,151,150,147,141,138,140,128,129,79,160,159,164,169,169,186,85,92,36,151,149,119,161,61,5,160,1,2026,10,Regular Season,Totals
1643450,Rori Harmon,Rori,1611661322,WAS,23,10,4,6,0.4,67.48166666666667,3,10,0.3,1,5,0.2,3,4,0.75,0,8,8,11,12,5,0,0,11,8,10,-24,39.1,0,0,40,174,176,58,130,185,196,195,208,177,179,176,182,182,123,204,182,188,164,148,156,180,1,44,172,196,135,192,61,5,190,1,2026,10,Regular Season,Totals
1629477,Sabrina Ionescu,Sabrina,1611661313,NYL,28,22,11,11,0.5,669.9666666666667,117,275,0.425,47,140,0.336,67,73,0.918,18,70,88,100,58,15,5,16,39,61,348,-12,605.6,2,0,623,131,90,112,109,65,45,43,123,26,26,96,45,55,22,89,67,70,26,34,100,101,182,106,61,44,111,56,29,5,48,1,2026,10,Regular Season,Totals
1628244,Sami Whitcomb,Sami,1611661317,PHX,38,12,4,8,0.333,177.58333333333334,16,51,0.314,13,42,0.31,6,6,1,3,18,21,20,10,8,0,2,18,10,51,-28,120.2,0,0,121,171,176,77,162,161,166,158,204,108,110,122,166,177,1,169,154,160,139,154,136,180,52,64,166,161,140,162,61,5,160,1,2026,10,Regular Season,Totals
1642790,Sania Feagin,Sania,1611661327,PDX,23,3,0,3,0,10.2,0,1,0,0,0,0,0,0,0,0,1,1,2,0,0,0,0,3,1,0,-8,4.2,0,0,3,204,217,37,217,216,217,220,217,192,210,192,203,205,203,204,206,209,197,213,202,180,1,21,202,219,103,219,61,5,220,1,2026,10,Regular Season,Totals
1642809,Saniya Rivers,Saniya,1611661323,CON,23,27,6,21,0.222,591.8416666666667,71,205,0.346,9,52,0.173,31,48,0.646,10,49,59,85,38,26,18,8,50,40,182,-153,474.3,0,0,423,105,151,201,200,75,90,68,193,120,94,183,90,75,170,123,93,106,37,68,49,34,125,128,91,96,223,82,61,5,86,1,2026,10,Regular Season,Totals
1642782,Sarah Ashlee Barker,Sarah Ashlee,1611661327,PDX,24,26,10,16,0.385,642.1533333333333,108,215,0.502,36,90,0.4,26,35,0.743,21,96,117,62,52,23,9,14,64,43,278,-51,555.4,0,0,557,113,102,169,136,70,51,65,45,42,53,40,100,102,131,75,39,47,56,42,59,70,173,162,84,60,172,66,61,5,59,1,2026,10,Regular Season,Totals
1630149,Satou Sabally,Satou,1611661313,NYL,28,13,8,5,0.615,217.79833333333335,45,98,0.459,20,52,0.385,25,29,0.862,5,31,36,25,22,1,2,5,34,21,135,28,202.7,0,0,222,164,124,51,75,151,120,122,86,80,94,56,104,113,50,152,126,137,127,120,186,143,92,89,133,117,61,140,61,5,133,1,2026,10,Regular Season,Totals
1643458,Saylor Poffenbarger,Saylor,1611661329,CHI,23,5,1,4,0.2,25.516666666666666,0,4,0,0,4,0,0,0,0,1,5,6,1,0,2,0,0,3,0,0,-4,14.7,0,0,11,193,204,43,204,202,217,209,217,192,183,192,203,205,203,188,191,193,209,213,178,180,1,21,210,219,93,203,61,5,208,1,2026,10,Regular Season,Totals
1643436,Serah Williams,Serah,1611661327,PDX,22,29,11,18,0.379,360.74,51,89,0.573,1,2,0.5,24,39,0.615,24,47,71,16,24,12,8,12,55,35,127,-30,272.2,0,0,255,89,90,177,140,121,110,130,16,177,194,13,108,92,179,60,99,91,150,109,114,76,163,142,99,120,142,118,61,5,124,1,2026,10,Regular Season,Totals
1631022,Shakira Austin,Shakira,1611661322,WAS,26,31,18,13,0.581,919.505,181,383,0.473,16,44,0.364,128,176,0.727,61,236,297,81,89,20,43,36,60,128,506,27,1083.9,14,0,1026,61,54,144,100,31,21,20,70,93,107,72,11,8,141,12,3,5,40,8,74,6,222,151,18,18,63,15,4,5,18,1,2026,10,Regular Season,Totals
1628278,Shatori Walker-Kimbrough,Shatori,1611661330,ATL,31,8,6,2,0.75,18.83,2,5,0.4,0,0,0,2,2,1,0,2,2,2,1,1,0,0,1,1,6,-16,13.4,0,0,12,181,151,25,23,207,201,205,147,192,210,192,188,194,1,204,200,204,197,205,186,180,1,8,202,203,123,205,61,5,206,2,2026,10,Regular Season,Totals
1643470,Shay Ciezki,Shay,1611661317,PHX,22,2,1,1,0.5,9.466666666666667,1,2,0.5,1,1,1,0,0,0,0,1,1,1,0,0,0,1,1,0,3,18,5.7,0,0,6,212,204,6,109,217,210,213,46,177,199,1,203,205,203,204,206,209,209,213,202,180,38,8,210,211,67,217,61,5,214,1,2026,10,Regular Season,Totals
1631021,Sika Kone,Sika,1611661330,ATL,24,27,17,10,0.63,143.855,15,49,0.306,4,25,0.16,14,19,0.737,14,16,30,6,8,2,0,4,24,16,48,-10,91,0,0,92,105,58,100,68,166,167,162,206,149,130,185,137,136,133,105,158,148,178,169,178,180,84,73,146,164,104,169,61,5,167,1,2026,10,Regular Season,Totals
203400,Skylar Diggins,Skylar,1611661329,CHI,36,19,5,14,0.263,552.9233333333333,87,222,0.392,26,68,0.382,69,89,0.775,13,47,60,93,33,18,11,13,41,54,269,-80,534.5,1,0,506,143,163,154,189,84,71,62,161,61,70,59,44,43,112,109,99,103,32,76,87,56,167,110,67,63,196,67,40,5,70,1,2026,10,Regular Season,Totals
1642785,Sonia Citron,Sonia,1611661322,WAS,22,29,17,12,0.586,973.7033333333334,153,330,0.464,36,119,0.303,155,175,0.886,24,88,112,109,74,35,22,14,61,180,497,32,891.9,1,0,868,89,58,127,96,19,34,31,80,42,33,128,6,9,35,60,48,51,22,17,29,26,173,156,4,20,58,31,40,5,30,1,2026,10,Regular Season,Totals
1629482,Sophie Cunningham,Sophie,1611661325,IND,29,32,20,12,0.625,736.1,87,180,0.483,56,123,0.455,57,64,0.891,8,65,73,40,24,19,4,9,60,74,287,95,479.6,0,0,502,41,30,127,69,54,71,77,62,17,32,21,54,56,30,137,72,89,90,109,80,114,133,151,47,56,28,80,61,5,72,1,2026,10,Regular Season,Totals
203828,Stefanie Dolson,Stefanie,1611661328,SEA,34,35,7,28,0.2,553.6233333333333,41,88,0.466,19,47,0.404,25,30,0.833,23,61,84,40,29,12,16,2,77,45,126,-115,341.8,0,0,325,1,137,223,204,83,125,131,77,85,103,37,104,110,65,63,78,76,90,87,114,38,52,186,80,122,215,107,61,5,109,1,2026,10,Regular Season,Totals
203855,Stephanie Talbot,Stephanie,1611661319,LVA,32,34,23,11,0.676,570.7233333333334,44,106,0.415,15,62,0.242,11,17,0.647,28,59,87,36,23,21,8,4,52,21,114,-13,336.4,0,0,310,11,12,112,48,81,122,117,137,102,74,165,146,142,169,53,81,73,101,113,71,76,84,132,133,126,114,108,61,5,111,1,2026,10,Regular Season,Totals
1630134,Sug Sutton,Sug,1611661321,DAL,27,19,9,10,0.474,210.99,29,63,0.46,6,22,0.273,7,12,0.583,2,15,17,44,16,7,2,3,19,11,71,-39,168.4,0,0,156,143,115,100,120,152,142,148,85,141,137,152,157,156,184,180,159,167,82,137,144,143,73,66,164,150,156,148,61,5,149,2,2026,10,Regular Season,Totals
1642321,Sydney Taylor,Sydney,1611661329,CHI,25,28,10,18,0.357,577.8566666666667,145,318,0.456,59,166,0.355,63,76,0.829,11,33,44,47,42,20,7,15,74,58,412,48,574.3,0,0,616,100,102,177,154,78,37,35,92,15,14,81,51,53,73,120,121,124,74,60,74,85,179,179,64,36,49,62,61,5,49,1,2026,10,Regular Season,Totals
1643444,Ta'Niya Latson,Ta'Niya,1611661319,LVA,22,14,5,9,0.357,89.705,12,26,0.462,3,7,0.429,20,25,0.8,4,11,15,7,10,1,1,2,6,15,47,-32,71.5,0,0,76,162,163,85,154,176,173,174,82,159,170,27,116,119,96,160,171,172,172,154,186,159,52,32,148,166,143,175,61,5,174,2,2026,10,Regular Season,Totals
1643473,Taina Mair,Taina,1611661328,SEA,22,5,0,5,0,20.233333333333334,2,8,0.25,1,3,0.333,2,2,1,1,1,2,3,2,0,0,0,2,2,7,-20,11.9,0,0,13,193,217,51,217,206,201,199,211,177,185,97,188,194,1,188,206,204,191,195,202,180,1,17,196,201,129,208,61,5,205,1,2026,10,Regular Season,Totals
1642814,Taylor Thierry,Taylor,1611661328,SEA,23,10,5,5,0.5,60.035,4,11,0.364,3,6,0.5,2,2,1,9,5,14,3,1,2,0,2,6,3,13,-4,39.3,0,0,37,174,163,51,109,189,192,194,184,159,175,13,188,194,1,128,191,175,191,205,178,180,52,32,190,193,93,191,61,5,193,1,2026,10,Regular Season,Totals
1642804,Te-Hina Paopao,Te-Hina,1611661330,ATL,23,24,14,10,0.583,301.1666666666667,32,93,0.344,22,60,0.367,7,8,0.875,3,19,22,38,16,5,3,10,29,12,93,-63,184.4,0,0,191,122,73,100,99,135,136,128,195,76,78,71,157,169,43,169,150,159,96,137,156,130,143,79,157,135,182,144,61,5,140,1,2026,10,Regular Season,Totals
1629479,Teaira McCowan,Teaira,1611661324,MIN,29,10,8,2,0.8,68.34166666666667,7,15,0.467,0,0,0,0,3,0,5,19,24,3,6,1,5,0,19,12,14,42,59.3,0,0,53,174,124,25,10,184,188,190,75,192,210,192,203,190,203,152,150,155,191,176,186,101,1,66,157,192,52,182,61,5,183,1,2026,10,Regular Season,Totals
1643506,Teja Oblak,Teja,1611661327,PDX,35,25,9,16,0.36,334.83,60,133,0.451,21,52,0.404,13,18,0.722,14,27,41,75,64,18,1,7,41,26,154,-43,308.7,0,0,329,117,115,169,153,125,101,101,97,78,94,38,140,138,143,105,136,128,47,25,87,159,114,110,120,105,164,114,61,5,107,1,2026,10,Regular Season,Totals
1627701,Temi Fagbenle,Temi,1611661332,TOR,33,16,2,14,0.125,245.305,32,65,0.492,3,13,0.231,7,14,0.5,19,34,53,16,17,6,4,5,39,14,74,-64,174.6,0,0,166,155,193,154,215,143,136,145,57,159,154,166,157,153,192,84,120,117,150,133,151,114,92,106,151,147,184,145,61,5,146,1,2026,10,Regular Season,Totals
1643457,Teonni Key,Teonni,1611661332,TOR,23,29,9,20,0.31,235.96833333333333,18,44,0.409,3,14,0.214,6,11,0.545,20,23,43,10,14,10,14,5,35,15,45,-71,169.6,0,0,149,89,115,192,179,148,160,164,142,159,149,175,166,159,189,79,146,127,166,142,125,44,92,93,148,168,191,147,61,5,151,1,2026,10,Regular Season,Totals
203026,Tiffany Hayes,Tiffany,1611661331,GSV,36,31,23,8,0.742,500.87333333333333,82,178,0.461,16,57,0.281,79,96,0.823,11,39,50,77,33,22,5,7,61,95,259,96,482.5,0,0,456,61,12,77,31,92,78,79,84,93,86,146,36,37,78,120,114,119,44,76,69,101,114,156,34,69,26,79,61,5,78,1,2026,10,Regular Season,Totals
1643647,Tima Pouye,Tima,1611661332,TOR,27,19,6,13,0.316,177.93333333333334,19,55,0.345,8,26,0.308,14,18,0.778,6,10,16,22,14,4,0,2,32,12,60,-45,110.2,0,0,114,143,151,144,176,160,158,154,194,126,129,123,137,138,110,149,175,171,135,142,164,180,52,84,157,155,167,164,61,5,164,1,2026,10,Regular Season,Totals
1643439,Tonie Morgan,Tonie,1611661320,LAS,22,1,0,1,0,6.42,1,2,0.5,1,1,1,0,0,0,1,0,1,1,2,0,0,0,2,0,3,1,3.7,0,0,6,219,217,6,217,219,210,213,46,177,199,1,203,205,203,188,216,209,209,195,202,180,1,17,210,211,82,220,61,5,214,1,2026,10,Regular Season,Totals
1630112,Tyasha Harris,Tyasha,1611661325,IND,28,28,18,10,0.643,394.7366666666667,39,97,0.402,14,50,0.28,23,26,0.885,3,27,30,61,18,7,5,5,34,22,115,90,260.5,0,0,244,100,54,100,61,116,127,123,145,105,101,147,110,116,37,169,136,148,57,131,144,101,92,89,129,125,30,123,61,5,126,1,2026,10,Regular Season,Totals
204468,Valeriane Ayayi,Valeriane,1611661317,PHX,32,29,12,17,0.414,485.83,47,122,0.385,18,60,0.3,81,96,0.844,20,62,82,36,42,16,5,9,56,96,193,-36,366.4,1,0,371,89,79,173,126,96,118,109,170,86,78,130,32,37,62,79,76,80,101,60,96,101,133,146,33,90,152,102,40,5,98,1,2026,10,Regular Season,Totals
1631007,Veronica Burton,Veronica,1611661331,GSV,26,33,24,9,0.727,944.3366666666667,132,309,0.427,46,127,0.362,97,119,0.815,37,78,115,183,51,45,15,21,91,147,407,214,948.5,2,0,871,22,8,85,33,28,40,37,118,27,29,74,23,23,82,32,57,49,9,45,15,41,205,207,10,37,7,26,29,5,29,1,2026,10,Regular Season,Totals
1641660,Zia Cooke,Zia,1611661328,SEA,25,35,7,28,0.2,516.725,84,238,0.353,29,91,0.319,65,80,0.813,17,43,60,31,36,10,0,17,50,65,262,-74,374.5,0,0,402,1,137,223,204,90,75,56,190,56,51,118,48,48,84,92,108,103,108,71,125,180,189,128,60,67,193,97,61,5,92,1,2026,10,Regular Season,Totals
