player_id,player_name,nickname,team_id,team_abbreviation,age,gp,w,l,w_pct,min,usg_pct,pct_fgm,pct_fga,pct_fg3_m,pct_fg3_a,pct_ftm,pct_fta,pct_oreb,pct_dreb,pct_reb,pct_ast,pct_tov,pct_stl,pct_blk,pct_blka,pct_pf,pct_pfd,pct_pts,gp_rank,w_rank,l_rank,w_pct_rank,min_rank,usg_pct_rank,pct_fgm_rank,pct_fga_rank,pct_fg3_m_rank,pct_fg3_a_rank,pct_ftm_rank,pct_fta_rank,pct_oreb_rank,pct_dreb_rank,pct_reb_rank,pct_ast_rank,pct_tov_rank,pct_stl_rank,pct_blk_rank,pct_blka_rank,pct_pf_rank,pct_pfd_rank,pct_pts_rank,team_count,season,league_id,season_type,per_mode
1628932,A'ja Wilson,A'ja,1611661319,LVA,30,31,22,9,0.71,994,0.323,0.331,0.319,0.143,0.131,0.494,0.474,0.305,0.361,0.348,0.162,0.262,0.258,0.481,0.373,0.134,0.47,0.343,61,19,85,40,18,3,4,2,140,164,3,3,53,12,18,117,193,36,21,208,27,3,3,1,2026,10,Regular Season,Totals
1642290,Aaliyah Edwards,Aaliyah,1611661323,CON,24,21,7,14,0.333,404,0.217,0.279,0.228,0.08,0.058,0.274,0.269,0.318,0.23,0.252,0.102,0.193,0.184,0.149,0.231,0.2,0.319,0.265,134,137,154,162,113,53,17,51,171,193,36,44,50,68,58,185,122,112,106,158,97,19,25,1,2026,10,Regular Season,Totals
1642801,Aaliyah Nye,Aaliyah,1611661330,ATL,23,15,9,6,0.6,21,0.113,0.091,0.158,0.25,0.273,0,0,0,0,0,0.143,0.25,0.2,0,0,0,0,0.086,158,115,58,84,204,197,209,157,63,42,203,205,204,216,219,136,184,89,180,1,1,210,213,1,2026,10,Regular Season,Totals
1642786,Aicha Coulibaly,Aicha,1611661329,CHI,24,23,8,15,0.348,315,0.161,0.142,0.157,0.015,0.103,0.272,0.242,0.197,0.237,0.228,0.08,0.143,0.284,0.114,0.206,0.205,0.282,0.159,126,124,165,161,132,137,158,159,188,174,37,64,103,62,74,204,69,26,125,141,109,35,132,1,2026,10,Regular Season,Totals
1629501,Alanna Smith,Alanna,1611661321,DAL,29,26,16,10,0.615,435,0.171,0.17,0.173,0.186,0.222,0.118,0.147,0.323,0.264,0.281,0.119,0.214,0.231,0.351,0.146,0.277,0.22,0.162,113,65,100,75,106,117,118,133,108,87,143,123,47,47,43,167,156,65,42,98,186,70,123,1,2026,10,Regular Season,Totals
1643525,Alex Fowler,Alex,1611661313,NYL,25,2,1,1,0.5,31,0.194,0.182,0.196,0.4,0.292,0.133,0.118,0,0,0,0.053,0.273,0.25,0,0,0.37,0.125,0.188,212,204,6,109,198,73,101,83,11,34,121,146,204,216,219,213,199,42,180,1,212,150,93,1,2026,10,Regular Season,Totals
1642775,Alex Wilson,Alex,1611661322,WAS,32,4,2,2,0.5,58,0.126,0.118,0.161,0.286,0.324,0.074,0.077,0.278,0.051,0.123,0.143,0.08,0,0.2,0,0.189,0.135,0.118,198,193,25,109,191,186,192,147,44,22,179,184,60,213,172,136,24,202,81,1,88,139,189,1,2026,10,Regular Season,Totals
1643644,Alicia Florez,Alicia,1611661322,WAS,22,23,14,9,0.609,322,0.179,0.14,0.182,0.156,0.237,0.113,0.154,0.1,0.149,0.134,0.373,0.218,0.326,0.086,0.233,0.236,0.205,0.136,126,73,85,80,130,95,160,108,132,68,149,117,156,140,156,19,161,11,143,159,139,80,166,1,2026,10,Regular Season,Totals
1642293,Alissa Pili,Alissa,1611661320,LAS,25,3,2,1,0.667,18,0.094,0.143,0.098,0,0.071,0,0,0.429,0.273,0.333,0.182,0.25,0,0,0,0.625,0,0.105,204,193,6,49,208,212,156,214,192,187,203,205,14,41,24,95,184,202,180,1,225,210,197,1,2026,10,Regular Season,Totals
1641648,Aliyah Boston,Aliyah,1611661325,IND,24,30,19,11,0.633,816,0.253,0.281,0.259,0.181,0.155,0.251,0.256,0.335,0.385,0.373,0.208,0.255,0.306,0.422,0.299,0.235,0.275,0.264,78,43,112,65,44,23,16,24,112,147,48,54,40,7,8,72,189,16,29,187,137,39,26,1,2026,10,Regular Season,Totals
1628277,Allisha Gray,Allisha,1611661330,ATL,31,32,20,12,0.625,1053,0.221,0.247,0.239,0.229,0.247,0.281,0.282,0.075,0.125,0.109,0.133,0.13,0.184,0.159,0.121,0.17,0.272,0.253,41,30,127,69,12,46,38,40,85,57,31,36,179,172,186,150,61,114,98,72,72,42,31,1,2026,10,Regular Season,Totals
202252,Alysha Clark,Alysha,1611661321,DAL,39,21,13,8,0.619,197,0.109,0.087,0.103,0.211,0.203,0.106,0.127,0.114,0.164,0.151,0.106,0.164,0.139,0.133,0.095,0.369,0.152,0.102,134,75,77,74,155,201,211,210,99,107,156,136,144,128,136,181,87,159,113,58,211,129,200,1,2026,10,Regular Season,Totals
203826,Alyssa Thomas,Alyssa,1611661317,PHX,34,33,11,22,0.333,1122,0.219,0.221,0.197,0,0.003,0.238,0.265,0.286,0.268,0.272,0.462,0.317,0.24,0.176,0.215,0.165,0.239,0.204,22,90,205,162,2,50,61,82,192,209,61,47,58,45,49,9,210,57,92,147,59,57,78,1,2026,10,Regular Season,Totals
1629539,Amy Okonkwo,Amy,1611661330,ATL,29,1,0,1,0,1,0.667,0,1,0,1,1,1,0,0.5,0.5,0,0,0,0,0,0.5,1,1,219,217,6,217,224,1,217,1,192,1,1,1,204,1,1,216,1,202,180,1,224,1,1,1,2026,10,Regular Season,Totals
1642797,Anastasiia Olairi Kosu,Anastasiia Olairi,1611661324,MIN,21,27,21,6,0.778,296,0.163,0.154,0.163,0.029,0.02,0.206,0.213,0.449,0.132,0.227,0.124,0.178,0.258,0.343,0.321,0.254,0.161,0.152,105,24,58,19,137,134,140,146,183,203,79,79,10,164,76,160,105,38,44,196,165,122,145,1,2026,10,Regular Season,Totals
1642800,Aneesah Morrow,Aneesah,1611661332,TOR,23,24,3,21,0.125,541,0.234,0.254,0.254,0.244,0.245,0.196,0.215,0.421,0.447,0.439,0.137,0.193,0.204,0.236,0.299,0.166,0.211,0.243,122,183,201,215,87,33,31,26,73,61,89,77,17,2,2,144,124,87,69,186,61,76,40,2,2026,10,Regular Season,Totals
1642291,Angel Reese,Angel,1611661330,ATL,24,31,20,11,0.645,951,0.247,0.233,0.231,0.029,0.06,0.317,0.336,0.577,0.366,0.434,0.154,0.294,0.23,0.239,0.519,0.261,0.302,0.231,61,30,112,58,25,27,48,48,185,192,18,12,2,10,3,130,206,70,67,221,173,26,50,1,2026,10,Regular Season,Totals
1643455,Angela Dugalic,Angela,1611661322,WAS,24,28,15,13,0.536,306,0.167,0.187,0.179,0.1,0.179,0.121,0.132,0.235,0.33,0.3,0.154,0.185,0.293,0.241,0.194,0.213,0.127,0.166,100,69,144,105,133,125,94,119,164,134,138,130,85,22,34,127,118,21,66,135,116,147,117,1,2026,10,Regular Season,Totals
1630993,Anneli Maley,Anneli,1611661313,NYL,27,6,1,5,0.167,53,0.092,0.027,0.11,0.1,0.139,0.088,0.1,0.222,0.154,0.182,0,0,0.286,0,0.182,0.407,0.105,0.051,190,204,51,211,192,214,216,204,164,155,170,164,97,137,105,216,1,24,180,127,219,174,218,2,2026,10,Regular Season,Totals
1643489,Antonia Delaere,Antonia,1611661324,MIN,32,35,28,7,0.8,415,0.097,0.108,0.111,0.272,0.235,0.044,0.035,0.063,0.073,0.07,0.167,0.097,0.174,0,0.05,0.161,0.024,0.115,1,1,63,10,109,209,202,203,53,72,194,201,182,205,211,111,33,131,180,45,55,209,191,1,2026,10,Regular Season,Totals
1628878,Ariel Atkins,Ariel,1611661320,LAS,30,30,11,19,0.367,832,0.168,0.146,0.178,0.206,0.239,0.141,0.121,0.148,0.133,0.137,0.19,0.164,0.289,0.18,0.079,0.245,0.176,0.152,78,90,182,149,39,122,152,122,101,65,117,141,128,162,151,83,87,23,89,51,155,110,149,1,2026,10,Regular Season,Totals
1629481,Arike Ogunbowale,Arike,1611661321,DAL,29,34,20,14,0.588,1012,0.223,0.193,0.229,0.294,0.294,0.355,0.314,0.129,0.119,0.122,0.189,0.184,0.186,0.023,0.198,0.17,0.243,0.227,11,30,154,92,17,45,87,50,40,33,11,17,134,178,176,87,115,110,176,137,70,53,56,1,2026,10,Regular Season,Totals
1643437,Ashlon Jackson,Ashlon,1611661323,CON,22,7,2,5,0.286,74,0.097,0.093,0.107,0.167,0.209,0,0.091,0,0.12,0.102,0.231,0.081,0.5,0,0,0.085,0.077,0.091,186,193,51,185,182,211,208,208,123,99,203,171,204,176,192,61,26,1,180,1,9,196,208,1,2026,10,Regular Season,Totals
1641695,Ashten Prechtel,Ashten,1611661331,GSV,25,2,2,0,1,23,0.161,0.095,0.122,0.25,0.214,0.25,0.231,0.286,0.182,0.222,0.182,0.333,0.125,0,0.333,0.333,0.154,0.138,212,193,1,1,203,140,207,197,63,91,49,70,58,104,80,95,213,173,180,197,204,127,164,1,2026,10,Regular Season,Totals
1642826,Aubrey Griffin,Aubrey,1611661313,NYL,24,4,3,1,0.75,8,0.087,0.125,0.077,0,0,0,0,0,0.333,0.25,0,0.2,0,0,0,0.2,0.5,0.091,198,183,6,23,218,217,177,220,192,210,203,205,204,20,59,216,132,202,180,1,97,2,208,1,2026,10,Regular Season,Totals
1643443,Awa Fam,Awa,1611661328,SEA,20,29,5,24,0.172,818,0.164,0.179,0.177,0.234,0.209,0.088,0.087,0.287,0.212,0.233,0.137,0.166,0.159,0.31,0.149,0.197,0.108,0.17,89,163,220,210,42,132,105,123,79,100,172,175,57,78,72,143,91,141,50,103,93,172,112,1,2026,10,Regular Season,Totals
1630386,Awak Kuier,Awak,1611661321,DAL,24,31,18,13,0.581,492,0.156,0.164,0.16,0.188,0.194,0.127,0.147,0.231,0.223,0.225,0.094,0.193,0.184,0.636,0.194,0.238,0.159,0.161,61,54,144,100,94,152,125,153,106,117,130,122,91,73,79,197,123,112,9,134,145,124,126,1,2026,10,Regular Season,Totals
1642793,Aziaha James,Aziaha,1611661321,DAL,23,34,20,14,0.588,392,0.248,0.233,0.27,0.167,0.22,0.28,0.296,0.225,0.238,0.234,0.214,0.202,0.342,0.265,0.5,0.272,0.299,0.237,11,30,154,92,117,25,47,19,123,89,32,26,96,61,71,71,136,8,59,218,183,28,47,1,2026,10,Regular Season,Totals
1628922,Azura Stevens,Azura,1611661329,CHI,30,25,6,19,0.24,616,0.219,0.209,0.232,0.185,0.238,0.204,0.2,0.301,0.354,0.341,0.167,0.207,0.223,0.21,0.302,0.226,0.183,0.206,117,151,182,196,73,51,77,47,109,66,81,84,54,15,23,112,146,78,80,189,130,102,74,1,2026,10,Regular Season,Totals
1643425,Azzi Fudd,Azzi,1611661321,DAL,23,30,19,11,0.633,950,0.176,0.193,0.2,0.301,0.269,0.059,0.057,0.081,0.059,0.065,0.102,0.123,0.31,0.272,0.113,0.159,0.054,0.183,78,43,112,65,26,109,88,75,38,44,185,194,174,210,213,186,55,15,58,63,52,203,101,1,2026,10,Regular Season,Totals
204335,Betnijah Laney-Hamilton,Betnijah,1611661322,WAS,32,18,11,7,0.611,300,0.161,0.121,0.155,0.139,0.193,0.142,0.151,0.056,0.157,0.135,0.189,0.22,0.136,0.158,0.143,0.203,0.176,0.128,148,90,63,79,136,138,183,163,144,118,116,119,184,134,155,85,162,164,99,93,103,109,177,2,2026,10,Regular Season,Totals
1627668,Breanna Stewart,Breanna,1611661313,NYL,31,33,20,13,0.606,1094,0.271,0.282,0.28,0.098,0.132,0.389,0.395,0.248,0.309,0.295,0.183,0.177,0.246,0.431,0.292,0.151,0.361,0.283,22,30,144,83,5,15,15,15,167,163,7,4,78,31,38,93,104,51,27,185,42,7,16,1,2026,10,Regular Season,Totals
1642788,Bree Hall,Bree,1611661325,IND,23,2,1,1,0.5,11,0.179,0.222,0.294,0.5,0.25,0,0,0,0.167,0.143,0,0,0,0,0,0,0,0.185,212,204,6,109,215,99,60,11,2,55,203,205,204,121,143,216,1,202,180,1,1,210,97,1,2026,10,Regular Season,Totals
1629488,Brianna Turner,Brianna,1611661319,LVA,30,31,22,9,0.71,399,0.068,0.089,0.068,0,0,0.015,0.013,0.345,0.206,0.232,0.034,0.123,0.129,0.367,0,0.244,0.038,0.068,61,19,85,40,115,220,210,222,192,210,202,204,37,82,73,215,56,171,39,1,154,207,215,1,2026,10,Regular Season,Totals
1629524,Bridget Carleton,Bridget,1611661327,PDX,29,32,13,19,0.406,973,0.196,0.207,0.224,0.363,0.33,0.174,0.165,0.123,0.221,0.197,0.132,0.122,0.272,0.15,0.157,0.125,0.174,0.219,41,75,182,129,20,72,78,54,19,20,101,107,137,75,96,151,54,32,103,110,19,112,67,1,2026,10,Regular Season,Totals
1628280,Brionna Jones,Brionna,1611661330,ATL,30,8,6,2,0.75,148,0.184,0.231,0.189,0.033,0.061,0.221,0.193,0.362,0.344,0.35,0.191,0.17,0.12,0.25,0.13,0.259,0.193,0.211,181,151,25,23,165,87,51,91,182,191,72,89,34,18,16,81,98,177,61,83,170,90,69,1,2026,10,Regular Season,Totals
203398,Brittney Griner,Brittney,1611661323,CON,35,17,7,10,0.412,436,0.229,0.289,0.236,0,0.016,0.293,0.302,0.344,0.24,0.266,0.201,0.204,0.091,0.526,0.15,0.202,0.327,0.271,151,137,100,127,104,37,13,42,192,206,24,23,38,57,53,77,141,190,14,104,102,14,19,1,2026,10,Regular Season,Totals
1628279,Brittney Sykes,Brittney,1611661332,TOR,32,15,7,8,0.467,477,0.277,0.271,0.283,0.147,0.19,0.391,0.367,0.152,0.165,0.161,0.24,0.235,0.192,0.171,0.2,0.141,0.313,0.285,158,137,77,121,100,11,23,14,139,123,4,8,125,127,124,57,173,100,94,138,31,22,15,1,2026,10,Regular Season,Totals
1642286,Caitlin Clark,Caitlin,1611661325,IND,24,29,17,12,0.586,882,0.309,0.262,0.288,0.362,0.382,0.389,0.377,0.046,0.199,0.161,0.504,0.397,0.177,0.195,0.264,0.198,0.345,0.297,89,58,127,96,35,4,28,12,20,8,5,6,189,92,124,3,221,126,86,175,95,8,13,1,2026,10,Regular Season,Totals
1642287,Cameron Brink,Cameron,1611661320,LAS,24,24,9,15,0.375,434,0.229,0.223,0.214,0.202,0.214,0.259,0.263,0.427,0.316,0.343,0.123,0.316,0.15,0.696,0.26,0.347,0.293,0.228,122,115,165,141,107,38,59,65,102,94,44,49,15,28,21,161,207,148,7,173,207,30,55,1,2026,10,Regular Season,Totals
1642304,Carla Leite,Carla,1611661327,PDX,22,30,12,18,0.4,760,0.275,0.231,0.239,0.125,0.123,0.517,0.484,0.146,0.118,0.125,0.473,0.377,0.13,0.011,0.253,0.201,0.444,0.274,78,79,177,130,52,13,50,39,153,168,2,2,129,179,167,8,220,170,179,171,100,4,18,1,2026,10,Regular Season,Totals
1643467,Cassandre Prosper,Cassandre,1611661322,WAS,21,28,17,11,0.607,327,0.151,0.123,0.169,0.163,0.224,0.048,0.077,0.232,0.063,0.118,0.095,0.161,0.128,0.083,0.27,0.29,0.102,0.111,100,58,112,81,127,161,181,140,128,85,192,183,89,209,179,196,84,172,146,178,193,177,194,1,2026,10,Regular Season,Totals
1628508,Cecilia Zandalasini,Cecilia,1611661331,GSV,30,29,22,7,0.759,541,0.228,0.229,0.234,0.245,0.241,0.215,0.195,0.079,0.157,0.136,0.188,0.262,0.227,0.109,0.156,0.242,0.201,0.23,89,19,63,21,86,39,52,45,71,63,74,87,178,135,154,89,194,74,132,109,151,81,51,1,2026,10,Regular Season,Totals
1643462,Chance Gray,Chance,1611661320,LAS,22,29,9,20,0.31,304,0.128,0.117,0.134,0.279,0.241,0.106,0.1,0.15,0.143,0.145,0.204,0.16,0.083,0,0.083,0.167,0.092,0.13,89,115,192,179,134,185,194,186,49,64,155,164,126,148,140,75,83,193,180,53,62,187,171,1,2026,10,Regular Season,Totals
1643449,Charlisse Leger-Walker,Charlisse,1611661323,CON,24,31,8,23,0.258,714,0.16,0.133,0.164,0.216,0.246,0.131,0.118,0.039,0.14,0.113,0.3,0.205,0.197,0.041,0.116,0.179,0.096,0.139,61,124,216,191,61,142,165,144,94,59,126,146,194,154,183,38,145,94,170,65,79,182,162,1,2026,10,Regular Season,Totals
203833,Chelsea Gray,Chelsea,1611661319,LVA,33,33,23,10,0.697,1101,0.178,0.159,0.176,0.286,0.263,0.121,0.103,0.038,0.136,0.113,0.372,0.293,0.219,0.07,0.132,0.153,0.106,0.164,22,12,100,43,4,102,132,127,43,46,139,161,197,159,182,20,205,82,152,87,44,173,120,1,2026,10,Regular Season,Totals
1630150,Chennedy Carter,Chennedy,1611661319,LVA,27,13,9,4,0.692,220,0.26,0.324,0.276,0.256,0.175,0.25,0.261,0.273,0.097,0.129,0.155,0.246,0.275,0.133,0.333,0.294,0.231,0.303,164,115,43,47,150,19,6,17,59,137,49,52,62,198,160,126,181,30,113,197,196,63,10,1,2026,10,Regular Season,Totals
204323,Cheyenne Parker-Tyus,Cheyenne,1611661319,LVA,33,23,16,7,0.696,244,0.189,0.202,0.183,0.083,0.078,0.295,0.325,0.32,0.27,0.282,0.116,0.182,0.196,0.455,0.5,0.324,0.343,0.21,126,65,63,45,145,82,79,106,170,182,22,15,48,43,42,173,108,96,25,218,203,9,72,1,2026,10,Regular Season,Totals
1631064,Chloe Bibby,Chloe,1611661324,MIN,28,4,3,1,0.75,51,0.176,0.174,0.217,0.364,0.364,0.111,0.083,0,0.069,0.057,0.176,0.111,0.167,0.2,0,0.294,0.094,0.182,198,183,6,23,194,106,108,61,17,13,152,179,204,206,215,101,39,134,81,1,197,185,103,1,2026,10,Regular Season,Totals
1643424,Costanza Verona,Costanza,1611661321,DAL,27,1,0,1,0,6,0.154,0.5,0.182,0,0,0,0,0,0,0,1,0,0,0,0,0,0,0.5,219,217,6,217,220,156,1,109,192,210,203,205,204,216,219,1,1,202,180,1,1,210,2,1,2026,10,Regular Season,Totals
1643430,Cotie McMahon,Cotie,1611661322,WAS,22,30,18,12,0.6,619,0.166,0.165,0.184,0.225,0.237,0.164,0.194,0.103,0.181,0.16,0.217,0.126,0.241,0.088,0.163,0.187,0.19,0.169,78,54,127,84,72,129,122,105,88,71,107,88,152,107,127,67,58,56,142,116,87,95,114,1,2026,10,Regular Season,Totals
202664,Courtney Vandersloot,Courtney,1611661329,CHI,37,17,7,10,0.412,346,0.204,0.169,0.187,0.238,0.203,0.262,0.267,0.116,0.181,0.165,0.378,0.28,0.284,0.156,0.189,0.169,0.24,0.192,151,137,100,127,124,65,119,94,75,108,42,45,142,108,121,17,201,26,101,131,68,55,90,1,2026,10,Regular Season,Totals
1627675,Courtney Williams,Courtney,1611661324,MIN,32,35,28,7,0.8,1073,0.22,0.231,0.247,0.167,0.185,0.096,0.097,0.12,0.224,0.196,0.253,0.179,0.164,0.09,0.143,0.149,0.088,0.204,1,1,63,10,7,48,49,35,122,126,164,168,139,72,99,48,106,136,141,93,40,192,77,1,2026,10,Regular Season,Totals
203024,Damiris Dantas,Damiris,1611661325,IND,33,12,8,4,0.667,98,0.175,0.171,0.19,0.259,0.26,0.125,0.134,0.174,0.226,0.212,0.089,0.205,0.143,0.25,0,0.379,0.118,0.17,171,124,43,49,175,111,115,88,57,49,134,128,115,70,85,198,142,153,61,1,215,162,113,1,2026,10,Regular Season,Totals
1630389,Dana Evans,Dana,1611661319,LVA,28,10,5,5,0.5,166,0.176,0.098,0.189,0.267,0.253,0.035,0.06,0,0.202,0.175,0.25,0.212,0.059,0.167,0.125,0.129,0.04,0.102,174,163,51,109,162,107,205,91,56,53,197,191,204,88,113,50,149,198,95,75,22,206,199,1,2026,10,Regular Season,Totals
1643440,Darianna Littlepage-Buggs,Darianna,1611661322,WAS,22,1,0,1,0,0,0,0,0,0,0,0,0,0,0,0,0,0,0,0,0,0,0,0,219,217,6,217,226,225,217,225,192,210,203,205,204,216,219,216,1,202,180,1,1,210,219,1,2026,10,Regular Season,Totals
201886,DeWanna Bonner,DeWanna,1611661317,PHX,38,35,13,22,0.371,958,0.172,0.174,0.197,0.223,0.275,0.183,0.17,0.179,0.306,0.28,0.114,0.08,0.247,0.333,0.171,0.141,0.194,0.18,1,75,205,146,24,116,110,81,89,40,96,104,111,32,44,174,24,50,47,121,32,88,104,1,2026,10,Regular Season,Totals
204324,Dearica Hamby,Dearica,1611661320,LAS,32,32,12,20,0.375,944,0.205,0.251,0.206,0.044,0.058,0.275,0.309,0.368,0.309,0.324,0.154,0.185,0.278,0.215,0.382,0.206,0.268,0.235,41,79,192,141,27,64,34,70,179,194,33,18,33,30,26,128,117,29,78,211,110,43,48,1,2026,10,Regular Season,Totals
1630096,DiJonai Carrington,DiJonai,1611661329,CHI,28,7,3,4,0.429,123,0.287,0.245,0.303,0.231,0.241,0.377,0.385,0.095,0.269,0.227,0.063,0.15,0.318,0.111,0.467,0.217,0.321,0.276,186,183,43,124,168,7,39,5,82,62,8,5,161,44,75,211,75,14,128,216,122,17,17,1,2026,10,Regular Season,Totals
1641649,Diamond Miller,Diamond,1611661323,CON,25,31,8,23,0.258,706,0.207,0.187,0.22,0.337,0.335,0.258,0.233,0.08,0.164,0.14,0.125,0.174,0.169,0.084,0.338,0.253,0.195,0.211,61,124,216,191,63,62,91,59,25,19,45,69,175,129,148,157,102,133,145,201,164,87,71,1,2026,10,Regular Season,Totals
1642798,Dominique Malonga,Dominique,1611661328,SEA,20,26,5,21,0.192,683,0.289,0.326,0.298,0.141,0.134,0.275,0.291,0.41,0.366,0.378,0.114,0.283,0.195,0.486,0.281,0.232,0.275,0.3,113,163,201,208,64,6,5,8,142,161,34,28,21,11,7,176,203,97,19,183,135,40,11,1,2026,10,Regular Season,Totals
1641657,Dorka Juhasz,Dorka,1611661324,MIN,26,13,11,2,0.846,198,0.13,0.129,0.144,0.212,0.248,0.022,0.067,0.104,0.238,0.2,0.191,0.108,0.139,0.5,0.25,0.12,0.097,0.127,164,90,25,7,154,183,172,172,97,56,201,187,151,60,92,82,34,159,15,166,15,181,178,1,2026,10,Regular Season,Totals
1643490,Eliska Joklova,Eliska,1611661324,MIN,24,18,15,3,0.833,104,0.176,0.12,0.136,0,0.09,0.356,0.375,0.269,0.233,0.244,0.322,0.27,0.105,0.214,0.333,0.286,0.395,0.152,148,69,37,8,172,110,186,184,192,176,10,7,64,65,64,31,196,183,79,197,188,5,147,1,2026,10,Regular Season,Totals
204322,Elizabeth Williams,Elizabeth,1611661329,CHI,33,34,12,22,0.353,582,0.16,0.168,0.159,0,0,0.114,0.204,0.404,0.236,0.277,0.169,0.152,0.159,0.394,0.266,0.159,0.239,0.141,11,79,205,157,77,143,120,154,192,210,147,80,23,63,46,109,76,140,35,176,51,56,158,1,2026,10,Regular Season,Totals
1629581,Emese Hof,Emese,1611661324,MIN,30,3,1,2,0.333,21,0.216,0.2,0.171,0,0,0.2,0.333,1,0.2,0.294,0.222,0.4,0,0,0.4,0.286,0.2,0.2,204,204,25,162,205,54,80,134,192,210,83,13,1,90,39,64,222,202,180,213,188,82,80,1,2026,10,Regular Season,Totals
1631083,Emily Engstler,Emily,1611661327,PDX,26,33,13,20,0.394,787,0.178,0.186,0.183,0.177,0.181,0.133,0.156,0.262,0.312,0.299,0.167,0.215,0.325,0.533,0.148,0.252,0.119,0.176,22,75,192,134,49,100,96,107,114,130,124,112,67,29,35,110,157,12,12,99,163,160,109,1,2026,10,Regular Season,Totals
1628242,Emma Cannon,Emma,1611661320,LAS,37,12,3,9,0.25,76,0.191,0.213,0.17,0.321,0.224,0.325,0.32,0.333,0.14,0.177,0.135,0.24,0,0.2,0.1,0.41,0.341,0.253,171,183,85,193,180,79,72,137,29,84,15,16,41,155,110,145,177,202,81,59,220,10,32,1,2026,10,Regular Season,Totals
1643488,Emma Cechova,Emma,1611661324,MIN,22,3,2,1,0.667,52,0.19,0.25,0.184,0,0.043,0.227,0.276,0.4,0.226,0.268,0,0.2,0.125,0.286,0.125,0.4,0.2,0.229,204,193,6,49,193,80,35,104,192,196,65,40,24,70,50,216,132,173,56,75,218,82,52,1,2026,10,Regular Season,Totals
204365,Erica Wheeler,Erica,1611661320,LAS,35,32,12,20,0.375,894,0.172,0.147,0.181,0.21,0.247,0.123,0.111,0.05,0.107,0.092,0.326,0.199,0.182,0.031,0.144,0.211,0.148,0.15,41,79,192,141,34,114,150,113,100,58,137,157,187,188,202,30,129,118,174,97,113,134,151,1,2026,10,Regular Season,Totals
1629496,Ezi Magbegor,Ezi,1611661328,SEA,27,9,2,7,0.222,158,0.168,0.165,0.185,0.121,0.139,0.085,0.1,0.217,0.284,0.272,0.195,0.167,0.176,0.4,0.313,0.263,0.191,0.147,180,193,63,200,163,120,123,99,157,158,174,164,98,37,48,80,92,127,31,192,175,93,153,1,2026,10,Regular Season,Totals
1643428,Flau'jae Johnson,Flau'jae,1611661328,SEA,22,34,6,28,0.176,960,0.246,0.214,0.249,0.211,0.253,0.294,0.29,0.166,0.217,0.204,0.205,0.241,0.245,0.219,0.376,0.199,0.252,0.228,11,151,223,209,23,28,71,33,98,51,23,31,121,77,90,74,178,52,77,210,96,46,54,1,2026,10,Regular Season,Totals
1643494,Frieda Buhner,Frieda,1611661327,PDX,22,30,11,19,0.367,455,0.18,0.185,0.195,0.19,0.222,0.248,0.223,0.234,0.182,0.196,0.095,0.129,0.155,0.077,0.404,0.186,0.17,0.196,78,90,182,149,103,92,99,84,104,87,53,74,86,103,97,194,60,144,147,214,86,114,87,1,2026,10,Regular Season,Totals
1628931,Gabby Williams,Gabby,1611661331,GSV,29,31,23,8,0.742,770,0.279,0.297,0.295,0.237,0.246,0.29,0.301,0.14,0.171,0.163,0.184,0.233,0.305,0.062,0.214,0.123,0.192,0.287,61,12,77,31,50,10,12,10,78,60,26,24,132,114,123,92,172,17,159,146,17,92,14,1,2026,10,Regular Season,Totals
1643447,Gabriela Jaquez,Gabriela,1611661329,CHI,22,30,11,19,0.367,588,0.168,0.17,0.175,0.168,0.164,0.179,0.165,0.175,0.193,0.188,0.095,0.172,0.225,0.015,0.149,0.14,0.181,0.172,78,90,182,149,76,121,117,130,121,142,99,106,114,96,102,195,99,76,178,101,30,105,111,1,2026,10,Regular Season,Totals
1642781,Georgia Amoore,Georgia,1611661322,WAS,25,32,19,13,0.594,725,0.156,0.118,0.152,0.316,0.34,0.098,0.087,0.038,0.064,0.057,0.334,0.252,0.106,0.063,0.037,0.257,0.09,0.129,41,43,144,89,58,153,191,165,33,16,161,176,196,208,216,27,187,182,157,39,169,191,173,1,2026,10,Regular Season,Totals
1643429,Gianna Kneepkens,Gianna,1611661323,CON,23,23,5,18,0.217,183,0.151,0.187,0.185,0.28,0.29,0.198,0.151,0.25,0.127,0.164,0.133,0.054,0.07,0,0.13,0.286,0.117,0.196,126,163,177,202,158,162,93,97,47,36,87,118,73,168,122,148,16,197,180,83,188,164,86,1,2026,10,Regular Season,Totals
1643453,Grace VanSlooten,Grace,1611661325,IND,22,15,9,6,0.6,80,0.108,0.18,0.101,0.118,0.068,0.128,0.17,0.091,0.196,0.175,0.118,0.114,0.267,0.364,0.125,0.125,0.159,0.16,158,115,58,84,179,202,103,211,160,190,129,103,166,93,112,168,44,34,40,75,19,125,129,2,2026,10,Regular Season,Totals
1642817,Hailey Van Lith,Hailey,1611661323,CON,24,13,2,11,0.154,191,0.179,0.237,0.209,0.321,0.204,0.113,0.096,0.051,0.098,0.086,0.258,0.169,0.163,0.158,0.176,0.155,0.183,0.22,164,193,112,213,156,98,45,69,29,104,150,169,185,196,207,46,97,137,99,123,46,104,66,1,2026,10,Regular Season,Totals
1641650,Haley Jones,Haley,1611661321,DAL,25,6,2,4,0.333,59,0.2,0.213,0.185,0,0.086,0.24,0.235,0.4,0.25,0.268,0.172,0.261,0.182,0,0,0.22,0.25,0.194,190,193,43,162,190,69,73,99,192,179,57,67,24,53,50,107,191,118,180,1,125,48,88,2,2026,10,Regular Season,Totals
1629566,Han Xu,an Xu,1611661313,NYL,26,34,20,14,0.588,466,0.16,0.217,0.191,0.238,0.206,0.096,0.101,0.24,0.189,0.201,0.101,0.11,0.183,0.368,0.079,0.153,0.077,0.197,11,30,154,92,102,144,68,86,76,103,165,163,82,97,91,188,37,115,38,52,43,198,85,1,2026,10,Regular Season,Totals
1641683,Holly Winterburn,Holly,1611661327,PDX,25,20,8,12,0.4,181,0.179,0.151,0.187,0.077,0.197,0.133,0.123,0.088,0.146,0.131,0.416,0.212,0.241,0,0.176,0.155,0.12,0.14,140,124,127,130,159,96,145,95,172,114,121,140,170,145,159,13,150,54,180,123,48,155,160,1,2026,10,Regular Season,Totals
1643469,Indya Nivar,Indya,1611661330,ATL,22,20,10,10,0.5,61,0.168,0.149,0.159,0.182,0.077,0.04,0.277,0.16,0.317,0.258,0.241,0.222,0.294,0.5,0,0.385,0.29,0.131,140,102,100,109,187,123,148,155,110,183,195,39,122,27,57,55,163,20,15,1,216,31,170,1,2026,10,Regular Season,Totals
204330,Isabelle Harrison,Isabelle,1611661332,TOR,32,21,5,16,0.238,473,0.233,0.266,0.248,0.136,0.137,0.219,0.248,0.407,0.301,0.326,0.135,0.205,0.188,0.341,0.308,0.228,0.238,0.243,134,163,169,198,101,36,24,34,146,160,73,60,22,33,25,146,142,108,45,190,131,58,39,1,2026,10,Regular Season,Totals
1642302,Isobel Borlase,Isobel,1611661330,ATL,21,32,20,12,0.625,402,0.162,0.173,0.184,0.169,0.188,0.094,0.083,0.095,0.162,0.141,0.14,0.16,0.079,0.148,0.222,0.167,0.105,0.155,41,30,127,69,114,136,112,101,120,125,166,179,161,131,146,141,82,195,107,154,62,175,140,1,2026,10,Regular Season,Totals
1642808,JJ Quinerly,JJ,1611661321,DAL,23,2,1,1,0.5,12,0.107,0.111,0.143,0,0.2,0,0,0,0.111,0.091,0.333,0,0,1,0,0,0.167,0.091,212,204,6,109,213,203,199,174,192,110,203,205,204,182,203,28,1,202,1,1,1,118,208,1,2026,10,Regular Season,Totals
1629498,Jackie Young,Jackie,1611661319,LVA,28,33,23,10,0.697,1071,0.233,0.241,0.245,0.31,0.301,0.214,0.188,0.118,0.173,0.16,0.363,0.253,0.158,0.074,0.118,0.163,0.169,0.242,22,12,100,43,8,35,43,36,36,29,76,95,141,113,129,22,188,142,149,67,58,115,42,1,2026,10,Regular Season,Totals
1642292,Jacy Sheldon,Jacy,1611661329,CHI,25,34,12,22,0.353,728,0.134,0.145,0.147,0.242,0.237,0.12,0.102,0.095,0.067,0.073,0.142,0.116,0.25,0.131,0.118,0.239,0.132,0.148,11,79,205,157,57,179,155,170,74,67,140,162,163,207,210,139,49,42,116,67,147,142,152,1,2026,10,Regular Season,Totals
1631141,Jade Melbourne,Jade,1611661328,SEA,23,34,7,27,0.206,827,0.17,0.171,0.161,0.123,0.148,0.284,0.275,0.082,0.1,0.096,0.356,0.185,0.213,0.064,0.143,0.248,0.277,0.186,11,137,222,203,40,119,116,149,154,149,29,41,173,193,197,23,116,83,156,93,156,37,96,1,2026,10,Regular Season,Totals
1642767,Janelle Salaun,Janelle,1611661331,GSV,24,32,23,9,0.719,715,0.226,0.248,0.26,0.435,0.372,0.233,0.214,0.175,0.22,0.207,0.098,0.121,0.179,0.056,0.092,0.196,0.212,0.267,41,12,85,37,60,42,37,23,9,10,63,78,113,76,89,190,53,123,162,57,92,75,23,1,2026,10,Regular Season,Totals
1642320,Jaylyn Sherrod,Jaylyn,1611661330,ATL,24,8,6,2,0.75,51,0.202,0.143,0.229,0.133,0.148,0.227,0.2,0,0.167,0.125,0.235,0.2,0.5,0.111,0.375,0.28,0.188,0.157,181,151,25,23,195,68,156,49,147,148,65,84,204,121,168,59,132,1,128,209,187,96,134,1,2026,10,Regular Season,Totals
1629491,Jessica Shepard,Jessica,1611661321,DAL,29,33,19,14,0.576,1062,0.181,0.219,0.175,0,0.016,0.227,0.25,0.437,0.408,0.416,0.297,0.196,0.134,0.019,0.23,0.153,0.259,0.201,22,43,154,102,11,91,65,129,192,205,68,58,12,3,4,39,128,168,177,157,45,45,79,1,2026,10,Regular Season,Totals
204319,Jewell Loyd,Jewell,1611661319,LVA,32,32,21,11,0.656,865,0.14,0.12,0.16,0.283,0.314,0.08,0.082,0.097,0.112,0.109,0.101,0.111,0.228,0.043,0.042,0.184,0.124,0.128,41,24,112,54,38,176,188,152,45,24,178,181,159,181,187,187,39,72,168,41,84,152,176,1,2026,10,Regular Season,Totals
1630148,Jihyun Park,Jihyun,1611661320,LAS,26,27,10,17,0.37,245,0.122,0.131,0.138,0.129,0.168,0.088,0.12,0.238,0.119,0.144,0.099,0.083,0.234,0.053,0.083,0.236,0.126,0.122,105,102,173,147,144,190,167,180,149,140,169,143,83,177,142,189,29,60,164,53,140,149,183,1,2026,10,Regular Season,Totals
1627673,Jonquel Jones,Jonquel,1611661313,NYL,32,33,19,14,0.576,961,0.202,0.219,0.206,0.251,0.223,0.238,0.248,0.329,0.367,0.357,0.19,0.188,0.161,0.374,0.184,0.23,0.234,0.226,22,43,154,102,22,67,66,71,62,86,60,59,46,9,11,84,120,139,37,129,133,61,60,1,2026,10,Regular Season,Totals
1643527,Jordan Harrison,Jordan,1611661327,PDX,22,7,2,5,0.286,99,0.197,0.179,0.174,0.143,0.089,0.2,0.234,0.235,0.204,0.211,0.491,0.353,0.188,0.2,0.353,0.268,0.31,0.178,186,193,51,185,174,70,104,131,140,178,83,68,84,85,86,7,219,109,81,203,177,25,107,1,2026,10,Regular Season,Totals
1641651,Jordan Horston,Jordan,1611661328,SEA,25,30,5,25,0.167,532,0.161,0.145,0.163,0.085,0.138,0.114,0.131,0.258,0.239,0.244,0.16,0.195,0.248,0.233,0.17,0.219,0.113,0.133,78,163,221,211,88,139,153,145,169,159,146,131,68,58,65,120,125,48,70,119,124,167,168,1,2026,10,Regular Season,Totals
1628886,Jordin Canada,Jordin,1611661330,ATL,31,32,20,12,0.625,1015,0.172,0.151,0.156,0.121,0.139,0.2,0.201,0.09,0.158,0.136,0.452,0.255,0.27,0.074,0.077,0.183,0.225,0.159,41,30,127,69,15,115,143,162,156,157,82,83,167,133,153,11,190,33,149,50,83,67,131,1,2026,10,Regular Season,Totals
1643505,Jovana Nogic,Jovana,1611661317,PHX,28,16,4,12,0.25,323,0.214,0.22,0.226,0.508,0.39,0.2,0.188,0.108,0.053,0.067,0.173,0.223,0.154,0,0.162,0.234,0.18,0.242,155,176,127,193,129,57,62,53,1,7,83,94,148,212,212,105,166,146,180,115,136,106,44,1,2026,10,Regular Season,Totals
1630115,Joyner Holmes,Joyner,1611661328,SEA,28,1,1,0,1,15,0.176,0.125,0.154,0,0.111,0,0,0.2,0.333,0.294,0.167,0.333,0,0.75,1,0.167,0,0.1,219,204,1,1,211,105,177,164,192,171,203,205,101,20,39,112,213,202,6,223,62,210,202,1,2026,10,Regular Season,Totals
1627700,Julie Allemand,Julie,1611661332,TOR,30,26,7,19,0.269,759,0.094,0.112,0.09,0.175,0.141,0.024,0.022,0.034,0.171,0.137,0.365,0.167,0.29,0.177,0.029,0.133,0.059,0.104,113,137,182,187,53,213,198,219,115,152,199,203,200,117,152,21,95,22,90,38,25,201,198,1,2026,10,Regular Season,Totals
1642210,Julie Vanloo,Julie,1611661313,NYL,33,5,3,2,0.6,81,0.159,0.129,0.127,0.318,0.226,0.098,0.089,0.083,0.148,0.137,0.5,0.343,0.25,0,0,0.204,0.091,0.143,193,183,25,84,177,148,173,194,32,81,162,172,172,144,150,4,217,42,180,1,107,189,157,1,2026,10,Regular Season,Totals
1642794,Juste Jocyte,Juste,1611661331,GSV,20,10,7,3,0.7,61,0.243,0.174,0.252,0.25,0.292,0.172,0.158,0,0.128,0.094,0.175,0.318,0,0.111,0.125,0.156,0.167,0.184,174,137,37,42,188,30,108,30,63,34,103,110,204,166,199,103,211,202,128,75,50,118,98,1,2026,10,Regular Season,Totals
1643495,Justine Pissott,Justine,1611661319,LVA,22,6,4,2,0.667,74,0.216,0.224,0.262,0.455,0.407,0,0,0,0.195,0.157,0.111,0.136,0.111,0.25,0,0.364,0.077,0.224,190,176,25,49,181,55,56,21,5,4,203,205,204,94,131,177,66,180,61,1,210,196,62,1,2026,10,Regular Season,Totals
1627674,Kahleah Copper,Kahleah,1611661317,PHX,31,34,12,22,0.353,1116,0.283,0.286,0.3,0.279,0.311,0.344,0.342,0.098,0.148,0.137,0.117,0.223,0.122,0.035,0.423,0.178,0.301,0.298,11,79,205,157,3,9,14,6,48,26,12,11,158,143,149,169,164,176,173,215,78,27,12,1,2026,10,Regular Season,Totals
1630097,Kaila Charles,Kaila,1611661331,GSV,28,33,24,9,0.727,662,0.158,0.154,0.168,0.127,0.16,0.119,0.12,0.316,0.234,0.259,0.141,0.162,0.227,0.096,0.213,0.218,0.118,0.144,22,8,85,33,68,150,141,142,151,145,142,142,51,64,56,140,85,74,139,145,123,161,155,1,2026,10,Regular Season,Totals
1642822,Kaitlyn Chen,Kaitlyn,1611661331,GSV,24,33,24,9,0.727,481,0.207,0.266,0.219,0.148,0.14,0.133,0.147,0.113,0.093,0.098,0.285,0.27,0.102,0,0.157,0.15,0.145,0.227,22,8,85,33,98,63,25,60,138,153,121,121,145,200,196,42,196,187,180,111,41,136,57,1,2026,10,Regular Season,Totals
1630154,Kamiah Smalls,Kamiah,1611661327,PDX,28,2,1,1,0.5,30,0.197,0.25,0.189,0.4,0.233,0.125,0.111,0,0,0,0.5,0.333,0,0,0,0.125,0,0.259,212,204,6,109,199,71,35,93,11,76,134,156,204,216,219,4,213,202,180,1,19,210,29,1,2026,10,Regular Season,Totals
1642289,Kamilla Cardoso,Kamilla,1611661329,CHI,25,33,11,22,0.333,870,0.224,0.279,0.223,0,0,0.27,0.285,0.514,0.352,0.391,0.171,0.204,0.138,0.485,0.387,0.243,0.317,0.255,22,90,205,162,36,43,18,57,192,210,38,34,4,16,6,108,140,161,20,212,153,20,30,1,2026,10,Regular Season,Totals
1628317,Karlie Samuelson,Karlie,1611661327,PDX,31,21,8,13,0.381,320,0.115,0.127,0.136,0.267,0.253,0.129,0.112,0.172,0.108,0.126,0.121,0.06,0.14,0.125,0,0.171,0.172,0.145,134,124,144,138,131,196,175,185,54,52,128,154,117,186,166,163,18,158,119,1,74,113,154,1,2026,10,Regular Season,Totals
1642324,Kate Martin,Kate,1611661320,LAS,26,15,6,9,0.4,104,0.141,0.13,0.179,0.292,0.329,0.119,0.129,0.143,0.183,0.173,0.081,0.056,0.176,0.2,0.125,0.25,0.113,0.144,158,151,85,130,173,175,168,115,41,21,141,133,130,101,117,203,17,127,81,75,158,165,156,1,2026,10,Regular Season,Totals
1629478,Katie Lou Samuelson,Katie Lou,1611661328,SEA,29,27,4,23,0.148,412,0.118,0.136,0.132,0.267,0.234,0.153,0.154,0.118,0.205,0.184,0.104,0.073,0.25,0.037,0.116,0.111,0.161,0.153,105,176,216,214,110,194,163,192,54,74,113,116,140,83,104,184,20,42,172,65,11,121,144,1,2026,10,Regular Season,Totals
203405,Kayla Alexander,Kayla,1611661332,TOR,35,4,0,4,0,40,0.133,0.125,0.109,0,0,0.176,0.182,0.4,0.292,0.324,0.133,0.235,0.25,0.5,0,0.235,0.263,0.122,198,217,43,217,197,181,177,205,192,210,100,96,24,35,27,148,174,42,15,1,137,44,184,1,2026,10,Regular Season,Totals
203825,Kayla McBride,Kayla,1611661324,MIN,34,35,28,7,0.8,1128,0.204,0.217,0.224,0.386,0.364,0.268,0.238,0.08,0.128,0.115,0.117,0.132,0.23,0.069,0.09,0.133,0.213,0.242,1,1,63,10,1,66,69,56,14,12,41,65,176,167,180,170,62,68,154,56,26,74,43,1,2026,10,Regular Season,Totals
203866,Kayla Thornton,Kayla,1611661331,GSV,33,33,24,9,0.727,821,0.156,0.155,0.17,0.231,0.234,0.146,0.128,0.247,0.238,0.241,0.066,0.116,0.146,0.116,0.211,0.183,0.12,0.164,22,8,85,33,41,154,139,138,81,75,115,135,79,59,68,210,48,151,123,143,82,158,119,1,2026,10,Regular Season,Totals
1628909,Kelsey Mitchell,Kelsey,1611661325,IND,30,33,21,12,0.636,1084,0.263,0.307,0.297,0.346,0.312,0.275,0.265,0.072,0.058,0.062,0.158,0.153,0.19,0.04,0.235,0.147,0.235,0.305,22,24,127,63,6,16,9,9,23,25,35,46,180,211,214,122,78,103,171,160,39,60,9,1,2026,10,Regular Season,Totals
1628276,Kelsey Plum,Kelsey,1611661317,PHX,31,16,8,8,0.5,503,0.273,0.307,0.277,0.333,0.296,0.34,0.33,0.032,0.111,0.092,0.341,0.264,0.182,0,0.189,0.195,0.29,0.316,155,124,77,109,91,14,8,16,26,32,13,14,201,182,201,26,195,118,180,131,90,31,6,2,2026,10,Regular Season,Totals
1629568,Kennedy Burke,Kennedy,1611661323,CON,29,30,8,22,0.267,707,0.167,0.163,0.175,0.356,0.317,0.153,0.158,0.173,0.155,0.161,0.135,0.174,0.225,0.292,0.136,0.112,0.117,0.175,78,124,205,188,62,124,127,128,21,23,112,109,116,136,126,147,100,77,54,90,12,163,110,1,2026,10,Regular Season,Totals
1628915,Kia Nurse,Kia,1611661332,TOR,30,32,10,22,0.313,387,0.167,0.165,0.198,0.302,0.302,0.198,0.176,0.088,0.105,0.101,0.146,0.067,0.143,0,0.176,0.181,0.167,0.188,41,102,205,177,119,127,124,79,37,28,87,99,171,190,193,135,19,153,180,123,80,118,92,1,2026,10,Regular Season,Totals
204329,Kiah Stokes,Kiah,1611661331,GSV,33,32,23,9,0.719,720,0.089,0.103,0.096,0.102,0.106,0.032,0.052,0.252,0.318,0.302,0.125,0.083,0.136,0.694,0.153,0.242,0.095,0.091,41,12,85,37,59,215,204,216,163,173,198,195,72,25,32,158,29,164,8,106,152,184,207,1,2026,10,Regular Season,Totals
1630461,Kiana Williams,Kiana,1611661320,LAS,27,20,5,15,0.25,242,0.159,0.16,0.176,0.32,0.297,0.055,0.057,0.026,0.041,0.038,0.216,0.217,0.2,0.05,0.154,0.209,0.044,0.154,140,163,165,193,146,149,131,126,31,31,189,193,202,215,217,69,159,89,167,107,111,205,142,2,2026,10,Regular Season,Totals
1631006,Kierstan Bell,Kierstan,1611661319,LVA,26,23,16,7,0.696,255,0.131,0.085,0.15,0.156,0.263,0.039,0.042,0.191,0.184,0.186,0.117,0.127,0.143,0.345,0.118,0.211,0.032,0.087,126,65,63,45,142,182,212,168,130,45,196,200,105,100,103,171,59,153,43,67,114,208,212,1,2026,10,Regular Season,Totals
1642792,Kiki Iriafen,Kiki,1611661322,WAS,22,29,17,12,0.586,817,0.237,0.277,0.253,0.089,0.089,0.261,0.29,0.411,0.326,0.349,0.127,0.158,0.183,0.132,0.355,0.226,0.277,0.259,89,58,127,96,43,31,21,29,168,177,43,30,20,23,17,152,80,116,115,205,129,38,28,1,2026,10,Regular Season,Totals
1643445,Kiki Rice,Kiki,1611661332,TOR,22,17,5,12,0.294,436,0.176,0.189,0.174,0.12,0.123,0.269,0.261,0.188,0.203,0.199,0.239,0.168,0.19,0.1,0.238,0.241,0.219,0.198,151,163,127,184,105,108,89,132,159,167,39,51,106,87,95,58,96,104,135,162,149,71,84,1,2026,10,Regular Season,Totals
1642768,Kyara Linskens,Kyara,1611661317,PHX,29,18,6,12,0.333,187,0.165,0.159,0.179,0.152,0.18,0.148,0.172,0.394,0.272,0.299,0.158,0.164,0.256,0.778,0,0.337,0.132,0.156,148,151,127,162,157,130,133,119,136,132,114,101,27,42,36,123,87,41,5,1,206,144,137,1,2026,10,Regular Season,Totals
1641656,Laeticia Amihere,Laeticia,1611661331,GSV,25,29,22,7,0.759,330,0.155,0.132,0.139,0.043,0.04,0.192,0.264,0.438,0.296,0.342,0.18,0.213,0.203,0.605,0.472,0.26,0.273,0.13,89,19,63,21,126,155,166,179,180,197,91,48,11,34,22,100,155,88,10,217,172,41,172,1,2026,10,Regular Season,Totals
1643420,Laura Juskaite,Laura,1611661332,TOR,28,33,10,23,0.303,805,0.187,0.185,0.185,0.164,0.177,0.191,0.192,0.207,0.207,0.207,0.122,0.212,0.281,0.148,0.269,0.269,0.21,0.184,22,102,216,181,47,86,100,98,127,136,92,90,100,81,88,162,152,28,107,177,179,77,99,1,2026,10,Regular Season,Totals
1643461,Laura Ziegler,Laura,1611661320,LAS,24,3,1,2,0.333,29,0.117,0.12,0.133,0,0.115,0.125,0.143,0.143,0.167,0.16,0.176,0,0.5,1,0,0.385,0.2,0.111,204,204,25,162,200,195,187,188,192,170,134,124,130,121,128,101,1,1,1,1,216,82,193,1,2026,10,Regular Season,Totals
1643427,Lauren Betts,Lauren,1611661322,WAS,22,32,19,13,0.594,531,0.164,0.228,0.176,0,0,0.199,0.192,0.288,0.277,0.28,0.121,0.137,0.233,0.423,0.159,0.169,0.183,0.205,41,43,144,89,89,133,53,125,192,210,86,91,56,38,45,164,67,63,28,113,69,103,76,1,2026,10,Regular Season,Totals
1642303,Leila Lacan,Leila,1611661323,CON,22,22,7,15,0.318,634,0.212,0.22,0.224,0.28,0.253,0.186,0.176,0.094,0.084,0.087,0.321,0.217,0.323,0.069,0.123,0.203,0.221,0.218,131,137,165,175,71,58,63,55,46,54,94,100,164,202,205,32,158,13,153,74,105,69,68,1,2026,10,Regular Season,Totals
1630142,Leonie Fiebich,Leonie,1611661313,NYL,26,14,10,4,0.714,408,0.151,0.155,0.161,0.245,0.208,0.117,0.108,0.229,0.074,0.106,0.124,0.159,0.258,0.023,0.152,0.156,0.159,0.158,162,102,43,39,111,163,136,150,71,101,144,158,94,204,189,159,81,38,175,105,49,125,133,1,2026,10,Regular Season,Totals
1631118,Lexi Held,Lexi,1611661317,PHX,26,33,15,18,0.455,495,0.159,0.158,0.18,0.217,0.219,0.098,0.088,0.129,0.091,0.101,0.186,0.153,0.12,0.091,0.216,0.195,0.148,0.153,22,69,177,123,93,146,134,114,93,90,160,174,135,201,194,91,77,178,140,150,91,131,143,2,2026,10,Regular Season,Totals
1628882,Lexie Brown,Lexie,1611661328,SEA,31,10,3,7,0.3,148,0.112,0.13,0.116,0.273,0.204,0.063,0.059,0.048,0.141,0.123,0.167,0.182,0.185,0.059,0.083,0.163,0.12,0.128,174,183,63,182,164,198,168,200,52,105,184,192,188,153,173,112,108,111,161,53,57,155,175,1,2026,10,Regular Season,Totals
1631086,Lexie Hull,Lexie,1611661325,IND,26,33,21,12,0.636,642,0.12,0.119,0.132,0.171,0.19,0.083,0.086,0.234,0.175,0.19,0.072,0.115,0.189,0.125,0.108,0.251,0.123,0.117,22,24,127,63,69,192,189,193,118,122,175,178,87,112,101,208,46,105,119,61,162,153,190,1,2026,10,Regular Season,Totals
1629574,Li Yueru,Li,1611661321,DAL,27,25,15,10,0.6,267,0.143,0.11,0.133,0.123,0.196,0.24,0.253,0.39,0.273,0.303,0.083,0.175,0.114,0.25,0.25,0.301,0.323,0.136,117,69,100,84,141,170,201,187,154,115,58,56,28,40,31,201,103,179,61,166,199,16,165,1,2026,10,Regular Season,Totals
1642820,Liatu King,Liatu,1611661324,MIN,24,8,6,2,0.75,73,0.145,0.155,0.132,0.154,0.162,0.167,0.303,0.381,0.341,0.354,0,0.143,0.2,0.4,0.143,0.277,0.185,0.157,181,151,25,23,183,168,138,191,133,143,106,21,29,19,12,216,69,89,31,93,185,101,135,1,2026,10,Regular Season,Totals
1642802,Lucy Olsen,Lucy,1611661322,WAS,23,17,9,8,0.529,136,0.178,0.186,0.2,0.381,0.308,0.127,0.116,0.038,0.099,0.087,0.254,0.167,0.273,0.111,0.273,0.236,0.141,0.187,151,115,77,106,167,101,98,76,15,27,131,149,195,195,206,47,92,31,128,180,142,138,94,1,2026,10,Regular Season,Totals
1630143,Luisa Geiselsoder,Luisa,1611661327,PDX,26,21,8,13,0.381,348,0.159,0.13,0.171,0.17,0.204,0.104,0.108,0.159,0.266,0.237,0.166,0.148,0.097,0.229,0.105,0.27,0.132,0.131,134,124,144,138,123,147,168,136,119,106,157,159,123,46,70,115,74,189,73,60,180,143,169,1,2026,10,Regular Season,Totals
1642307,Mackenzie Holmes,Mackenzie,1611661328,SEA,25,22,5,17,0.227,234,0.106,0.173,0.108,0.15,0.069,0.109,0.115,0.423,0.318,0.345,0.14,0.111,0.302,0.3,0.071,0.291,0.168,0.155,131,163,173,199,149,204,114,207,137,189,154,150,16,26,20,142,39,18,52,47,194,116,139,1,2026,10,Regular Season,Totals
1641652,Maddy Siegrist,Maddy,1611661321,DAL,26,31,19,12,0.613,425,0.167,0.2,0.192,0.255,0.212,0.126,0.118,0.267,0.227,0.239,0.105,0.083,0.165,0.4,0.175,0.236,0.109,0.193,61,43,127,77,108,126,80,85,60,96,133,146,65,69,69,182,27,135,31,122,143,171,89,1,2026,10,Regular Season,Totals
1642818,Maddy Westbeld,Maddy,1611661329,CHI,24,3,0,3,0,28,0.097,0.067,0.118,0.25,0.227,0,0,0.25,0.167,0.2,0.222,0.125,0,0,0.25,0.353,0.095,0.055,204,217,37,217,201,209,214,198,63,78,203,205,73,121,92,64,57,202,180,166,208,183,217,1,2026,10,Regular Season,Totals
1643431,Madina Okot,Madina,1611661330,ATL,21,31,19,12,0.613,273,0.257,0.358,0.254,0.029,0.05,0.292,0.263,0.456,0.395,0.414,0.05,0.349,0.133,0.529,0.533,0.313,0.285,0.322,61,43,127,77,138,21,2,27,183,195,25,50,9,6,5,214,218,169,13,222,202,33,4,1,2026,10,Regular Season,Totals
1642769,Mai Yamamoto,Mai,1611661319,LVA,26,4,3,1,0.75,44,0.18,0.258,0.216,0.429,0.343,0,0,0,0.048,0.037,0.4,0.133,0.444,0,1,0.105,0,0.25,198,183,6,23,196,93,30,63,10,14,203,205,204,214,218,16,64,6,180,223,10,210,34,1,2026,10,Regular Season,Totals
1642815,Makayla Timpson,Makayla,1611661325,IND,23,32,21,11,0.656,551,0.101,0.121,0.103,0,0,0.091,0.113,0.413,0.262,0.298,0.056,0.11,0.2,0.403,0.271,0.217,0.11,0.102,41,24,112,54,85,208,184,209,192,210,168,151,19,51,37,212,38,89,30,179,121,170,201,1,2026,10,Regular Season,Totals
1629576,Maria Conde,Maria,1611661332,TOR,29,32,10,22,0.313,868,0.167,0.15,0.184,0.228,0.237,0.103,0.095,0.192,0.23,0.221,0.181,0.157,0.103,0.077,0.12,0.145,0.113,0.151,41,102,205,177,37,128,146,103,86,69,158,170,104,67,82,99,79,186,147,71,37,166,150,1,2026,10,Regular Season,Totals
1630108,Mariella Fasoula,Mariella,1611661332,TOR,28,3,0,3,0,15,0.179,0.182,0.179,0,0,0,0,0.2,0.286,0.25,0.125,0.333,0.333,1,0.5,0.455,0.125,0.121,204,217,37,217,209,94,101,119,192,210,203,205,101,36,59,155,213,9,1,218,223,150,185,1,2026,10,Regular Season,Totals
1629497,Marina Mabrey,Marina,1611661332,TOR,29,31,10,21,0.323,916,0.294,0.302,0.31,0.45,0.416,0.319,0.297,0.099,0.17,0.152,0.252,0.28,0.178,0.151,0.215,0.162,0.328,0.322,61,102,201,174,32,5,10,3,6,3,17,25,157,118,135,49,202,125,102,148,56,13,5,1,2026,10,Regular Season,Totals
1630469,Marine Fauthoux,Marine,1611661313,NYL,25,13,10,3,0.769,198,0.146,0.115,0.132,0.188,0.196,0.126,0.15,0.102,0.179,0.16,0.307,0.247,0.143,0,0.211,0.135,0.24,0.125,164,102,37,20,153,167,196,190,106,116,132,120,154,110,130,37,182,153,180,143,28,54,181,1,2026,10,Regular Season,Totals
1629546,Marine Johannes,Marine,1611661313,NYL,31,31,17,14,0.548,666,0.19,0.188,0.211,0.379,0.365,0.067,0.066,0.102,0.124,0.119,0.216,0.213,0.248,0.066,0.113,0.17,0.074,0.188,61,58,154,104,67,81,90,67,16,11,182,188,155,173,178,68,154,49,155,64,71,199,91,1,2026,10,Regular Season,Totals
1643438,Marta Suarez,Marta,1611661317,PHX,24,13,5,8,0.385,116,0.173,0.215,0.198,0.182,0.179,0.092,0.113,0.231,0.153,0.176,0.125,0.174,0.15,0,0.167,0.359,0.091,0.18,164,163,77,136,170,113,70,80,110,133,167,153,91,138,111,155,101,148,180,117,209,189,105,1,2026,10,Regular Season,Totals
1630471,Maya Caldwell,Maya,1611661324,MIN,27,35,28,7,0.8,485,0.147,0.126,0.159,0.25,0.237,0.13,0.129,0.231,0.158,0.18,0.149,0.143,0.192,0.123,0.128,0.201,0.148,0.138,1,1,63,10,97,166,176,156,63,70,127,134,91,132,108,133,69,101,121,82,101,132,163,1,2026,10,Regular Season,Totals
1629484,Megan DiLeo,Megan,1611661327,PDX,29,31,12,19,0.387,730,0.192,0.278,0.235,0.215,0.211,0.159,0.158,0.277,0.204,0.222,0.08,0.077,0.104,0.288,0.244,0.214,0.193,0.25,61,79,182,135,56,77,19,44,96,98,108,111,61,84,81,205,23,185,55,164,118,89,33,1,2026,10,Regular Season,Totals
1628920,Mercedes Russell,Mercedes,1611661325,IND,31,1,1,0,1,1,0,0,0,0,0,0,0,0,0,0,0,0,0,0,0,0,0,0,219,204,1,1,225,225,217,225,192,210,203,205,204,216,219,216,1,202,180,1,1,210,219,1,2026,10,Regular Season,Totals
1630446,Michaela Onyenwere,Michaela,1611661322,WAS,27,28,17,11,0.607,734,0.158,0.162,0.168,0.339,0.279,0.134,0.126,0.246,0.076,0.122,0.125,0.179,0.135,0.062,0.17,0.238,0.126,0.169,100,58,112,81,55,151,128,141,24,39,120,137,80,203,174,154,107,167,160,119,144,148,115,1,2026,10,Regular Season,Totals
1631039,Miela Sowah,Miela,1611661331,GSV,26,2,2,0,1,6,0.125,0,0.222,0,0.4,0,0,0,0,0,0,0,0,0,0,0.167,0,0,212,193,1,1,220,187,217,58,192,5,203,205,204,216,219,216,1,202,180,1,62,210,219,1,2026,10,Regular Season,Totals
1642777,Monique Akoa Makani,Monique,1611661320,LAS,25,21,7,14,0.333,479,0.193,0.186,0.189,0.3,0.225,0.207,0.19,0.037,0.131,0.111,0.206,0.238,0.245,0.114,0.209,0.268,0.193,0.2,134,137,154,162,99,75,97,90,39,82,77,93,198,165,185,73,176,52,125,142,177,91,83,2,2026,10,Regular Season,Totals
1628881,Monique Billings,Monique,1611661325,IND,30,32,21,11,0.656,667,0.141,0.148,0.133,0.029,0.037,0.257,0.274,0.419,0.257,0.301,0.105,0.109,0.231,0.254,0.215,0.215,0.228,0.155,41,24,112,54,66,174,149,189,186,199,46,42,18,52,33,183,36,65,60,149,120,64,138,1,2026,10,Regular Season,Totals
1628899,Myisha Hines-Allen,Myisha,1611661325,IND,31,29,19,10,0.655,406,0.144,0.135,0.139,0.077,0.072,0.082,0.097,0.227,0.277,0.267,0.223,0.23,0.213,0.306,0.154,0.249,0.102,0.119,89,43,100,57,112,169,164,178,172,186,176,167,95,39,52,62,170,83,51,107,157,178,188,1,2026,10,Regular Season,Totals
1631019,NaLyssa Smith,NaLyssa,1611661319,LVA,26,33,22,11,0.667,807,0.182,0.242,0.184,0.007,0.019,0.227,0.303,0.378,0.263,0.291,0.071,0.115,0.144,0.231,0.364,0.306,0.279,0.221,22,19,112,49,46,89,41,102,191,204,67,20,30,49,41,209,45,152,72,207,201,36,64,1,2026,10,Regular Season,Totals
1643686,Nadia Fingall,Nadia,1611661331,GSV,28,5,4,1,0.8,12,0.067,0.333,0.125,0.5,0.143,0,0,0.5,0,0.091,0.25,0,0,0,0,0.25,0,0.227,193,176,6,10,214,221,3,195,2,150,203,205,5,216,203,50,1,202,180,1,158,210,58,1,2026,10,Regular Season,Totals
1629483,Napheesa Collier,Napheesa,1611661324,MIN,29,8,7,1,0.875,236,0.257,0.266,0.258,0.232,0.214,0.25,0.247,0.245,0.351,0.321,0.181,0.317,0.23,0.478,0.333,0.144,0.298,0.26,181,137,6,6,147,20,26,25,80,91,49,62,81,17,28,98,208,71,22,197,35,29,27,1,2026,10,Regular Season,Totals
204333,Natasha Cloud,Natasha,1611661329,CHI,34,33,11,22,0.333,941,0.16,0.155,0.149,0.189,0.192,0.193,0.169,0.051,0.171,0.143,0.342,0.232,0.206,0.103,0.045,0.204,0.167,0.166,22,90,205,162,29,141,137,169,105,120,90,105,186,116,145,25,171,86,134,42,108,117,118,1,2026,10,Regular Season,Totals
203827,Natasha Howard,Natasha,1611661324,MIN,34,35,28,7,0.8,1013,0.214,0.241,0.201,0.013,0.022,0.249,0.281,0.468,0.24,0.305,0.204,0.272,0.258,0.244,0.342,0.263,0.325,0.22,1,1,63,10,16,56,42,73,189,202,52,37,8,56,30,76,198,37,65,202,176,15,65,1,2026,10,Regular Season,Totals
1630442,Natasha Mack,Natasha,1611661317,PHX,28,27,10,17,0.37,602,0.142,0.224,0.16,0.022,0.025,0.114,0.118,0.5,0.322,0.369,0.114,0.112,0.17,0.569,0.072,0.239,0.129,0.183,105,102,173,147,74,172,57,151,187,201,148,145,5,24,10,175,43,132,11,48,146,146,102,1,2026,10,Regular Season,Totals
1629567,Natisha Hiedeman,Natisha,1611661328,SEA,29,35,7,28,0.2,1041,0.227,0.24,0.242,0.312,0.298,0.215,0.202,0.036,0.132,0.107,0.317,0.212,0.196,0.042,0.157,0.125,0.186,0.243,1,137,223,204,13,41,44,37,35,30,75,81,199,163,188,33,151,95,169,112,18,100,41,1,2026,10,Regular Season,Totals
1631044,Naz Hillmon,Naz,1611661330,ATL,26,31,20,11,0.645,897,0.13,0.15,0.141,0.172,0.188,0.087,0.086,0.18,0.171,0.174,0.097,0.133,0.107,0.117,0.136,0.159,0.099,0.139,61,30,112,58,33,184,147,175,116,124,173,177,108,114,116,192,63,181,122,90,53,179,161,1,2026,10,Regular Season,Totals
1643479,Ndjakalenga Mwenentanda,Ndjakalenga,1611661331,GSV,22,5,4,1,0.8,13,0.053,0,0.045,0,0.083,0,0,0.5,0.167,0.25,0.182,0.167,0,0,0,0.083,0,0,193,176,6,10,212,223,217,224,192,180,203,205,5,121,59,95,92,202,180,1,8,210,219,1,2026,10,Regular Season,Totals
1643448,Nell Angloma,Nell,1611661323,CON,20,27,8,19,0.296,272,0.183,0.178,0.179,0.1,0.125,0.222,0.251,0.254,0.148,0.179,0.121,0.208,0.176,0.296,0.353,0.256,0.196,0.183,105,124,182,183,139,88,107,118,164,166,70,57,70,142,109,164,147,127,53,203,167,86,100,1,2026,10,Regular Season,Totals
1628269,Nia Coffey,Nia,1611661324,MIN,31,35,28,7,0.8,814,0.122,0.128,0.138,0.226,0.227,0.045,0.064,0.176,0.244,0.227,0.149,0.091,0.182,0.388,0.159,0.213,0.098,0.126,1,1,63,10,45,191,174,181,87,78,193,190,112,55,77,132,32,117,36,113,117,180,180,1,2026,10,Regular Season,Totals
1631263,Nikolina Milic,Nikolina,1611661332,TOR,32,7,3,4,0.429,63,0.177,0.196,0.179,0,0.04,0.136,0.143,0.167,0.212,0.2,0.097,0.25,0,0,0.25,0.212,0.103,0.16,186,183,43,124,186,104,85,116,192,198,118,124,119,79,92,193,184,202,180,166,115,176,127,1,2026,10,Regular Season,Totals
203014,Nneka Ogwumike,Nneka,1611661320,LAS,36,31,11,20,0.355,972,0.219,0.26,0.239,0.22,0.181,0.205,0.191,0.296,0.396,0.37,0.175,0.166,0.179,0.191,0.223,0.112,0.177,0.247,61,90,192,156,21,49,29,41,91,131,80,92,55,5,9,104,90,122,87,156,13,108,35,1,2026,10,Regular Season,Totals
1643493,Noemie Brochant,Noemie,1611661317,PHX,26,34,12,22,0.353,763,0.12,0.142,0.138,0.219,0.185,0.023,0.032,0.126,0.121,0.122,0.15,0.116,0.231,0.116,0.073,0.167,0.071,0.127,11,79,205,157,51,193,159,182,92,127,200,202,136,175,175,131,47,64,123,49,62,200,179,1,2026,10,Regular Season,Totals
1642296,Nyadiew Puoch,Nyadiew,1611661327,PDX,22,32,12,20,0.375,555,0.122,0.116,0.14,0.109,0.16,0.088,0.113,0.211,0.106,0.133,0.076,0.083,0.23,0.098,0.141,0.221,0.12,0.111,41,79,192,141,82,189,195,177,161,146,171,152,99,189,157,207,28,69,138,92,127,157,195,1,2026,10,Regular Season,Totals
1631055,Nyara Sabally,Nyara,1611661332,TOR,26,24,8,16,0.333,573,0.21,0.253,0.215,0.153,0.132,0.244,0.283,0.347,0.246,0.273,0.155,0.183,0.22,0.457,0.315,0.215,0.252,0.24,122,124,169,162,80,60,33,64,135,162,55,35,36,54,47,125,112,80,24,193,119,47,45,1,2026,10,Regular Season,Totals
203824,Odyssey Sims,Odyssey,1611661321,DAL,34,25,16,9,0.64,388,0.178,0.161,0.182,0.154,0.173,0.159,0.155,0.012,0.105,0.081,0.278,0.223,0.241,0.063,0.317,0.184,0.187,0.16,117,65,85,62,118,103,129,112,133,138,109,114,203,192,209,45,165,54,157,194,85,98,130,1,2026,10,Regular Season,Totals
1643426,Olivia Miles,Olivia,1611661324,MIN,23,33,27,6,0.818,1023,0.261,0.253,0.251,0.215,0.213,0.389,0.354,0.088,0.202,0.17,0.348,0.317,0.176,0.185,0.301,0.221,0.32,0.269,22,7,58,9,14,18,32,31,95,95,6,9,169,89,118,24,209,130,88,188,126,18,20,1,2026,10,Regular Season,Totals
1631135,Olivia Nelson-Ododa,Olivia,1611661323,CON,25,27,7,20,0.259,576,0.192,0.223,0.179,0,0.004,0.285,0.303,0.333,0.357,0.351,0.173,0.202,0.189,0.316,0.258,0.255,0.334,0.221,105,137,192,190,79,78,58,117,192,208,28,19,41,13,15,106,137,107,49,172,166,11,63,1,2026,10,Regular Season,Totals
1643706,Ornella Bankole,Ornella,1611661332,TOR,28,3,1,2,0.333,15,0.105,0,0.069,0,0.2,0.182,0.182,0.333,0.125,0.182,0,0.2,0.333,0,0,0.667,0.111,0.061,204,204,25,162,210,205,217,221,192,110,97,96,41,171,105,216,132,9,180,1,226,168,216,1,2026,10,Regular Season,Totals
1642784,Paige Bueckers,Paige,1611661321,DAL,24,32,20,12,0.625,1067,0.244,0.271,0.254,0.248,0.225,0.268,0.248,0.088,0.168,0.148,0.312,0.218,0.137,0.141,0.122,0.166,0.227,0.269,41,30,127,69,10,29,22,28,70,83,40,61,168,119,138,36,160,163,112,73,60,65,21,1,2026,10,Regular Season,Totals
1631136,Pauline Astier,Pauline,1611661313,NYL,24,34,20,14,0.588,797,0.164,0.187,0.161,0.074,0.074,0.206,0.202,0.113,0.127,0.124,0.28,0.188,0.231,0.052,0.222,0.259,0.246,0.178,11,30,154,92,48,131,92,148,174,185,78,82,145,169,171,44,121,65,166,154,171,52,106,1,2026,10,Regular Season,Totals
1630138,Peyton Williams,Peyton,1611661317,PHX,28,1,1,0,1,6,0.077,0,0.1,0,0,0,0,0,0,0,1,0,0,1,1,0,0,0,219,204,1,1,222,219,217,212,192,210,203,205,204,216,219,1,1,202,1,223,1,210,219,1,2026,10,Regular Season,Totals
1643487,Quionche Carter,Quionche,1611661317,PHX,25,13,6,7,0.462,81,0.142,0.061,0.141,0,0.184,0.184,0.246,0.15,0.14,0.143,0.241,0.077,0.417,0,0.2,0.289,0.226,0.093,164,151,63,122,178,173,215,176,192,129,95,63,126,156,143,55,22,7,180,138,192,66,204,1,2026,10,Regular Season,Totals
1627671,Rachel Banham,Rachel,1611661329,CHI,33,30,11,19,0.367,386,0.173,0.179,0.201,0.438,0.4,0.067,0.065,0.041,0.123,0.104,0.183,0.182,0.099,0.148,0.048,0.195,0.052,0.176,78,90,182,149,120,112,106,74,8,5,181,189,192,174,191,94,111,188,107,44,89,204,108,1,2026,10,Regular Season,Totals
1630996,Rae Burrell,Rae,1611661320,LAS,26,32,12,20,0.375,920,0.208,0.198,0.209,0.253,0.214,0.242,0.236,0.107,0.105,0.105,0.154,0.203,0.155,0.225,0.237,0.121,0.218,0.211,41,79,192,141,30,61,84,68,61,91,56,66,149,191,190,129,139,145,74,161,16,73,70,1,2026,10,Regular Season,Totals
1643441,Raegan Beers,Raegan,1611661323,CON,23,25,6,19,0.24,269,0.153,0.157,0.137,0.045,0.036,0.234,0.257,0.435,0.263,0.314,0.157,0.21,0.182,0.143,0.242,0.373,0.248,0.161,117,151,182,196,140,157,135,183,178,200,62,53,13,50,29,124,148,118,110,163,213,51,125,1,2026,10,Regular Season,Totals
1630384,Raquel Carrera,Raquel,1611661313,NYL,24,19,10,9,0.526,107,0.11,0.129,0.097,0.065,0.075,0.117,0.164,0.308,0.176,0.21,0.143,0.143,0.053,0.222,0,0.262,0.154,0.119,143,102,85,107,171,200,171,215,176,184,145,108,52,111,87,136,69,199,76,1,174,127,187,1,2026,10,Regular Season,Totals
1643433,Raven Johnson,Raven,1611661325,IND,23,30,19,11,0.633,348,0.163,0.164,0.182,0.128,0.178,0.049,0.049,0.254,0.179,0.196,0.246,0.205,0.179,0.086,0.065,0.198,0.057,0.136,78,43,112,65,122,135,126,111,150,135,191,197,71,109,98,53,142,124,143,46,94,202,167,1,2026,10,Regular Season,Totals
1642796,Rayah Marshall,Rayah,1611661323,CON,22,1,0,1,0,4,0.4,0,0.286,0,0,0,0,0.25,0,0.25,0,1,0,0,0,0.25,0,0,219,217,6,217,223,2,217,13,192,210,203,205,73,216,59,216,226,202,180,1,158,210,219,1,2026,10,Regular Season,Totals
204296,Rebecca Allen,Rebecca,1611661313,NYL,33,19,10,9,0.526,326,0.123,0.117,0.144,0.222,0.229,0.074,0.068,0.186,0.126,0.141,0.076,0.075,0.227,0.225,0.148,0.236,0.078,0.12,143,102,85,107,128,188,193,173,90,77,180,186,107,170,147,206,21,73,75,100,141,195,186,1,2026,10,Regular Season,Totals
203822,Rebekah Gardner,Rebekah,1611661313,NYL,36,32,19,13,0.594,487,0.143,0.167,0.158,0.068,0.106,0.17,0.155,0.32,0.141,0.181,0.161,0.121,0.195,0.13,0.217,0.24,0.149,0.156,41,43,144,89,95,171,121,157,175,172,105,115,48,152,107,118,51,98,117,151,148,130,136,1,2026,10,Regular Season,Totals
1631009,Rhyne Howard,Rhyne,1611661330,ATL,26,31,20,11,0.645,1070,0.194,0.212,0.227,0.447,0.374,0.172,0.156,0.08,0.152,0.128,0.201,0.108,0.296,0.337,0.045,0.171,0.135,0.226,61,30,112,58,9,74,75,52,7,9,104,113,177,139,163,78,35,19,46,43,73,140,61,1,2026,10,Regular Season,Totals
1642288,Rickea Jackson,Rickea,1611661329,CHI,25,4,3,1,0.75,118,0.284,0.3,0.299,0.316,0.339,0.333,0.289,0.138,0.188,0.174,0.16,0.235,0.071,0.318,0.217,0.113,0.233,0.309,198,183,6,23,169,8,11,7,33,17,14,32,133,98,115,119,174,196,48,151,14,62,8,1,2026,10,Regular Season,Totals
1643450,Rori Harmon,Rori,1611661322,WAS,23,10,4,6,0.4,67,0.152,0.075,0.099,0.2,0.139,0.097,0.082,0,0.195,0.129,0.458,0.4,0.5,0,0,0.256,0.16,0.086,174,176,58,130,185,159,213,213,103,155,163,182,204,94,161,10,222,1,180,1,168,123,213,1,2026,10,Regular Season,Totals
1629477,Sabrina Ionescu,Sabrina,1611661313,NYL,28,22,11,11,0.5,670,0.228,0.218,0.235,0.275,0.274,0.239,0.224,0.122,0.167,0.155,0.286,0.243,0.146,0.071,0.276,0.142,0.187,0.228,131,90,112,109,65,40,67,43,50,41,59,73,138,120,132,41,179,150,151,181,33,99,53,1,2026,10,Regular Season,Totals
1628244,Sami Whitcomb,Sami,1611661317,PHX,38,12,4,8,0.333,178,0.149,0.119,0.169,0.351,0.336,0.066,0.05,0.115,0.162,0.153,0.215,0.196,0.235,0,0.133,0.209,0.092,0.128,171,176,77,162,161,165,190,139,22,18,183,196,143,130,134,70,127,59,180,88,112,188,174,1,2026,10,Regular Season,Totals
1642790,Sania Feagin,Sania,1611661327,PDX,23,3,0,3,0,10,0.032,0,0.059,0,0,0,0,0,0.167,0.125,0.5,0,0,0,0,0.429,0.25,0,204,217,37,217,216,224,217,223,192,210,203,205,204,121,168,4,1,202,180,1,221,48,219,1,2026,10,Regular Season,Totals
1642809,Saniya Rivers,Saniya,1611661323,CON,23,27,6,21,0.222,592,0.187,0.161,0.199,0.103,0.184,0.136,0.141,0.067,0.145,0.121,0.288,0.184,0.239,0.237,0.127,0.145,0.13,0.152,105,151,201,200,75,85,130,77,162,128,119,127,181,146,177,40,114,58,68,81,36,145,146,1,2026,10,Regular Season,Totals
1642782,Sarah Ashlee Barker,Sarah Ashlee,1611661327,PDX,24,26,10,16,0.385,642,0.188,0.226,0.203,0.229,0.207,0.109,0.119,0.179,0.263,0.243,0.187,0.203,0.192,0.15,0.192,0.173,0.146,0.206,113,102,169,136,70,84,55,72,84,102,153,144,109,48,67,90,138,102,103,133,75,135,75,1,2026,10,Regular Season,Totals
1630149,Satou Sabally,Satou,1611661313,NYL,28,13,8,5,0.615,218,0.248,0.263,0.266,0.364,0.342,0.223,0.221,0.106,0.181,0.165,0.223,0.275,0.042,0.105,0.278,0.298,0.188,0.265,164,124,51,75,151,26,27,20,17,15,69,75,150,106,120,63,200,201,133,182,198,96,24,1,2026,10,Regular Season,Totals
1643458,Saylor Poffenbarger,Saylor,1611661329,CHI,23,5,1,4,0.2,26,0.065,0,0.095,0,0.235,0,0,0.333,0.357,0.353,0.111,0,0.286,0,0,0.375,0,0,193,204,43,204,202,222,217,217,192,72,203,205,41,14,13,177,1,24,180,1,214,210,219,1,2026,10,Regular Season,Totals
1643436,Serah Williams,Serah,1611661327,PDX,22,29,11,18,0.379,361,0.16,0.186,0.157,0.011,0.008,0.19,0.225,0.353,0.23,0.261,0.087,0.163,0.162,0.4,0.308,0.271,0.219,0.167,89,90,177,140,121,145,95,161,190,207,93,72,35,66,54,200,86,138,31,190,181,71,116,1,2026,10,Regular Season,Totals
1631022,Shakira Austin,Shakira,1611661322,WAS,26,31,18,13,0.581,920,0.252,0.277,0.26,0.126,0.102,0.283,0.293,0.256,0.381,0.346,0.188,0.248,0.157,0.462,0.319,0.137,0.237,0.268,61,54,144,100,31,24,20,22,152,175,30,27,69,8,19,88,183,143,23,195,29,59,22,1,2026,10,Regular Season,Totals
1628278,Shatori Walker-Kimbrough,Shatori,1611661330,ATL,31,8,6,2,0.75,19,0.152,0.154,0.167,0,0,0.222,0.2,0,0.182,0.133,0.222,0.111,0.5,0,0,0.167,0.143,0.162,181,151,25,23,207,158,142,143,192,210,70,84,204,104,158,64,39,1,180,1,62,137,124,2,2026,10,Regular Season,Totals
1643470,Shay Ciezki,Shay,1611661317,PHX,22,2,1,1,0.5,9,0.08,0.125,0.118,0.333,0.143,0,0,0,0.143,0.111,0.2,0,0,0,1,0.2,0,0.091,212,204,6,109,217,218,177,198,26,150,203,205,204,148,184,79,1,202,180,223,97,210,208,1,2026,10,Regular Season,Totals
1631021,Sika Kone,Sika,1611661330,ATL,24,27,17,10,0.63,144,0.189,0.14,0.198,0.167,0.284,0.246,0.229,0.341,0.2,0.248,0.088,0.182,0.05,0,0.286,0.333,0.208,0.163,105,58,100,68,166,83,161,78,123,38,54,71,39,90,63,199,108,200,180,184,204,79,122,1,2026,10,Regular Season,Totals
203400,Skylar Diggins,Skylar,1611661329,CHI,36,19,5,14,0.263,553,0.223,0.213,0.232,0.274,0.226,0.253,0.255,0.108,0.135,0.128,0.312,0.186,0.2,0.159,0.181,0.132,0.19,0.227,143,163,154,189,84,44,74,46,51,80,47,55,147,160,164,35,119,89,97,126,24,94,59,1,2026,10,Regular Season,Totals
1642785,Sonia Citron,Sonia,1611661322,WAS,22,29,17,12,0.586,974,0.211,0.22,0.213,0.259,0.263,0.321,0.278,0.103,0.136,0.127,0.233,0.199,0.259,0.232,0.125,0.13,0.316,0.247,89,58,127,96,19,59,64,66,58,47,16,38,153,158,165,60,130,35,71,75,23,21,37,1,2026,10,Regular Season,Totals
1629482,Sophie Cunningham,Sophie,1611661325,IND,29,32,20,12,0.625,736,0.133,0.145,0.147,0.29,0.255,0.158,0.143,0.06,0.143,0.124,0.111,0.085,0.151,0.055,0.13,0.145,0.175,0.164,41,30,127,69,54,180,154,171,42,50,110,124,183,147,170,177,31,147,163,83,38,111,121,1,2026,10,Regular Season,Totals
203828,Stefanie Dolson,Stefanie,1611661328,SEA,34,35,7,28,0.2,554,0.102,0.108,0.095,0.156,0.126,0.113,0.112,0.232,0.183,0.194,0.163,0.147,0.122,0.276,0.04,0.271,0.179,0.114,1,137,223,204,83,207,203,218,131,165,151,155,89,102,100,116,73,175,57,40,182,107,192,1,2026,10,Regular Season,Totals
203855,Stephanie Talbot,Stephanie,1611661319,LVA,32,34,23,11,0.676,571,0.105,0.098,0.111,0.14,0.191,0.058,0.07,0.272,0.149,0.175,0.116,0.118,0.233,0.1,0.111,0.242,0.083,0.095,11,12,112,48,81,206,205,202,143,121,187,185,63,141,114,172,50,61,135,62,150,194,203,1,2026,10,Regular Season,Totals
1630134,Sug Sutton,Sug,1611661321,DAL,27,19,9,10,0.474,211,0.17,0.174,0.171,0.158,0.167,0.099,0.125,0.045,0.117,0.099,0.411,0.246,0.194,0.167,0.13,0.16,0.122,0.16,143,115,100,120,152,118,111,135,129,141,159,138,190,180,195,14,180,99,95,83,54,154,128,2,2026,10,Regular Season,Totals
1642321,Sydney Taylor,Sydney,1611661329,CHI,25,28,10,18,0.357,578,0.277,0.309,0.308,0.492,0.435,0.233,0.218,0.094,0.096,0.096,0.148,0.226,0.189,0.1,0.197,0.231,0.209,0.31,100,102,177,154,78,12,7,4,4,2,64,76,165,199,198,134,168,105,135,136,134,78,7,1,2026,10,Regular Season,Totals
1643444,Ta'Niya Latson,Ta'Niya,1611661319,LVA,22,14,5,9,0.357,90,0.221,0.211,0.191,0.13,0.119,0.37,0.342,0.267,0.204,0.217,0.189,0.323,0.091,0.143,0.25,0.143,0.283,0.246,162,163,85,154,176,47,76,87,148,169,9,10,66,85,83,85,212,190,110,166,34,34,38,2,2026,10,Regular Season,Totals
1643473,Taina Mair,Taina,1611661328,SEA,22,5,0,5,0,20,0.234,0.2,0.25,0.25,0.273,0.182,0.133,0.25,0.111,0.154,0.375,0.286,0,0,0,0.25,0.2,0.2,193,217,51,217,206,34,80,32,63,42,97,129,73,182,133,18,204,202,180,1,158,82,80,1,2026,10,Regular Season,Totals
1642814,Taylor Thierry,Taylor,1611661328,SEA,23,10,5,5,0.5,60,0.088,0.114,0.109,0.231,0.14,0.056,0.047,0.529,0.111,0.226,0.111,0.048,0.222,0,0.182,0.176,0.094,0.109,174,163,51,109,189,216,197,206,82,154,188,198,3,182,78,177,15,79,180,127,76,185,196,1,2026,10,Regular Season,Totals
1642804,Te-Hina Paopao,Te-Hina,1611661330,ATL,23,24,14,10,0.583,301,0.152,0.151,0.176,0.386,0.286,0.053,0.046,0.04,0.099,0.083,0.281,0.136,0.081,0.176,0.244,0.182,0.086,0.152,122,73,100,99,135,160,144,124,13,37,190,199,193,194,208,43,65,194,91,164,81,193,148,1,2026,10,Regular Season,Totals
1629479,Teaira McCowan,Teaira,1611661324,MIN,29,10,8,2,0.8,68,0.135,0.121,0.123,0,0,0,0.103,0.25,0.396,0.353,0.081,0.261,0.091,0.455,0,0.432,0.387,0.092,174,124,25,10,184,178,185,196,192,210,203,160,73,4,13,202,191,190,25,1,222,6,206,1,2026,10,Regular Season,Totals
1643506,Teja Oblak,Teja,1611661327,PDX,35,25,9,16,0.36,335,0.262,0.243,0.239,0.25,0.212,0.155,0.171,0.179,0.134,0.146,0.444,0.448,0.257,0.053,0.184,0.203,0.224,0.233,117,115,169,153,125,17,40,38,63,97,111,102,109,161,139,12,224,40,164,130,104,68,49,1,2026,10,Regular Season,Totals
1627701,Temi Fagbenle,Temi,1611661332,TOR,33,16,2,14,0.125,245,0.149,0.173,0.152,0.041,0.071,0.081,0.131,0.373,0.222,0.26,0.119,0.183,0.136,0.364,0.217,0.293,0.12,0.14,155,193,154,215,143,164,113,166,181,188,177,132,31,74,55,166,113,164,40,151,195,159,159,1,2026,10,Regular Season,Totals
1643457,Teonni Key,Teonni,1611661332,TOR,23,29,9,20,0.31,236,0.111,0.111,0.112,0.053,0.083,0.058,0.088,0.37,0.187,0.243,0.097,0.141,0.25,0.5,0.2,0.276,0.134,0.093,89,115,192,179,148,199,199,201,177,181,186,173,32,99,66,191,68,42,15,138,184,141,205,1,2026,10,Regular Season,Totals
203026,Tiffany Hayes,Tiffany,1611661331,GSV,36,31,23,8,0.742,501,0.218,0.227,0.216,0.138,0.162,0.313,0.303,0.096,0.142,0.129,0.333,0.224,0.22,0.128,0.149,0.225,0.311,0.237,61,12,77,31,92,52,54,62,145,144,20,22,160,150,162,28,167,81,118,102,128,24,46,1,2026,10,Regular Season,Totals
1643647,Tima Pouye,Tima,1611661332,TOR,27,19,6,13,0.316,178,0.181,0.146,0.186,0.167,0.202,0.173,0.176,0.154,0.098,0.113,0.244,0.212,0.138,0,0.118,0.302,0.148,0.154,143,151,144,176,160,90,151,96,123,109,102,98,124,197,181,54,153,161,180,67,200,132,141,1,2026,10,Regular Season,Totals
1643439,Tonie Morgan,Tonie,1611661320,LAS,22,1,0,1,0,6,0.235,0.2,0.182,0.333,0.2,0,0,0.333,0,0.167,0.25,0.5,0,0,0,0.286,0,0.2,219,217,6,217,219,32,80,109,26,110,203,205,41,216,119,50,225,202,180,1,188,210,80,1,2026,10,Regular Season,Totals
1630112,Tyasha Harris,Tyasha,1611661325,IND,28,28,18,10,0.643,395,0.137,0.122,0.151,0.121,0.192,0.132,0.124,0.043,0.108,0.093,0.316,0.121,0.143,0.114,0.135,0.155,0.111,0.124,100,54,100,61,116,177,182,167,158,119,125,139,191,187,200,34,52,153,127,89,47,168,182,1,2026,10,Regular Season,Totals
204468,Valeriane Ayayi,Valeriane,1611661317,PHX,32,29,12,17,0.414,486,0.179,0.139,0.157,0.178,0.197,0.314,0.287,0.233,0.207,0.213,0.159,0.227,0.211,0.172,0.17,0.23,0.312,0.187,89,79,173,126,96,97,162,160,113,113,19,33,88,80,84,121,169,85,93,118,132,23,95,1,2026,10,Regular Season,Totals
1631007,Veronica Burton,Veronica,1611661331,GSV,26,33,24,9,0.727,944,0.193,0.194,0.19,0.171,0.169,0.285,0.272,0.167,0.142,0.149,0.407,0.199,0.233,0.15,0.263,0.203,0.332,0.206,22,8,85,33,28,76,86,89,117,139,27,43,118,151,137,15,131,62,103,174,106,12,73,1,2026,10,Regular Season,Totals
1641660,Zia Cooke,Zia,1611661328,SEA,25,35,7,28,0.2,517,0.256,0.234,0.276,0.238,0.261,0.295,0.291,0.167,0.137,0.145,0.127,0.196,0.105,0,0.362,0.177,0.25,0.247,1,137,223,204,90,22,46,18,76,48,21,29,119,157,141,153,126,183,180,206,77,48,36,1,2026,10,Regular Season,Totals
