player_id,player_name,nickname,team_id,team_abbreviation,age,gp,w,l,w_pct,min,pts_off_tov,pts_2_nd_chance,pts_fb,pts_paint,opp_pts_off_tov,opp_pts_2_nd_chance,opp_pts_fb,opp_pts_paint,blk,blka,pf,pfd,nba_fantasy_pts,gp_rank,w_rank,l_rank,w_pct_rank,min_rank,pts_off_tov_rank,pts_2_nd_chance_rank,pts_fb_rank,pts_paint_rank,opp_pts_off_tov_rank,opp_pts_2_nd_chance_rank,opp_pts_fb_rank,opp_pts_paint_rank,blk_rank,blka_rank,pf_rank,pfd_rank,nba_fantasy_pts_rank,team_count,season,league_id,season_type,per_mode
1628932,A'ja Wilson,A'ja,1611661319,LVA,30,31,22,9,0.71,994.295,101,107,60,396,321,259,203,928,64,22,58,234,1574.8,61,19,85,40,18,14,5,20,2,183,199,190,201,1,209,149,1,1,1,2026,10,Regular Season,Totals
1642290,Aaliyah Edwards,Aaliyah,1611661323,CON,24,21,7,14,0.333,404.22,27,31,12,118,174,98,78,362,7,9,46,67,361.8,134,137,154,162,113,112,68,108,61,122,101,103,106,85,133,119,57,105,1,2026,10,Regular Season,Totals
1642801,Aaliyah Nye,Aaliyah,1611661330,ATL,23,15,9,6,0.6,21.346666666666668,3,3,0,2,7,4,0,16,0,0,0,0,10,158,115,58,84,204,184,175,184,200,12,14,1,17,180,1,1,210,209,1,2026,10,Regular Season,Totals
1642786,Aicha Coulibaly,Aicha,1611661329,CHI,24,23,8,15,0.348,315.215,22,8,22,68,113,94,64,296,4,7,35,46,263.8,126,124,165,161,132,124,150,83,102,90,97,94,98,114,114,93,78,121,1,2026,10,Regular Season,Totals
1629501,Alanna Smith,Alanna,1611661321,DAL,29,26,16,10,0.615,434.74666666666667,31,17,29,72,173,120,107,428,13,6,61,44,370.7,113,65,100,75,106,100,112,64,97,121,117,127,124,51,103,156,83,99,1,2026,10,Regular Season,Totals
1643525,Alex Fowler,Alex,1611661313,NYL,25,2,1,1,0.5,31.291666666666668,0,4,0,4,7,1,5,30,0,0,10,2,13.5,212,204,6,109,198,204,168,184,190,12,6,20,27,180,1,42,196,204,1,2026,10,Regular Season,Totals
1642775,Alex Wilson,Alex,1611661322,WAS,32,4,2,2,0.5,57.91833333333334,0,2,0,4,29,23,22,34,1,0,7,5,25.9,198,193,25,109,191,204,183,184,190,43,43,53,29,159,1,36,181,197,1,2026,10,Regular Season,Totals
1643644,Alicia Florez,Alicia,1611661322,WAS,22,23,14,9,0.609,321.955,16,10,13,40,135,80,64,290,3,10,37,40,239.6,126,73,85,80,130,135,143,101,130,98,86,94,95,130,143,100,91,131,1,2026,10,Regular Season,Totals
1642293,Alissa Pili,Alissa,1611661320,LAS,25,3,2,1,0.667,17.783333333333335,2,0,0,4,3,3,3,18,0,0,5,0,13.2,204,193,6,49,208,194,194,184,190,7,12,14,18,180,1,26,210,206,1,2026,10,Regular Season,Totals
1641648,Aliyah Boston,Aliyah,1611661325,IND,24,30,19,11,0.633,815.9233333333333,75,72,26,284,298,178,176,826,35,23,100,122,1100.1,78,43,112,65,44,32,19,71,17,177,158,179,191,11,210,216,20,12,1,2026,10,Regular Season,Totals
1628277,Allisha Gray,Allisha,1611661330,ATL,31,32,20,12,0.625,1052.7683333333334,118,77,107,290,408,267,207,1076,14,17,89,159,961.5,41,30,127,69,12,7,14,1,16,214,205,194,220,44,189,203,7,23,1,2026,10,Regular Season,Totals
202252,Alysha Clark,Alysha,1611661321,DAL,39,21,13,8,0.619,197.39166666666668,6,5,5,8,58,49,46,162,2,2,38,15,99,134,75,77,74,155,170,161,144,179,61,67,76,64,143,52,103,148,165,1,2026,10,Regular Season,Totals
203826,Alyssa Thomas,Alyssa,1611661317,PHX,34,33,11,22,0.333,1121.605,67,67,73,346,459,286,246,1026,16,23,86,145,1254.1,22,90,205,162,2,40,22,9,6,225,211,214,214,38,210,199,11,3,1,2026,10,Regular Season,Totals
1629539,Amy Okonkwo,Amy,1611661330,ATL,29,1,0,1,0,1.3333333333333333,0,0,0,0,0,0,0,0,0,0,1,1,2.2,219,217,6,217,224,204,194,184,211,1,1,1,1,180,1,8,202,221,1,2026,10,Regular Season,Totals
1642797,Anastasiia Olairi Kosu,Anastasiia Olairi,1611661324,MIN,21,27,21,6,0.778,296.49666666666667,24,29,13,74,124,114,38,232,12,9,36,22,275.3,105,24,58,19,137,118,76,101,96,92,113,69,78,55,133,95,129,117,1,2026,10,Regular Season,Totals
1642800,Aneesah Morrow,Aneesah,1611661332,TOR,23,24,3,21,0.125,540.8566666666667,54,74,14,144,264,161,136,558,13,20,53,59,630.1,122,183,201,215,87,60,17,98,43,158,143,148,147,51,200,135,63,52,2,2026,10,Regular Season,Totals
1642291,Angel Reese,Angel,1611661330,ATL,24,31,20,11,0.645,951.3516666666667,100,144,60,326,380,220,185,924,21,69,117,156,1163.8,61,30,112,58,25,15,1,20,9,205,180,183,199,29,226,224,8,7,1,2026,10,Regular Season,Totals
1643455,Angela Dugalic,Angela,1611661322,WAS,24,28,15,13,0.536,306.38166666666666,28,18,4,60,157,83,68,294,7,7,33,21,253.3,100,69,144,105,133,110,108,146,109,112,89,96,97,85,114,87,133,126,1,2026,10,Regular Season,Totals
1630993,Anneli Maley,Anneli,1611661313,NYL,27,6,1,5,0.167,53.013333333333335,0,2,0,0,23,16,16,48,0,2,11,4,27.6,190,204,51,211,192,204,183,184,211,37,38,43,35,180,52,44,186,195,2,2026,10,Regular Season,Totals
1643489,Antonia Delaere,Antonia,1611661324,MIN,32,35,28,7,0.8,414.95,15,11,11,20,166,113,77,316,0,2,36,4,230.7,1,1,63,10,109,136,138,115,154,117,111,100,103,180,52,95,186,133,1,2026,10,Regular Season,Totals
1628878,Ariel Atkins,Ariel,1611661320,LAS,30,30,11,19,0.367,831.7383333333333,50,24,30,78,348,248,205,852,11,7,93,72,643.1,78,90,182,149,39,65,87,61,91,191,190,192,192,56,114,212,51,50,1,2026,10,Regular Season,Totals
1629481,Arike Ogunbowale,Arike,1611661321,DAL,29,34,20,14,0.588,1011.9316666666666,91,56,76,140,373,265,229,1078,2,17,77,109,831.3,11,30,154,92,17,21,29,7,49,201,204,208,222,143,189,186,24,35,1,2026,10,Regular Season,Totals
1643437,Ashlon Jackson,Ashlon,1611661323,CON,22,7,2,5,0.286,73.88,4,0,4,4,41,19,14,76,0,0,4,2,44.2,186,193,51,185,182,177,194,146,190,50,40,41,45,180,1,23,196,188,1,2026,10,Regular Season,Totals
1641695,Ashten Prechtel,Ashten,1611661331,GSV,25,2,2,0,1,22.95,0,0,0,2,15,9,6,22,0,1,5,2,15.8,212,193,1,1,203,204,194,184,200,30,26,22,20,180,38,26,196,202,1,2026,10,Regular Season,Totals
1642826,Aubrey Griffin,Aubrey,1611661313,NYL,24,4,3,1,0.75,7.72,0,0,0,2,10,6,0,6,0,0,1,1,2.2,198,183,6,23,218,204,194,184,200,20,19,1,8,180,1,8,202,221,1,2026,10,Regular Season,Totals
1643443,Awa Fam,Awa,1611661328,SEA,20,29,5,24,0.172,817.53,53,43,20,114,384,259,207,808,26,10,80,34,680.7,89,163,220,210,42,61,48,85,63,208,199,194,185,19,143,190,103,44,1,2026,10,Regular Season,Totals
1630386,Awak Kuier,Awak,1611661321,DAL,24,31,18,13,0.581,491.89,26,19,36,92,165,128,110,486,35,6,50,32,441.6,61,54,144,100,94,115,103,45,80,116,121,128,136,11,103,128,108,87,1,2026,10,Regular Season,Totals
1642793,Aziaha James,Aziaha,1611661321,DAL,23,34,20,14,0.588,392.40833333333336,41,18,25,98,124,87,94,364,9,20,53,60,444.9,11,30,154,92,117,77,108,72,74,92,90,121,107,70,200,135,62,85,1,2026,10,Regular Season,Totals
1628922,Azura Stevens,Azura,1611661329,CHI,30,25,6,19,0.24,615.755,34,42,24,140,275,168,165,676,13,26,73,50,627.4,117,151,182,196,73,93,50,80,49,165,149,165,168,51,218,178,72,53,1,2026,10,Regular Season,Totals
1643425,Azzi Fudd,Azzi,1611661321,DAL,23,30,19,11,0.633,950.0933333333334,69,45,71,92,317,248,193,1002,25,9,68,22,735.9,78,43,112,65,26,36,40,10,80,180,190,187,210,21,133,169,129,40,1,2026,10,Regular Season,Totals
204335,Betnijah Laney-Hamilton,Betnijah,1611661322,WAS,32,18,11,7,0.611,299.84166666666664,15,7,8,18,158,87,75,296,3,2,29,27,167.8,148,90,63,79,136,136,153,129,157,113,90,99,98,130,52,79,118,149,2,2026,10,Regular Season,Totals
1627668,Breanna Stewart,Breanna,1611661313,NYL,31,33,20,13,0.606,1094.3266666666666,105,78,64,388,434,288,260,1054,47,26,75,206,1384.7,22,30,144,83,5,11,13,18,3,223,214,219,219,5,218,181,2,2,1,2026,10,Regular Season,Totals
1642788,Bree Hall,Bree,1611661325,IND,23,2,1,1,0.5,10.7,0,0,3,2,11,7,2,14,0,0,0,0,6.2,212,204,6,109,215,204,194,161,200,22,21,10,14,180,1,1,210,215,1,2026,10,Regular Season,Totals
1629488,Brianna Turner,Brianna,1611661319,LVA,30,31,22,9,0.71,399.165,4,2,0,54,136,131,61,374,18,0,43,6,215.5,61,19,85,40,115,177,183,184,119,99,123,92,110,34,1,113,176,136,1,2026,10,Regular Season,Totals
1629524,Bridget Carleton,Bridget,1611661327,PDX,29,32,13,19,0.406,972.9766666666667,63,41,45,100,411,347,278,968,15,18,64,81,894,41,75,182,129,20,43,52,31,72,217,225,225,206,41,197,162,41,30,1,2026,10,Regular Season,Totals
1628280,Brionna Jones,Brionna,1611661330,ATL,30,8,6,2,0.75,147.66333333333333,11,18,2,52,76,34,32,178,5,3,22,17,173.3,181,151,25,23,165,149,108,168,121,71,57,63,71,101,73,69,142,146,1,2026,10,Regular Season,Totals
203398,Brittney Griner,Brittney,1611661323,CON,35,17,7,10,0.412,436.4916666666667,41,37,4,156,188,93,112,392,30,6,46,69,497.9,151,137,100,127,104,77,57,146,39,128,96,131,115,13,103,119,52,75,1,2026,10,Regular Season,Totals
1628279,Brittney Sykes,Brittney,1611661332,TOR,32,15,7,8,0.467,476.6766666666667,45,24,32,132,150,159,114,536,7,9,39,76,493.4,158,137,77,121,100,71,87,56,56,108,140,133,143,85,133,106,46,77,1,2026,10,Regular Season,Totals
1642286,Caitlin Clark,Caitlin,1611661325,IND,24,29,17,12,0.586,881.7616666666667,96,32,56,182,378,215,243,962,17,23,91,177,1118.8,89,58,127,96,35,18,66,23,32,203,177,213,205,36,210,207,5,10,1,2026,10,Regular Season,Totals
1642287,Cameron Brink,Cameron,1611661320,LAS,24,24,9,15,0.375,434.35,32,45,11,102,186,151,91,394,39,13,87,73,499.2,122,115,165,141,107,96,40,115,70,127,136,119,117,7,167,201,49,74,1,2026,10,Regular Season,Totals
1642304,Carla Leite,Carla,1611661327,PDX,22,30,12,18,0.4,760.1916666666667,76,35,36,202,346,287,229,820,1,21,79,172,779.9,78,79,177,130,52,30,60,45,24,190,212,208,189,159,205,189,6,39,1,2026,10,Regular Season,Totals
1643467,Cassandre Prosper,Cassandre,1611661322,WAS,21,28,17,11,0.607,327.31333333333333,14,13,10,38,147,100,61,262,3,10,54,20,138.7,100,58,112,81,127,142,129,120,134,104,104,92,86,130,143,141,139,156,1,2026,10,Regular Season,Totals
1628508,Cecilia Zandalasini,Cecilia,1611661331,GSV,30,29,22,7,0.759,541.09,41,28,15,58,151,145,115,438,5,7,55,41,441.1,89,19,63,21,86,77,80,95,111,109,130,135,129,101,114,142,88,88,1,2026,10,Regular Season,Totals
1643462,Chance Gray,Chance,1611661320,LAS,22,29,9,20,0.31,304.24,21,6,6,14,127,109,88,336,0,3,24,16,156,89,115,192,179,134,126,158,139,169,95,108,114,104,180,73,73,146,151,1,2026,10,Regular Season,Totals
1643449,Charlisse Leger-Walker,Charlisse,1611661323,CON,24,31,8,23,0.258,714.1466666666666,58,22,25,78,320,154,142,702,3,10,72,35,471.8,61,124,216,191,61,50,94,72,91,182,137,155,172,130,143,174,99,83,1,2026,10,Regular Season,Totals
203833,Chelsea Gray,Chelsea,1611661319,LVA,33,33,23,10,0.697,1100.845,85,54,45,104,348,318,226,1032,10,9,75,56,949.7,22,12,100,43,4,26,30,31,68,191,223,204,217,64,133,181,65,25,1,2026,10,Regular Season,Totals
1630150,Chennedy Carter,Chennedy,1611661319,LVA,27,13,9,4,0.692,219.92833333333334,37,15,22,82,65,78,18,216,4,4,32,25,240.1,164,115,43,47,150,90,118,83,88,62,85,45,77,114,84,84,123,130,1,2026,10,Regular Season,Totals
204323,Cheyenne Parker-Tyus,Cheyenne,1611661319,LVA,33,23,16,7,0.696,243.61333333333334,23,19,6,68,81,60,35,250,15,7,36,36,262.4,126,65,63,45,145,121,103,139,102,75,76,65,82,41,114,95,98,122,1,2026,10,Regular Season,Totals
1631064,Chloe Bibby,Chloe,1611661324,MIN,28,4,3,1,0.75,51.15,3,3,0,8,31,14,25,62,1,0,5,3,40.4,198,183,6,23,194,184,175,184,179,45,35,56,42,159,1,26,190,190,1,2026,10,Regular Season,Totals
1643424,Costanza Verona,Costanza,1611661321,DAL,27,1,0,1,0,5.783333333333333,0,0,0,0,2,0,1,4,0,0,0,0,7,219,217,6,217,220,204,194,184,211,5,1,8,5,180,1,1,210,213,1,2026,10,Regular Season,Totals
1643430,Cotie McMahon,Cotie,1611661322,WAS,22,30,18,12,0.6,618.5533333333333,52,11,35,96,277,163,144,504,6,13,60,67,444.8,78,54,127,84,72,64,138,48,76,166,145,156,140,96,167,151,57,86,1,2026,10,Regular Season,Totals
202664,Courtney Vandersloot,Courtney,1611661329,CHI,37,17,7,10,0.412,346.4633333333333,29,8,14,58,163,89,82,370,5,10,30,35,369.4,151,137,100,127,124,106,150,98,111,115,94,106,109,101,143,82,99,100,1,2026,10,Regular Season,Totals
1627675,Courtney Williams,Courtney,1611661324,MIN,32,35,28,7,0.8,1073.1583333333333,114,61,100,118,379,317,254,998,11,11,71,39,1046.7,1,1,63,10,7,9,25,2,61,204,222,216,209,56,160,172,94,18,1,2026,10,Regular Season,Totals
203024,Damiris Dantas,Damiris,1611661325,IND,33,12,8,4,0.667,98.28666666666666,0,5,0,10,49,25,50,136,2,0,22,8,70.6,171,124,43,49,175,204,161,184,176,58,48,80,60,143,1,69,172,176,1,2026,10,Regular Season,Totals
1630389,Dana Evans,Dana,1611661319,LVA,28,10,5,5,0.5,165.52166666666668,3,3,0,4,68,59,31,164,2,1,11,3,83.6,174,163,51,109,162,184,175,184,190,66,75,61,65,143,38,44,190,170,1,2026,10,Regular Season,Totals
1643440,Darianna Littlepage-Buggs,Darianna,1611661322,WAS,22,1,0,1,0,0.24833333333333332,0,0,0,0,0,0,0,0,0,0,0,0,0,219,217,6,217,226,204,194,184,211,1,1,1,1,180,1,1,210,223,1,2026,10,Regular Season,Totals
201886,DeWanna Bonner,DeWanna,1611661317,PHX,38,35,13,22,0.371,957.7483333333333,87,27,58,144,383,254,217,894,29,14,61,103,878,1,75,205,146,24,23,82,22,43,207,195,203,195,15,173,156,28,32,1,2026,10,Regular Season,Totals
204324,Dearica Hamby,Dearica,1611661320,LAS,32,32,12,20,0.375,944.425,96,97,68,360,403,267,253,986,14,39,92,134,1020.1,41,79,192,141,27,18,8,14,5,212,205,215,208,44,223,210,15,20,1,2026,10,Regular Season,Totals
1630096,DiJonai Carrington,DiJonai,1611661329,CHI,28,7,3,4,0.429,123.065,8,13,9,28,45,50,23,126,1,7,15,25,126,186,183,43,124,168,159,129,125,145,52,68,54,59,159,114,56,123,160,1,2026,10,Regular Season,Totals
1641649,Diamond Miller,Diamond,1611661323,CON,25,31,8,23,0.258,705.6416666666667,69,18,55,110,324,173,175,714,7,24,98,69,497.6,61,124,216,191,63,36,108,25,66,184,153,175,173,85,214,215,52,76,1,2026,10,Regular Season,Totals
1642798,Dominique Malonga,Dominique,1611661328,SEA,20,26,5,21,0.192,683.3383333333334,69,110,39,306,286,208,175,664,36,18,76,78,894.9,113,163,201,208,64,36,4,41,11,169,173,175,165,10,197,185,45,29,1,2026,10,Regular Season,Totals
1641657,Dorka Juhasz,Dorka,1611661324,MIN,26,13,11,2,0.846,197.72833333333332,4,10,0,14,67,66,54,194,9,5,10,6,159.3,164,90,25,7,154,177,143,184,169,65,80,83,73,70,92,42,176,150,1,2026,10,Regular Season,Totals
1643490,Eliska Joklova,Eliska,1611661324,MIN,24,18,15,3,0.833,104.275,5,3,2,20,38,39,9,80,3,3,16,17,94.7,148,69,37,8,172,176,175,168,154,49,63,31,46,130,73,59,142,168,1,2026,10,Regular Season,Totals
204322,Elizabeth Williams,Elizabeth,1611661329,CHI,33,34,12,22,0.353,582.1466666666666,27,21,13,140,245,198,154,580,28,17,47,74,512.5,11,79,205,157,77,112,95,101,49,154,170,162,149,18,189,124,47,71,1,2026,10,Regular Season,Totals
1629581,Emese Hof,Emese,1611661324,MIN,30,3,1,2,0.333,20.618333333333332,0,0,0,6,14,11,11,26,0,2,6,1,12,204,204,25,162,205,204,194,184,184,28,31,33,23,180,52,32,202,207,1,2026,10,Regular Season,Totals
1631083,Emily Engstler,Emily,1611661327,PDX,26,33,13,20,0.394,787.325,64,45,49,144,374,288,214,762,48,13,102,43,840.8,22,75,192,134,49,42,40,28,43,202,214,201,181,4,167,219,84,34,1,2026,10,Regular Season,Totals
1628242,Emma Cannon,Emma,1611661320,LAS,37,12,3,9,0.25,75.88333333333334,12,4,0,8,26,32,39,92,1,1,16,14,65.7,171,183,85,193,180,147,168,184,179,41,54,72,51,159,38,59,151,179,1,2026,10,Regular Season,Totals
1643488,Emma Cechova,Emma,1611661324,MIN,22,3,2,1,0.667,51.803333333333335,2,5,0,18,22,10,20,50,2,1,12,5,43.2,204,193,6,49,193,194,161,184,157,35,29,49,36,143,38,49,181,189,1,2026,10,Regular Season,Totals
204365,Erica Wheeler,Erica,1611661320,LAS,35,32,12,20,0.375,894.03,62,9,31,110,359,255,233,878,2,15,96,68,684.1,41,79,192,141,34,45,147,59,66,195,196,211,193,143,179,213,55,43,1,2026,10,Regular Season,Totals
1629496,Ezi Magbegor,Ezi,1611661328,SEA,27,9,2,7,0.222,158.14,2,4,0,28,52,60,60,158,8,5,21,13,146.8,180,193,63,200,163,194,168,184,145,59,76,90,63,76,92,68,154,155,1,2026,10,Regular Season,Totals
1643428,Flau'jae Johnson,Flau'jae,1611661328,SEA,22,34,6,28,0.176,959.745,93,66,75,202,396,284,262,924,25,32,92,98,944.4,11,151,223,209,23,20,23,8,24,210,210,222,199,21,220,210,32,27,1,2026,10,Regular Season,Totals
1643494,Frieda Buhner,Frieda,1611661327,PDX,22,30,11,19,0.367,454.7366666666667,39,31,7,80,200,150,139,494,2,21,49,33,319.9,78,90,182,149,103,85,68,135,90,136,134,151,138,143,205,126,106,112,1,2026,10,Regular Season,Totals
1628931,Gabby Williams,Gabby,1611661331,GSV,29,31,23,8,0.742,770.48,103,47,41,190,222,206,165,634,5,12,43,66,791.5,61,12,77,31,50,12,36,37,28,145,172,165,160,101,163,113,59,36,1,2026,10,Regular Season,Totals
1643447,Gabriela Jaquez,Gabriela,1611661329,CHI,22,30,11,19,0.367,588.1133333333333,32,33,32,112,220,155,141,604,1,11,42,53,404.6,78,90,182,149,76,96,63,56,65,143,138,152,156,159,160,112,69,93,1,2026,10,Regular Season,Totals
1642781,Georgia Amoore,Georgia,1611661322,WAS,25,32,19,13,0.594,725.14,24,12,12,44,317,197,189,620,4,3,83,34,378.1,41,43,144,89,58,118,132,108,128,180,169,186,157,114,73,197,103,96,1,2026,10,Regular Season,Totals
1643429,Gianna Kneepkens,Gianna,1611661323,CON,23,23,5,18,0.217,183.07166666666666,18,5,13,22,91,39,41,172,0,3,32,12,118.8,126,163,177,202,158,129,161,101,152,80,63,73,68,180,73,84,157,163,1,2026,10,Regular Season,Totals
1643453,Grace VanSlooten,Grace,1611661325,IND,22,15,9,6,0.6,79.88833333333334,9,3,6,14,53,25,24,98,4,1,7,7,63,158,115,58,84,179,156,175,139,169,60,48,55,52,114,38,36,174,181,2,2026,10,Regular Season,Totals
1642817,Hailey Van Lith,Hailey,1611661323,CON,24,13,2,11,0.154,190.78166666666667,22,7,4,40,89,55,49,194,3,3,18,17,154.6,164,193,112,213,156,124,153,146,130,78,73,78,73,130,73,64,142,152,1,2026,10,Regular Season,Totals
1641650,Haley Jones,Haley,1611661321,DAL,25,6,2,4,0.333,58.8,6,2,4,20,25,14,12,52,0,0,9,7,46.7,190,193,43,162,190,170,183,146,154,39,35,36,37,180,1,41,174,186,2,2026,10,Regular Season,Totals
1629566,Han Xu,an Xu,1611661313,NYL,26,34,20,14,0.588,466.045,33,44,3,92,156,145,111,448,21,3,29,17,429.3,11,30,154,92,102,94,44,161,80,111,130,130,131,29,73,79,142,91,1,2026,10,Regular Season,Totals
1641683,Holly Winterburn,Holly,1611661327,PDX,25,20,8,12,0.4,180.81333333333333,6,2,2,32,107,52,54,194,0,3,16,10,127.9,140,124,127,130,159,170,183,168,138,88,71,83,73,180,73,59,166,159,1,2026,10,Regular Season,Totals
1643469,Indya Nivar,Indya,1611661330,ATL,22,20,10,10,0.5,61.31666666666667,4,3,4,10,15,10,6,46,2,0,15,9,64.9,140,102,100,109,187,177,175,146,176,30,29,22,34,143,1,56,171,180,1,2026,10,Regular Season,Totals
204330,Isabelle Harrison,Isabelle,1611661332,TOR,32,21,5,16,0.238,473.1166666666667,28,47,12,152,206,179,145,542,14,16,57,56,492,134,163,169,198,101,110,36,108,42,138,159,157,145,44,182,147,65,78,1,2026,10,Regular Season,Totals
1642302,Isobel Borlase,Isobel,1611661330,ATL,21,32,20,12,0.625,402.14666666666665,15,16,32,76,190,126,49,392,4,10,39,23,254.6,41,30,127,69,114,136,115,56,94,130,119,78,115,114,143,106,128,124,1,2026,10,Regular Season,Totals
1642808,JJ Quinerly,JJ,1611661321,DAL,23,2,1,1,0.5,12.433333333333334,0,0,0,2,4,0,3,12,1,0,0,1,9.2,212,204,6,109,213,204,194,184,200,9,1,14,13,159,1,1,202,211,1,2026,10,Regular Season,Totals
1629498,Jackie Young,Jackie,1611661319,LVA,28,33,23,10,0.697,1070.7766666666666,117,44,83,230,338,283,212,1008,10,8,75,91,1158.7,22,12,100,43,8,8,44,5,21,186,209,198,211,64,125,181,35,8,1,2026,10,Regular Season,Totals
1642292,Jacy Sheldon,Jacy,1611661329,CHI,25,34,12,22,0.353,728.0133333333333,39,14,41,84,283,217,168,686,11,10,89,49,464.8,11,79,205,157,57,85,123,37,85,167,179,167,171,56,143,203,74,84,1,2026,10,Regular Season,Totals
1631141,Jade Melbourne,Jade,1611661328,SEA,23,34,7,27,0.206,826.7183333333334,59,19,35,158,344,264,179,742,6,10,106,99,648.4,11,137,222,203,40,48,103,48,37,188,203,181,177,96,143,222,31,49,1,2026,10,Regular Season,Totals
1642767,Janelle Salaun,Janelle,1611661331,GSV,24,32,23,9,0.719,714.565,87,71,31,76,266,189,117,596,4,6,74,87,668.5,41,12,85,37,60,23,20,59,94,159,162,137,154,114,103,179,37,46,1,2026,10,Regular Season,Totals
1642320,Jaylyn Sherrod,Jaylyn,1611661330,ATL,24,8,6,2,0.75,50.62833333333333,10,0,4,8,12,7,2,52,1,3,7,3,52,181,151,25,23,195,151,194,146,179,25,21,10,37,159,73,36,190,184,1,2026,10,Regular Season,Totals
1629491,Jessica Shepard,Jessica,1611661321,DAL,29,33,19,14,0.576,1062.435,86,85,70,344,354,269,232,1148,2,20,72,120,1189.5,22,43,154,102,11,25,11,11,7,193,207,210,224,143,200,174,21,6,1,2026,10,Regular Season,Totals
204319,Jewell Loyd,Jewell,1611661319,LVA,32,32,21,11,0.656,865.135,58,23,27,46,291,252,141,824,4,2,72,53,500.8,41,24,112,54,38,50,90,68,127,173,193,152,190,114,52,174,69,73,1,2026,10,Regular Season,Totals
1630148,Jihyun Park,Jihyun,1611661320,LAS,26,27,10,17,0.37,244.895,17,5,7,32,107,51,78,264,1,2,33,18,151.8,105,102,173,147,144,131,161,135,138,88,70,103,88,159,52,87,141,154,1,2026,10,Regular Season,Totals
1627673,Jonquel Jones,Jonquel,1611661313,NYL,32,33,19,14,0.576,960.9566666666667,40,96,16,180,423,246,261,904,37,16,100,117,1092.2,22,43,154,102,22,84,9,92,33,221,188,221,196,9,182,216,22,13,1,2026,10,Regular Season,Totals
1643527,Jordan Harrison,Jordan,1611661327,PDX,22,7,2,5,0.286,98.90166666666667,6,7,3,18,43,28,20,110,1,6,15,13,96,186,193,51,185,174,170,153,161,157,51,52,49,55,159,103,56,154,166,1,2026,10,Regular Season,Totals
1641651,Jordan Horston,Jordan,1611661328,SEA,25,30,5,25,0.167,532.1183333333333,49,34,18,82,191,167,127,474,14,8,57,26,424.3,78,163,221,211,88,66,61,88,88,131,148,141,133,44,125,147,120,92,1,2026,10,Regular Season,Totals
1628886,Jordin Canada,Jordin,1611661330,ATL,31,32,20,12,0.625,1014.7433333333333,77,29,49,188,402,234,185,1026,6,10,87,130,1003.5,41,30,127,69,15,29,76,28,29,211,183,183,214,96,143,201,16,21,1,2026,10,Regular Season,Totals
1643505,Jovana Nogic,Jovana,1611661317,PHX,28,16,4,12,0.25,322.51,27,11,23,24,127,95,55,260,0,6,36,31,232.4,155,176,127,193,129,112,138,82,148,95,98,85,85,180,103,95,111,132,1,2026,10,Regular Season,Totals
1630115,Joyner Holmes,Joyner,1611661328,SEA,28,1,1,0,1,14.733333333333333,0,0,0,2,8,3,4,14,3,1,1,0,16.5,219,204,1,1,211,204,194,184,200,14,12,18,14,130,38,8,210,200,1,2026,10,Regular Season,Totals
1627700,Julie Allemand,Julie,1611661332,TOR,30,26,7,19,0.269,759.38,42,25,28,58,311,258,173,816,11,2,52,21,600.7,113,137,182,187,53,76,85,67,111,178,198,171,188,56,52,132,133,60,1,2026,10,Regular Season,Totals
1642210,Julie Vanloo,Julie,1611661313,NYL,33,5,3,2,0.6,81.14,2,2,3,4,37,20,11,82,0,0,11,4,75.5,193,183,25,84,177,194,183,161,190,47,42,33,48,180,1,44,186,172,1,2026,10,Regular Season,Totals
1642794,Juste Jocyte,Juste,1611661331,GSV,20,10,7,3,0.7,60.805,3,4,0,2,23,19,7,58,1,1,5,5,38.5,174,137,37,42,188,184,168,184,200,37,40,26,41,159,38,26,181,193,1,2026,10,Regular Season,Totals
1643495,Justine Pissott,Justine,1611661319,LVA,22,6,4,2,0.667,73.965,7,0,0,2,22,27,12,90,2,0,12,2,57.6,190,176,25,49,181,167,194,184,200,35,50,36,49,143,1,49,196,183,1,2026,10,Regular Season,Totals
1627674,Kahleah Copper,Kahleah,1611661317,PHX,31,34,12,22,0.353,1115.5866666666666,132,48,69,312,468,287,259,1032,3,44,91,181,937.8,11,79,205,157,3,4,35,12,10,226,212,218,217,130,225,207,3,28,1,2026,10,Regular Season,Totals
1630097,Kaila Charles,Kaila,1611661331,GSV,28,33,24,9,0.727,661.7133333333334,43,31,29,102,208,160,115,520,7,16,78,40,516.9,22,8,85,33,68,72,68,64,70,139,142,135,141,85,182,188,91,69,1,2026,10,Regular Season,Totals
1642822,Kaitlyn Chen,Kaitlyn,1611661331,GSV,24,33,24,9,0.727,480.62166666666667,38,42,10,134,177,142,83,398,0,8,38,37,364.1,22,8,85,33,98,89,50,120,55,124,128,109,118,180,125,103,97,103,1,2026,10,Regular Season,Totals
1630154,Kamiah Smalls,Kamiah,1611661327,PDX,28,2,1,1,0.5,30.176666666666666,3,0,0,2,9,5,7,34,0,0,2,0,20,212,204,6,109,199,184,194,184,200,17,16,26,29,180,1,17,210,199,1,2026,10,Regular Season,Totals
1642289,Kamilla Cardoso,Kamilla,1611661329,CHI,25,33,11,22,0.333,870.1833333333333,55,99,17,374,344,253,174,886,49,43,117,130,1091.3,22,90,205,162,36,57,6,89,4,188,194,173,194,3,224,224,16,14,1,2026,10,Regular Season,Totals
1628317,Karlie Samuelson,Karlie,1611661327,PDX,31,21,8,13,0.381,319.73833333333334,23,14,7,8,168,100,77,312,3,0,31,27,184.9,134,124,144,138,131,121,123,135,179,120,104,100,102,130,1,83,118,143,1,2026,10,Regular Season,Totals
1642324,Kate Martin,Kate,1611661320,LAS,26,15,6,9,0.4,103.57666666666667,7,1,2,10,47,27,25,114,2,1,14,6,73.3,158,151,85,130,173,167,192,168,176,55,50,56,58,143,38,55,176,173,1,2026,10,Regular Season,Totals
1629478,Katie Lou Samuelson,Katie Lou,1611661328,SEA,29,27,4,23,0.148,411.905,17,12,9,30,189,150,119,426,1,5,23,29,271.4,105,176,216,214,110,131,132,125,143,129,134,138,123,159,92,71,113,119,1,2026,10,Regular Season,Totals
203405,Kayla Alexander,Kayla,1611661332,TOR,35,4,0,4,0,40.343333333333334,2,3,0,6,20,11,9,38,1,0,4,5,27.2,198,217,43,217,197,194,175,184,184,33,31,31,31,159,1,23,181,196,1,2026,10,Regular Season,Totals
203825,Kayla McBride,Kayla,1611661324,MIN,34,35,28,7,0.8,1128.195,139,75,88,184,408,349,260,1076,9,8,65,102,1045.4,1,1,63,10,1,3,15,4,31,214,226,219,220,70,125,165,29,19,1,2026,10,Regular Season,Totals
203866,Kayla Thornton,Kayla,1611661331,GSV,33,33,24,9,0.727,821.3816666666667,75,41,33,56,209,208,168,676,8,16,71,45,584.5,22,8,85,33,41,32,52,54,116,141,173,167,168,76,182,172,80,61,1,2026,10,Regular Season,Totals
1628909,Kelsey Mitchell,Kelsey,1611661325,IND,30,33,21,12,0.636,1083.5133333333333,148,68,69,304,404,246,272,1160,4,24,82,142,1062.2,22,24,127,63,6,1,21,12,13,213,188,224,226,114,214,194,13,17,1,2026,10,Regular Season,Totals
1628276,Kelsey Plum,Kelsey,1611661317,PHX,31,16,8,8,0.5,502.72833333333335,48,27,10,144,191,157,110,532,0,10,51,81,534,155,124,77,109,91,68,82,120,43,131,139,128,142,180,143,131,41,68,2,2026,10,Regular Season,Totals
1629568,Kennedy Burke,Kennedy,1611661323,CON,29,30,8,22,0.267,706.975,61,41,25,86,290,168,130,678,26,12,46,41,561.1,78,124,205,188,62,46,52,72,84,170,149,145,170,19,163,119,88,63,1,2026,10,Regular Season,Totals
1628915,Kia Nurse,Kia,1611661332,TOR,30,32,10,22,0.313,387.2133333333333,19,6,25,18,166,148,77,376,0,6,37,32,245.9,41,102,205,177,119,127,158,72,157,117,133,100,112,180,103,100,108,129,1,2026,10,Regular Season,Totals
204329,Kiah Stokes,Kiah,1611661331,GSV,33,32,23,9,0.719,720.4116666666666,11,23,0,66,204,195,152,554,59,9,80,28,616.2,41,12,85,37,59,149,90,184,105,137,165,159,146,2,133,190,116,55,1,2026,10,Regular Season,Totals
1630461,Kiana Williams,Kiana,1611661320,LAS,27,20,5,15,0.25,242.31666666666666,14,12,13,24,88,82,85,264,1,4,24,6,137.9,140,163,165,193,146,142,132,101,148,77,88,112,88,159,84,73,176,157,2,2026,10,Regular Season,Totals
1631006,Kierstan Bell,Kierstan,1611661319,LVA,26,23,16,7,0.696,254.71666666666667,8,4,4,12,90,88,42,268,10,2,26,3,153.4,126,65,63,45,142,159,168,146,174,79,92,75,92,64,52,76,190,153,1,2026,10,Regular Season,Totals
1642792,Kiki Iriafen,Kiki,1611661322,WAS,22,29,17,12,0.586,816.7066666666667,55,113,14,294,364,209,186,668,10,33,89,128,865.2,89,58,127,96,43,57,3,98,15,199,175,185,166,64,221,203,18,33,1,2026,10,Regular Season,Totals
1643445,Kiki Rice,Kiki,1611661332,TOR,22,17,5,12,0.294,435.62833333333333,41,27,43,90,166,129,79,462,3,10,53,49,371.1,151,163,127,184,105,77,82,35,83,117,122,105,132,130,143,135,74,98,1,2026,10,Regular Season,Totals
1642768,Kyara Linskens,Kyara,1611661317,PHX,29,18,6,12,0.333,187.05333333333334,6,7,0,18,72,48,51,170,14,0,28,12,187.8,148,151,127,162,157,170,153,184,157,68,66,82,67,44,1,77,157,142,1,2026,10,Regular Season,Totals
1641656,Laeticia Amihere,Laeticia,1611661331,GSV,25,29,22,7,0.759,329.68833333333333,12,20,10,56,103,100,60,290,23,17,45,48,333.5,89,19,63,21,126,147,99,120,116,87,104,90,95,25,189,117,76,109,1,2026,10,Regular Season,Totals
1643420,Laura Juskaite,Laura,1611661332,TOR,28,33,10,23,0.303,805.0866666666667,49,49,35,166,297,297,178,814,8,18,114,82,651.8,22,102,216,181,47,66,34,48,35,176,217,180,186,76,197,223,38,47,1,2026,10,Regular Season,Totals
1643461,Laura Ziegler,Laura,1611661320,LAS,24,3,1,2,0.333,29.311666666666667,4,0,2,6,10,15,19,26,1,0,5,4,23.3,204,204,25,162,200,177,194,168,184,20,37,47,23,159,1,26,186,198,1,2026,10,Regular Season,Totals
1643427,Lauren Betts,Lauren,1611661322,WAS,22,32,19,13,0.594,530.5483333333333,43,51,4,140,229,142,128,404,22,10,46,54,502.2,41,43,144,89,89,72,33,146,49,149,128,144,120,26,143,119,67,72,1,2026,10,Regular Season,Totals
1642303,Leila Lacan,Leila,1611661323,CON,22,22,7,15,0.318,633.7966666666666,53,31,35,96,241,181,130,628,6,8,68,68,560.5,131,137,165,175,71,61,68,48,76,151,160,145,159,96,125,169,55,64,1,2026,10,Regular Season,Totals
1630142,Leonie Fiebich,Leonie,1611661313,NYL,26,14,10,4,0.714,407.76666666666665,15,20,11,38,133,114,89,428,1,5,28,35,251.2,162,102,43,39,111,136,99,115,134,97,113,116,124,159,92,77,99,127,1,2026,10,Regular Season,Totals
1631118,Lexi Held,Lexi,1611661317,PHX,26,33,15,18,0.455,495.28333333333336,31,19,25,50,229,145,86,422,4,11,43,39,283.8,22,69,177,123,93,100,103,72,124,149,130,113,122,114,160,113,94,116,2,2026,10,Regular Season,Totals
1628882,Lexie Brown,Lexie,1611661328,SEA,31,10,3,7,0.3,147.89666666666668,14,0,8,6,77,32,35,150,1,1,13,10,78.1,174,183,63,182,164,142,194,129,184,72,54,65,62,159,38,52,166,171,1,2026,10,Regular Season,Totals
1631086,Lexie Hull,Lexie,1611661325,IND,26,33,21,12,0.636,642.445,39,31,15,54,268,141,175,668,7,7,90,43,396.3,22,24,127,63,69,85,68,95,119,162,127,175,166,85,114,206,84,94,1,2026,10,Regular Season,Totals
1629574,Li Yueru,Li,1611661321,DAL,27,25,15,10,0.6,266.52,19,17,8,36,96,73,55,262,5,8,37,50,201,117,69,100,84,141,127,112,129,136,81,82,85,86,101,125,100,72,141,1,2026,10,Regular Season,Totals
1642820,Liatu King,Liatu,1611661324,MIN,24,8,6,2,0.75,73.38333333333334,8,11,2,12,48,17,19,62,4,1,13,5,67.6,181,151,25,23,183,159,138,168,174,56,39,47,42,114,38,52,181,178,1,2026,10,Regular Season,Totals
1642802,Lucy Olsen,Lucy,1611661322,WAS,23,17,9,8,0.529,135.67833333333334,10,9,0,14,74,36,20,110,1,3,17,12,95.2,151,115,77,106,167,151,147,184,169,69,60,49,55,159,73,63,157,167,1,2026,10,Regular Season,Totals
1630143,Luisa Geiselsoder,Luisa,1611661327,PDX,26,21,8,13,0.381,347.53833333333336,17,6,2,32,148,121,91,302,8,4,53,19,226.5,134,124,144,138,123,131,158,168,138,107,118,119,100,76,84,135,140,134,1,2026,10,Regular Season,Totals
1642307,Mackenzie Holmes,Mackenzie,1611661328,SEA,25,22,5,17,0.227,233.84166666666667,4,9,2,32,102,68,59,236,6,2,34,21,210.8,131,163,173,199,149,177,147,168,138,85,81,88,79,96,52,89,133,137,1,2026,10,Regular Season,Totals
1641652,Maddy Siegrist,Maddy,1611661321,DAL,26,31,19,12,0.613,424.8016666666667,29,47,20,84,140,111,88,440,10,7,48,21,392.5,61,43,127,77,108,106,36,85,85,102,109,114,130,64,114,125,133,95,1,2026,10,Regular Season,Totals
1642818,Maddy Westbeld,Maddy,1611661329,CHI,24,3,0,3,0,28.466666666666665,3,0,0,0,8,9,7,28,0,1,6,2,9.8,204,217,37,217,201,184,194,184,211,14,26,26,26,180,38,32,196,210,1,2026,10,Regular Season,Totals
1643431,Madina Okot,Madina,1611661330,ATL,21,31,19,12,0.613,272.72,48,43,13,132,125,77,36,256,9,16,46,41,318.8,61,43,127,77,138,68,48,101,56,94,83,67,84,70,182,119,88,113,1,2026,10,Regular Season,Totals
1642769,Mai Yamamoto,Mai,1611661319,LVA,26,4,3,1,0.75,44.31166666666667,9,3,3,4,15,12,13,56,0,2,2,0,45.2,198,183,6,23,196,156,175,161,190,30,34,38,40,180,52,17,210,187,1,2026,10,Regular Season,Totals
1642815,Makayla Timpson,Makayla,1611661325,IND,23,32,21,11,0.656,550.7266666666667,18,33,17,114,228,133,153,644,25,13,61,33,430.4,41,24,112,54,85,129,63,89,63,147,124,161,162,21,167,156,106,90,1,2026,10,Regular Season,Totals
1629576,Maria Conde,Maria,1611661332,TOR,29,32,10,22,0.313,868.25,53,24,43,72,360,310,203,976,5,10,65,48,601.8,41,102,205,177,37,61,87,35,97,196,220,190,207,101,143,165,76,59,1,2026,10,Regular Season,Totals
1630108,Mariella Fasoula,Mariella,1611661332,TOR,28,3,0,3,0,15.316666666666666,0,2,0,4,9,8,3,4,2,1,5,1,16.1,204,217,37,217,209,204,183,184,190,17,23,14,5,143,38,26,202,201,1,2026,10,Regular Season,Totals
1629497,Marina Mabrey,Marina,1611661332,TOR,29,31,10,21,0.323,915.8866666666667,111,57,68,168,380,328,226,1022,11,17,82,150,963.3,61,102,201,174,32,10,27,14,34,205,224,204,212,56,189,194,9,22,1,2026,10,Regular Season,Totals
1630469,Marine Fauthoux,Marine,1611661313,NYL,25,13,10,3,0.769,197.775,7,5,4,18,97,38,41,176,0,4,12,25,129.7,164,102,37,20,153,167,161,146,157,82,62,73,70,180,84,49,123,158,1,2026,10,Regular Season,Totals
1629546,Marine Johannes,Marine,1611661313,NYL,31,31,17,14,0.548,665.9216666666666,74,31,25,48,268,213,141,642,4,6,52,25,514.6,61,58,154,104,67,34,68,72,125,162,176,152,161,114,103,132,123,70,1,2026,10,Regular Season,Totals
1643438,Marta Suarez,Marta,1611661317,PHX,24,13,5,8,0.385,116.37833333333333,10,10,2,26,65,30,28,110,0,2,23,6,72,164,163,77,136,170,151,143,168,147,62,53,58,55,180,52,71,176,174,1,2026,10,Regular Season,Totals
1630471,Maya Caldwell,Maya,1611661324,MIN,27,35,28,7,0.8,484.97833333333335,26,31,11,32,175,137,58,386,7,6,49,28,363.6,1,1,63,10,97,115,68,115,138,123,126,87,113,85,103,126,116,104,1,2026,10,Regular Season,Totals
1629484,Megan DiLeo,Megan,1611661327,PDX,29,31,12,19,0.387,730.2916666666666,58,62,20,234,338,257,206,758,21,20,82,69,672.5,61,79,182,135,56,50,24,85,20,186,197,193,180,29,200,194,52,45,1,2026,10,Regular Season,Totals
1628920,Mercedes Russell,Mercedes,1611661325,IND,31,1,1,0,1,0.9366666666666666,0,0,0,0,0,0,0,0,0,0,0,0,0,219,204,1,1,225,204,194,184,211,1,1,1,1,180,1,1,210,223,1,2026,10,Regular Season,Totals
1630446,Michaela Onyenwere,Michaela,1611661322,WAS,27,28,17,11,0.607,734.2116666666667,48,44,25,94,326,175,201,656,4,16,81,53,432.7,100,58,112,81,55,68,44,72,78,185,155,189,163,114,182,192,69,89,1,2026,10,Regular Season,Totals
1631039,Miela Sowah,Miela,1611661331,GSV,26,2,2,0,1,5.783333333333333,0,0,0,0,4,2,6,10,0,0,1,0,0,212,193,1,1,220,204,194,184,211,9,9,22,10,180,1,8,210,223,1,2026,10,Regular Season,Totals
1642777,Monique Akoa Makani,Monique,1611661320,LAS,25,21,7,14,0.333,479.4816666666667,56,14,47,44,198,126,100,434,4,9,60,45,353.7,134,137,154,162,99,56,123,30,128,135,119,125,127,114,133,151,80,106,2,2026,10,Regular Season,Totals
1628881,Monique Billings,Monique,1611661325,IND,30,32,21,11,0.656,666.67,41,58,24,140,249,169,174,726,17,14,72,82,604.7,41,24,112,54,66,77,26,80,49,155,152,173,175,36,173,174,38,57,1,2026,10,Regular Season,Totals
1628899,Myisha Hines-Allen,Myisha,1611661325,IND,31,29,19,10,0.655,406.27,29,10,12,72,180,113,90,400,11,6,60,22,328.6,89,43,100,57,112,106,143,108,97,126,111,118,119,56,103,151,129,110,1,2026,10,Regular Season,Totals
1631019,NaLyssa Smith,NaLyssa,1611661319,LVA,26,33,22,11,0.667,807.3033333333333,58,80,44,304,267,216,164,742,21,20,104,112,782.2,22,19,112,49,46,50,12,33,13,161,178,164,177,29,200,221,23,37,1,2026,10,Regular Season,Totals
1643686,Nadia Fingall,Nadia,1611661331,GSV,28,5,4,1,0.8,12.4,0,2,0,0,14,5,4,14,0,0,1,0,7.7,193,176,6,10,214,204,183,184,211,28,16,18,14,180,1,8,210,212,1,2026,10,Regular Season,Totals
1629483,Napheesa Collier,Napheesa,1611661324,MIN,29,8,7,1,0.875,236.175,14,11,4,72,74,77,59,264,11,7,13,25,321.5,181,137,6,6,147,142,138,146,97,69,83,88,88,56,114,52,123,111,1,2026,10,Regular Season,Totals
204333,Natasha Cloud,Natasha,1611661329,CHI,34,33,11,22,0.333,941.2966666666666,73,14,30,126,390,291,228,912,10,5,103,79,781.2,22,90,205,162,29,35,123,61,58,209,216,206,198,64,92,220,43,38,1,2026,10,Regular Season,Totals
203827,Natasha Howard,Natasha,1611661324,MIN,34,35,28,7,0.8,1012.8333333333334,142,121,64,414,361,308,212,910,30,25,120,143,1221.2,1,1,63,10,16,2,2,18,1,198,219,198,197,13,216,226,12,5,1,2026,10,Regular Season,Totals
1630442,Natasha Mack,Natasha,1611661317,PHX,28,27,10,17,0.37,602.2266666666667,30,52,16,156,273,166,125,480,29,5,66,43,617.3,105,102,173,147,74,102,32,92,39,164,147,140,135,15,92,168,84,54,1,2026,10,Regular Season,Totals
1629567,Natisha Hiedeman,Natisha,1611661328,SEA,29,35,7,28,0.2,1040.8333333333333,103,44,65,218,416,307,280,1028,5,14,62,82,960.3,1,137,223,204,13,12,44,17,22,220,218,226,216,101,173,161,38,24,1,2026,10,Regular Season,Totals
1631044,Naz Hillmon,Naz,1611661330,ATL,26,31,20,11,0.645,896.7266666666667,43,32,6,142,360,205,169,932,7,15,69,46,557.8,61,30,112,58,33,72,66,139,47,196,171,169,202,85,179,171,78,65,1,2026,10,Regular Season,Totals
1643479,Ndjakalenga Mwenentanda,Ndjakalenga,1611661331,GSV,22,5,4,1,0.8,12.9,0,0,0,0,11,5,5,10,0,0,1,0,4.4,193,176,6,10,212,204,194,184,211,22,16,20,10,180,1,8,210,218,1,2026,10,Regular Season,Totals
1643448,Nell Angloma,Nell,1611661323,CON,20,27,8,19,0.296,271.95666666666665,25,12,12,62,80,65,29,238,8,12,45,29,208.3,105,124,182,183,139,117,132,108,107,74,78,59,80,76,163,117,113,138,1,2026,10,Regular Season,Totals
1628269,Nia Coffey,Nia,1611661324,MIN,31,35,28,7,0.8,813.6,43,25,25,84,290,241,175,728,38,10,75,32,714.9,1,1,63,10,45,72,85,72,85,170,184,175,176,8,143,181,108,41,1,2026,10,Regular Season,Totals
1631263,Nikolina Milic,Nikolina,1611661332,TOR,32,7,3,4,0.429,63.053333333333335,2,4,2,16,26,24,14,74,0,2,7,3,31.3,186,183,43,124,186,194,168,168,167,41,45,41,44,180,52,36,190,194,1,2026,10,Regular Season,Totals
203014,Nneka Ogwumike,Nneka,1611661320,LAS,36,31,11,20,0.355,971.97,88,90,56,270,408,261,255,1024,13,21,53,90,1082.9,61,90,192,156,21,22,10,23,18,214,201,217,213,51,205,135,36,16,1,2026,10,Regular Season,Totals
1643493,Noemie Brochant,Noemie,1611661317,PHX,26,34,12,22,0.353,763.1783333333333,41,12,37,64,290,195,154,722,8,4,55,26,477,11,79,205,157,51,77,132,43,106,170,165,162,174,76,84,142,120,81,1,2026,10,Regular Season,Totals
1642296,Nyadiew Puoch,Nyadiew,1611661327,PDX,22,32,12,20,0.375,554.5133333333333,41,14,30,70,243,183,152,582,4,9,64,29,289.5,41,79,192,141,82,77,123,61,101,152,161,159,150,114,133,162,113,115,1,2026,10,Regular Season,Totals
1631055,Nyara Sabally,Nyara,1611661332,TOR,26,24,8,16,0.333,573.1433333333333,61,53,27,164,260,194,127,578,21,17,65,73,604.7,122,124,169,162,80,46,31,68,36,157,163,141,148,29,189,165,49,57,1,2026,10,Regular Season,Totals
203824,Odyssey Sims,Odyssey,1611661321,DAL,34,25,16,9,0.64,388.3016666666667,39,20,29,62,138,111,89,390,2,13,34,38,269.7,117,65,85,62,118,85,99,64,107,101,109,116,114,143,167,89,96,120,1,2026,10,Regular Season,Totals
1643426,Olivia Miles,Olivia,1611661324,MIN,23,33,27,6,0.818,1023.4633333333334,126,99,33,332,364,310,233,936,22,25,101,136,1226.3,22,7,58,9,14,6,6,54,8,199,220,211,203,26,216,218,14,4,1,2026,10,Regular Season,Totals
1631135,Olivia Nelson-Ododa,Olivia,1611661323,CON,25,27,7,20,0.259,575.8916666666667,33,46,7,186,243,159,112,594,24,17,84,100,630.6,105,137,192,190,79,94,39,135,30,152,140,131,153,24,189,198,30,51,1,2026,10,Regular Season,Totals
1643706,Ornella Bankole,Ornella,1611661332,TOR,28,3,1,2,0.333,15.166666666666666,2,0,2,0,8,9,8,20,0,0,4,1,6.4,204,204,25,162,210,194,194,168,211,14,26,29,19,180,1,23,202,214,1,2026,10,Regular Season,Totals
1642784,Paige Bueckers,Paige,1611661321,DAL,24,32,20,12,0.625,1066.5466666666666,81,73,38,238,355,277,228,1148,14,10,81,107,1132.5,41,30,127,69,10,27,18,42,19,194,208,206,224,44,143,192,26,9,1,2026,10,Regular Season,Totals
1631136,Pauline Astier,Pauline,1611661313,NYL,24,34,20,14,0.588,796.675,63,21,27,198,315,223,200,752,5,14,96,106,649.3,11,30,154,92,48,43,95,68,26,179,181,188,179,101,173,213,27,48,1,2026,10,Regular Season,Totals
1630138,Peyton Williams,Peyton,1611661317,PHX,28,1,1,0,1,5.766666666666667,0,0,0,0,0,1,2,10,1,1,0,0,6,219,204,1,1,222,204,194,184,211,1,6,10,10,159,38,1,210,216,1,2026,10,Regular Season,Totals
1643487,Quionche Carter,Quionche,1611661317,PHX,25,13,6,7,0.462,80.59666666666666,3,0,1,6,33,34,21,80,0,2,11,12,49.3,164,151,63,122,178,184,194,183,184,46,57,52,46,180,52,44,157,185,1,2026,10,Regular Season,Totals
1627671,Rachel Banham,Rachel,1611661329,CHI,33,30,11,19,0.367,385.855,30,29,16,16,147,119,100,374,8,2,36,11,254.6,78,90,182,149,120,102,76,92,167,104,116,125,110,76,52,95,164,124,1,2026,10,Regular Season,Totals
1630996,Rae Burrell,Rae,1611661320,LAS,26,32,12,20,0.375,919.7,69,29,51,192,412,262,266,956,16,23,55,108,693,41,79,192,141,30,36,76,26,27,218,202,223,204,38,210,142,25,42,1,2026,10,Regular Season,Totals
1643441,Raegan Beers,Raegan,1611661323,CON,23,25,6,19,0.24,269.45666666666665,8,17,4,60,100,54,37,252,3,8,59,31,222.4,117,151,182,196,140,159,112,146,109,83,72,68,83,130,125,150,111,135,1,2026,10,Regular Season,Totals
1630384,Raquel Carrera,Raquel,1611661313,NYL,24,19,10,9,0.526,107.34666666666666,4,5,4,18,48,34,30,90,2,0,16,10,69.7,143,102,85,107,171,177,161,146,157,56,57,60,49,143,1,59,166,177,1,2026,10,Regular Season,Totals
1643433,Raven Johnson,Raven,1611661325,IND,23,30,19,11,0.633,348.09166666666664,8,16,8,58,137,98,99,360,3,2,44,10,249.3,78,43,112,65,122,159,115,129,111,100,101,123,105,130,52,116,166,128,1,2026,10,Regular Season,Totals
1642796,Rayah Marshall,Rayah,1611661323,CON,22,1,0,1,0,3.566666666666667,0,0,0,0,2,2,0,4,0,0,1,0,-0.8,219,217,6,217,223,204,194,184,211,5,9,1,5,180,1,8,210,226,1,2026,10,Regular Season,Totals
204296,Rebecca Allen,Rebecca,1611661313,NYL,33,19,10,9,0.526,326.0283333333333,17,15,9,24,146,65,83,264,9,4,38,13,205.5,143,102,85,107,128,131,118,125,148,103,78,109,88,70,84,103,154,139,1,2026,10,Regular Season,Totals
203822,Rebekah Gardner,Rebekah,1611661313,NYL,36,32,19,13,0.594,486.9216666666667,30,28,44,104,178,118,114,478,7,10,53,34,368.2,41,43,144,89,95,102,80,33,68,125,115,133,134,85,143,135,103,101,1,2026,10,Regular Season,Totals
1631009,Rhyne Howard,Rhyne,1611661330,ATL,26,31,20,11,0.645,1069.7283333333332,131,57,93,142,455,243,209,1080,29,6,86,79,1116.8,61,30,112,58,9,5,27,3,47,224,186,196,223,15,103,199,43,11,1,2026,10,Regular Season,Totals
1642288,Rickea Jackson,Rickea,1611661329,CHI,25,4,3,1,0.75,117.98,10,8,3,24,37,33,31,106,7,5,7,14,122.8,198,183,6,23,169,151,150,161,148,47,56,61,53,85,92,36,151,161,1,2026,10,Regular Season,Totals
1643450,Rori Harmon,Rori,1611661322,WAS,23,10,4,6,0.4,67.48166666666667,0,0,0,4,46,23,18,42,0,0,11,8,39.1,174,176,58,130,185,204,194,184,190,54,43,45,32,180,1,44,172,192,1,2026,10,Regular Season,Totals
1629477,Sabrina Ionescu,Sabrina,1611661313,NYL,28,22,11,11,0.5,669.9666666666667,57,40,35,124,283,173,215,660,5,16,39,61,605.6,131,90,112,109,65,55,55,48,59,167,153,202,164,101,182,106,61,56,1,2026,10,Regular Season,Totals
1628244,Sami Whitcomb,Sami,1611661317,PHX,38,12,4,8,0.333,177.58333333333334,6,0,0,6,77,37,38,166,0,2,18,10,120.2,171,176,77,162,161,170,194,184,184,72,61,69,66,180,52,64,166,162,1,2026,10,Regular Season,Totals
1642790,Sania Feagin,Sania,1611661327,PDX,23,3,0,3,0,10.2,0,0,0,0,13,8,2,22,0,0,3,1,4.2,204,217,37,217,216,204,194,184,211,26,23,10,20,180,1,21,202,219,1,2026,10,Regular Season,Totals
1642809,Saniya Rivers,Saniya,1611661323,CON,23,27,6,21,0.222,591.8416666666667,30,21,41,78,258,175,136,592,18,8,50,40,474.3,105,151,201,200,75,102,95,37,91,156,155,148,151,34,125,128,91,82,1,2026,10,Regular Season,Totals
1642782,Sarah Ashlee Barker,Sarah Ashlee,1611661327,PDX,24,26,10,16,0.385,642.1533333333333,80,37,51,140,292,228,173,626,9,14,64,43,555.4,113,102,169,136,70,28,57,26,49,174,182,171,158,70,173,162,84,66,1,2026,10,Regular Season,Totals
1630149,Satou Sabally,Satou,1611661313,NYL,28,13,8,5,0.615,217.79833333333335,14,23,12,48,65,50,73,198,2,5,34,21,202.7,164,124,51,75,151,142,90,108,125,62,68,98,76,143,92,89,133,140,1,2026,10,Regular Season,Totals
1643458,Saylor Poffenbarger,Saylor,1611661329,CHI,23,5,1,4,0.2,25.516666666666666,0,0,0,0,9,6,11,32,0,0,3,0,14.7,193,204,43,204,202,204,194,184,211,17,19,33,28,180,1,21,210,203,1,2026,10,Regular Season,Totals
1643436,Serah Williams,Serah,1611661327,PDX,22,29,11,18,0.379,360.74,29,15,12,100,158,96,99,364,8,12,55,35,272.2,89,90,177,140,121,106,118,108,72,113,99,123,107,76,163,142,99,118,1,2026,10,Regular Season,Totals
1631022,Shakira Austin,Shakira,1611661322,WAS,26,31,18,13,0.581,919.505,58,75,13,306,414,241,209,786,43,36,60,128,1083.9,61,54,144,100,31,50,15,101,11,219,184,196,183,6,222,151,18,15,1,2026,10,Regular Season,Totals
1628278,Shatori Walker-Kimbrough,Shatori,1611661330,ATL,31,8,6,2,0.75,18.83,2,0,2,4,13,8,3,26,0,0,1,1,13.4,181,151,25,23,207,194,194,168,190,26,23,14,23,180,1,8,202,205,2,2026,10,Regular Season,Totals
1643470,Shay Ciezki,Shay,1611661317,PHX,22,2,1,1,0.5,9.466666666666667,3,0,0,0,3,2,1,2,0,1,1,0,5.7,212,204,6,109,217,184,194,184,211,7,9,8,4,180,38,8,210,217,1,2026,10,Regular Season,Totals
1631021,Sika Kone,Sika,1611661330,ATL,24,27,17,10,0.63,143.855,8,15,6,22,45,39,13,136,0,4,24,16,91,105,58,100,68,166,159,118,139,152,52,63,38,60,180,84,73,146,169,1,2026,10,Regular Season,Totals
203400,Skylar Diggins,Skylar,1611661329,CHI,36,19,5,14,0.263,552.9233333333333,55,23,36,98,215,176,121,600,11,13,41,54,534.5,143,163,154,189,84,57,90,45,74,142,157,139,155,56,167,110,67,67,1,2026,10,Regular Season,Totals
1642785,Sonia Citron,Sonia,1611661322,WAS,22,29,17,12,0.586,973.7033333333334,99,34,67,210,429,249,212,814,22,14,61,180,891.9,89,58,127,96,19,16,61,16,23,222,192,198,186,26,173,156,4,31,1,2026,10,Regular Season,Totals
1629482,Sophie Cunningham,Sophie,1611661325,IND,29,32,20,12,0.625,736.1,59,39,37,58,293,196,170,796,4,9,60,74,479.6,41,30,127,69,54,48,56,43,111,175,167,170,184,114,133,151,47,80,1,2026,10,Regular Season,Totals
203828,Stefanie Dolson,Stefanie,1611661328,SEA,34,35,7,28,0.2,553.6233333333333,24,19,5,40,208,194,149,496,16,2,77,45,341.8,1,137,223,204,83,118,103,144,130,139,163,158,139,38,52,186,80,107,1,2026,10,Regular Season,Totals
203855,Stephanie Talbot,Stephanie,1611661319,LVA,32,34,23,11,0.676,570.7233333333334,23,15,17,56,192,163,138,540,8,4,52,21,336.4,11,12,112,48,81,121,118,89,116,133,145,150,144,76,84,132,133,108,1,2026,10,Regular Season,Totals
1630134,Sug Sutton,Sug,1611661321,DAL,27,19,9,10,0.474,210.99,15,1,3,40,82,56,47,184,2,3,19,11,168.4,143,115,100,120,152,136,192,161,130,76,74,77,72,143,73,66,164,148,2,2026,10,Regular Season,Totals
1642321,Sydney Taylor,Sydney,1611661329,CHI,25,28,10,18,0.357,577.8566666666667,97,36,83,156,220,168,131,592,7,15,74,58,574.3,100,102,177,154,78,17,59,5,39,143,149,147,151,85,179,179,64,62,1,2026,10,Regular Season,Totals
1643444,Ta'Niya Latson,Ta'Niya,1611661319,LVA,22,14,5,9,0.357,89.705,10,7,4,18,30,24,17,106,1,2,6,15,71.5,162,163,85,154,176,151,153,146,157,44,45,44,53,159,52,32,148,175,2,2026,10,Regular Season,Totals
1643473,Taina Mair,Taina,1611661328,SEA,22,5,0,5,0,20.233333333333334,2,0,2,2,11,4,8,24,0,0,2,2,11.9,193,217,51,217,206,194,194,168,200,22,14,29,22,180,1,17,196,208,1,2026,10,Regular Season,Totals
1642814,Taylor Thierry,Taylor,1611661328,SEA,23,10,5,5,0.5,60.035,3,0,2,2,21,24,13,52,0,2,6,3,39.3,174,163,51,109,189,184,194,168,200,34,45,38,37,180,52,32,190,191,1,2026,10,Regular Season,Totals
1642804,Te-Hina Paopao,Te-Hina,1611661330,ATL,23,24,14,10,0.583,301.1666666666667,8,21,9,18,118,96,50,308,3,10,29,12,184.4,122,73,100,99,135,159,95,125,157,91,99,80,101,130,143,79,157,144,1,2026,10,Regular Season,Totals
1629479,Teaira McCowan,Teaira,1611661324,MIN,29,10,8,2,0.8,68.34166666666667,2,2,0,14,25,11,6,42,5,0,19,12,59.3,174,124,25,10,184,194,183,184,169,39,31,22,32,101,1,66,157,182,1,2026,10,Regular Season,Totals
1643506,Teja Oblak,Teja,1611661327,PDX,35,25,9,16,0.36,334.83,35,14,4,68,147,105,82,274,1,7,41,26,308.7,117,115,169,153,125,92,123,146,102,104,107,106,93,159,114,110,120,114,1,2026,10,Regular Season,Totals
1627701,Temi Fagbenle,Temi,1611661332,TOR,33,16,2,14,0.125,245.305,15,12,11,52,101,89,71,274,4,5,39,14,174.6,155,193,154,215,143,136,132,115,121,84,94,97,93,114,92,106,151,145,1,2026,10,Regular Season,Totals
1643457,Teonni Key,Teonni,1611661332,TOR,23,29,9,20,0.31,235.96833333333333,8,16,2,30,102,88,38,242,14,5,35,15,169.6,89,115,192,179,148,159,115,168,143,85,92,69,81,44,92,93,148,147,1,2026,10,Regular Season,Totals
203026,Tiffany Hayes,Tiffany,1611661331,GSV,36,31,23,8,0.742,500.87333333333333,66,33,8,120,192,161,84,412,5,7,61,95,482.5,61,12,77,31,92,41,63,129,60,133,143,111,121,101,114,156,34,79,1,2026,10,Regular Season,Totals
1643647,Tima Pouye,Tima,1611661332,TOR,27,19,6,13,0.316,177.93333333333334,9,4,8,18,71,81,32,172,0,2,32,12,110.2,143,151,144,176,160,156,168,129,157,67,87,63,68,180,52,84,157,164,1,2026,10,Regular Season,Totals
1643439,Tonie Morgan,Tonie,1611661320,LAS,22,1,0,1,0,6.42,3,0,0,0,4,1,0,6,0,0,2,0,3.7,219,217,6,217,219,184,194,184,211,9,6,1,8,180,1,17,210,220,1,2026,10,Regular Season,Totals
1630112,Tyasha Harris,Tyasha,1611661325,IND,28,28,18,10,0.643,394.7366666666667,32,13,10,34,153,99,82,434,5,5,34,22,260.5,100,54,100,61,116,96,129,120,137,110,103,106,127,101,92,89,129,123,1,2026,10,Regular Season,Totals
204468,Valeriane Ayayi,Valeriane,1611661317,PHX,32,29,12,17,0.414,485.83,32,31,15,52,224,134,97,428,5,9,56,96,366.4,89,79,173,126,96,96,68,95,121,146,125,122,124,101,133,146,33,102,1,2026,10,Regular Season,Totals
1631007,Veronica Burton,Veronica,1611661331,GSV,26,33,24,9,0.727,944.3366666666667,76,45,41,158,266,244,183,768,15,21,91,147,948.5,22,8,85,33,28,30,40,37,37,159,187,182,182,41,205,207,10,26,1,2026,10,Regular Season,Totals
1641660,Zia Cooke,Zia,1611661328,SEA,25,35,7,28,0.2,516.725,36,20,35,94,228,196,127,492,0,17,50,65,374.5,1,137,223,204,90,91,99,48,78,147,167,141,137,180,189,128,60,97,1,2026,10,Regular Season,Totals
