team_id,season,league_id,player,nickname,player_slug,num,position,height,weight,birth_date,age,exp,school,player_id,how_acquired,supplemental_status,season_type
1611661313,2026,10,Satou Sabally,Satou,satou-sabally,0,F,6-4,175,"APR 25, 1998",28,6,Oregon,1630149,Signed on 04/17/26,0,1611661313
1611661313,2026,10,Marine Fauthoux,Marine,marine-fauthoux,4,G,5-9,NA,"JAN 23, 2001",25,R,                                   ,1630469,#29 Pick in 2021 Draft,0,1611661313
1611661313,2026,10,Elizabeth Balogun,Elizabeth,elizabeth-balogun,5,F,6-2,183,"SEP 09, 2000",25,R,Duke,1641663,Signed on 08/18/26,1,1611661313
1611661313,2026,10,Rebekah Gardner,Rebekah,rebekah-gardner,7,G,6-1,130,"JUL 09, 1990",36,3,UCLA,203822,Traded from CHI on 03/14/24,0,1611661313
1611661313,2026,10,Rebecca Allen,Rebecca,rebecca-allen,9,F-G,6-2,162,"NOV 06, 1992",33,10,Melbourne,204296,Signed on 04/13/26,0,1611661313
1611661313,2026,10,Leonie Fiebich,Leonie,leonie-fiebich,13,F,6-4,NA,"JAN 10, 2000",26,2,                                   ,1630142,Traded from CHI on 02/11/23,0,1611661313
1611661313,2026,10,Raquel Carrera,Raquel,raquel-carrera,14,C,6-3,NA,"OCT 31, 2001",24,R,Valencia BC,1630384,Traded from ATL on 06/08/22,0,1611661313
1611661313,2026,10,Pauline Astier,Pauline,pauline-astier,18,G,5-11,NA,"FEB 15, 2002",24,R,NA,1631136,Signed on 04/13/26,0,1611661313
1611661313,2026,10,Sabrina Ionescu,Sabrina,sabrina-ionescu,20,G,5-11,165,"DEC 06, 1997",28,6,Oregon,1629477,#1 Pick in 2020 Draft,0,1611661313
1611661313,2026,10,Han Xu,Xu,xu-han,21,C,6-11,203,"OCT 31, 1999",26,3,                                   ,1629566,#14 Pick in 2019 Draft,0,1611661313
1611661313,2026,10,Marine Johannes,Marine,marine-johannes,23,G,5-10,134,"JAN 21, 1995",31,4,                                   ,1629546,Signed on 03/20/19,0,1611661313
1611661313,2026,10,Anneli Maley,Anneli,anneli-maley,24,F,6-1,NA,"SEP 01, 1998",28,1,                                   ,1630993,Signed on 05/23/26,1,1611661313
1611661313,2026,10,Breanna Stewart,Breanna,breanna-stewart,30,F,6-4,170,"AUG 27, 1994",32,9,Connecticut,1627668,Signed on 02/08/23,0,1611661313
1611661313,2026,10,Jonquel Jones,Jonquel,jonquel-jones,35,C,6-6,215,"JAN 05, 1994",32,9,George Washington,1627673,Traded from CON on 01/15/23,0,1611661313
1611661317,2026,10,Kelsey Plum,Kelsey,kelsey-plum,0,G,5-8,145,"AUG 24, 1994",32,8,Washington,1628276,Traded from LAS on 08/02/26,0,1611661317
1611661317,2026,10,Noemie Brochant,Noemie,noemie-brochant,1,F-G,5-11,NA,"OCT 25, 1999",26,R,NA,1643493,Signed on 04/13/26,0,1611661317
1611661317,2026,10,Kahleah Copper,Kahleah,kahleah-copper,2,G-F,6-1,165,"AUG 28, 1994",32,10,Rutgers,1627674,Traded from CHI on 02/06/24,0,1611661317
1611661317,2026,10,Natasha Mack,Natasha,natasha-mack,4,F-C,6-4,182,"NOV 03, 1997",28,3,Oklahoma State,1630442,Signed on 02/09/24,0,1611661317
1611661317,2026,10,Shay Ciezki,Shay,shay-ciezki,5,G,5-7,NA,"NOV 26, 2003",22,R,Indiana,1643470,Signed on 04/14/26,1,1611661317
1611661317,2026,10,Saylor Poffenbarger,Saylor,saylor-poffenbarger,6,F,6-2,189,"APR 14, 2003",23,R,Maryland,1643458,Signed on 08/25/26,0,1611661317
1611661317,2026,10,Lexi Held,Lexi,lexi-held,10,G,5-10,138,"DEC 28, 1999",26,1,DePaul,1631118,Signed on 06/01/26,0,1611661317
1611661317,2026,10,Valeriane Ayayi,Valeriane,valeriane-ayayi,11,F,6-1,NA,"APR 29, 1994",32,1,France,204468,Signed on 04/12/26,0,1611661317
1611661317,2026,10,Kara Dunn,Kara,kara-dunn,12,G,5-11,NA,"DEC 06, 2003",22,R,Southern California,1643454,Signed on 04/14/26,1,1611661317
1611661317,2026,10,Maddy Westbeld,Maddy,maddy-westbeld,21,F,6-3,NA,"FEB 10, 2002",24,1,Notre Dame,1642818,Signed on 08/18/26,0,1611661317
1611661317,2026,10,Alyssa Thomas,Alyssa,alyssa-thomas,25,F,6-2,203,"APR 12, 1992",34,12,Maryland,203826,Traded from CON on 02/02/25,0,1611661317
1611661317,2026,10,Jovana Nogic,Jovana,jovana-nogic,29,G,6-0,NA,"DEC 17, 1997",28,R,Providence,1643505,Signed on 04/13/26,0,1611661317
1611661317,2026,10,Kyara Linskens,Kyara,kyara-linskens,31,C,6-4,NA,"NOV 13, 1996",29,1,NA,1642768,Signed on 04/12/26,0,1611661317
1611661317,2026,10,Sami Whitcomb,Sami,sami-whitcomb,33,G,5-10,149,"JUL 20, 1988",38,9,Washington,1628244,Signed on 02/02/25,0,1611661317
1611661317,2026,10,Marta Suarez,Marta,marta-suarez,77,F,6-3,NA,"MAY 07, 2002",24,R,TCU,1643438,Signed on 05/06/26,0,1611661317
1611661319,2026,10,Jackie Young,Jackie,jackie-young,0,G,6-0,165,"SEP 16, 1997",28,7,Notre Dame,1629498,#1 Pick in 2019 Draft,0,1611661319
1611661319,2026,10,Kierstan Bell,Kierstan,kierstan-bell,1,F,6-1,176,"MAR 16, 2000",26,4,Florida Gulf Coast,1631006,#11 Pick in 2022 Draft,0,1611661319
1611661319,2026,10,Ta'Niya Latson,Ta'Niya,taniya-latson,5,G,5-8,NA,"DEC 26, 2003",22,R,South Carolina,1643444,Signed on 07/08/26,1,1611661319
1611661319,2026,10,Stephanie Talbot,Stephanie,stephanie-talbot,7,F,6-2,192,"JUN 15, 1994",32,7,Adelaide,203855,Signed on 04/12/26,0,1611661319
1611661319,2026,10,Dana Evans,Dana,dana-evans,11,G,5-6,145,"AUG 01, 1998",28,5,Louisville,1630389,Traded from CHI on 02/07/25,0,1611661319
1611661319,2026,10,Chelsea Gray,Chelsea,chelsea-gray,12,G,5-11,170,"OCT 08, 1992",33,11,Duke,203833,Signed on 02/02/21,0,1611661319
1611661319,2026,10,Justine Pissott,Justine,justine-pissott,13,G-F,6-4,175,"FEB 04, 2004",22,R,Vanderbilt,1643495,Signed on 07/07/26,0,1611661319
1611661319,2026,10,Mai Yamamoto,Mai,mai-yamamoto,18,G,5-5,NA,"OCT 23, 1999",26,R,NA,1642769,Signed on 07/17/26,0,1611661319
1611661319,2026,10,Kalani Brown,Kalani,kalani-brown,21,C,6-7,245,"MAR 21, 1997",29,6,Baylor,1629480,Signed on 08/29/26,0,1611661319
1611661319,2026,10,Brianna Turner,Brianna,brianna-turner,21,F-C,6-3,175,"JUL 05, 1996",30,7,Notre Dame,1629488,Signed on 04/13/26,0,1611661319
1611661319,2026,10,A'ja Wilson,A'ja,aja-wilson,22,C,6-4,195,"AUG 08, 1996",30,8,South Carolina,1628932,#1 Pick in 2018 Draft,0,1611661319
1611661319,2026,10,Jewell Loyd,Jewell,jewell-loyd,24,G,5-11,175,"OCT 05, 1993",32,11,Notre Dame,204319,Traded from SEA on 02/01/25,0,1611661319
1611661319,2026,10,Cheyenne Parker-Tyus,Cheyenne,cheyenne-parker-tyus,32,F,6-4,193,"AUG 22, 1992",34,11,Middle Tennessee,204323,Signed on 02/05/25,0,1611661319
1611661320,2026,10,Monique Akoa Makani,Monique,monique-akoa-makani,1,G,5-11,NA,"FEB 04, 2001",25,1,NA,1642777,Traded from PHX on 08/02/26,0,1611661320
1611661320,2026,10,Chance Gray,Chance,chance-gray,2,G,5-9,NA,"JUL 06, 2004",22,R,Ohio State,1643462,#24 Pick in 2026 Draft,0,1611661320
1611661320,2026,10,Tonie Morgan,Tonie,tonie-morgan,4,G,NA,NA,"JUL 16, 2004",22,R,Kentucky,1643439,Signed on 07/16/26,0,1611661320
1611661320,2026,10,Dearica Hamby,Dearica,dearica-hamby,5,F,6-3,189,"NOV 06, 1993",32,11,Wake Forest,204324,Traded from LVA on 01/21/23,0,1611661320
1611661320,2026,10,Jihyun Park,Jihyun,jihyun-park,6,G,6-1,NA,"APR 07, 2000",26,R,NA,1630148,Signed on 04/14/26,0,1611661320
1611661320,2026,10,Ariel Atkins,Ariel,ariel-atkins,7,G,5-10,167,"JUL 30, 1996",30,8,Texas-Austin,1628878,Traded from CHI on 04/12/26,0,1611661320
1611661320,2026,10,Shyanne Sellers,Shyanne,shyanne-sellers,7,G,6-2,NA,"APR 24, 2003",23,R,Maryland,1642811,Signed on 08/30/26,1,1611661320
1611661320,2026,10,Rae Burrell,Rae,rae-burrell,12,G-F,6-2,168,"JUN 21, 2000",26,4,Tennessee,1630996,#9 Pick in 2022 Draft,0,1611661320
1611661320,2026,10,Erica Wheeler,Erica,erica-wheeler,17,G,5-7,143,"MAY 02, 1991",35,10,Rutgers,204365,Signed on 04/11/26,0,1611661320
1611661320,2026,10,Cameron Brink,Cameron,cameron-brink,22,F,6-4,170,"DEC 31, 2001",24,2,Stanford,1642287,#2 Pick in 2024 Draft,0,1611661320
1611661320,2026,10,Nneka Ogwumike,Nneka,nneka-ogwumike,30,F,6-2,190,"JUL 02, 1990",36,14,Stanford,203014,Signed on 04/12/26,0,1611661320
1611661320,2026,10,Emma Cannon,Emma,emma-cannon,32,F,6-2,190,"JUN 01, 1989",37,7,Florida Southern,1628242,Signed on 02/02/25,0,1611661320
1611661320,2026,10,Aaliyah Nye,Aaliyah,aaliyah-nye,32,G-F,6-0,NA,"AUG 14, 2002",24,1,Alabama,1642801,Awarded on Waivers on 08/29/26,0,1611661320
1611661320,2026,10,Ndjakalenga Mwenentanda,Ndjakalenga,ndjakalenga-mwenentanda,32,G,6-2,NA,"NOV 24, 2003",22,R,Vanderbilt,1643479,Signed on 08/28/26,1,1611661320
1611661321,2026,10,Sug Sutton,Sug,sug-sutton,0,G,5-8,140,"DEC 17, 1998",27,4,Texas-Austin,1630134,Signed on 06/14/26,0,1611661321
1611661321,2026,10,Odyssey Sims,Odyssey,odyssey-sims,1,G,5-8,155,"JUL 13, 1992",34,12,Baylor,203824,Signed on 04/16/26,0,1611661321
1611661321,2026,10,Paige Bueckers,Paige,paige-bueckers,5,G,6-0,NA,"OCT 20, 2001",24,1,Connecticut,1642784,#1 Pick in 2025 Draft,0,1611661321
1611661321,2026,10,Costanza Verona,Costanza,costanza-verona,6,G,5-6,NA,"AUG 06, 1999",27,R,NA,1643424,Signed on 04/12/26,1,1611661321
1611661321,2026,10,Alysha Clark,Alysha,alysha-clark,7,F,5-11,167,"JUL 07, 1987",39,13,Middle Tennessee,202252,Signed on 04/14/26,0,1611661321
1611661321,2026,10,Alanna Smith,Alanna,alanna-smith,8,F,6-4,177,"SEP 10, 1996",29,7,Stanford,1629501,Signed on 04/11/26,0,1611661321
1611661321,2026,10,Aziaha James,Aziaha,aziaha-james,10,G,5-10,NA,"NOV 19, 2002",23,1,North Carolina State,1642793,#12 Pick in 2025 Draft,0,1611661321
1611661321,2026,10,Christyn Williams,Christyn,christyn-williams,13,G,5-11,174,"MAY 20, 2000",26,1,Connecticut,1631090,Signed on 08/29/25,1,1611661321
1611661321,2026,10,Maddy Siegrist,Maddy,maddy-siegrist,20,F,6-2,175,"MAY 22, 2000",26,3,Villanova,1641652,#3 Pick in 2023 Draft,0,1611661321
1611661321,2026,10,Arike Ogunbowale,Arike,arike-ogunbowale,24,G,5-8,165,"MAR 02, 1997",29,7,Notre Dame,1629481,#5 Pick in 2019 Draft,0,1611661321
1611661321,2026,10,Li Yueru,Li,li-yueru,28,C,6-7,NA,"MAR 28, 1999",27,3,                                   ,1629574,Traded from SEA on 06/14/25,0,1611661321
1611661321,2026,10,Haley Jones,Haley,haley-jones,30,F-G,6-1,202,"MAY 23, 2001",25,3,Stanford,1641650,Signed on 06/21/26,1,1611661321
1611661321,2026,10,Jessica Shepard,Jessica,jessica-shepard,32,F,6-4,175,"SEP 11, 1996",29,5,Notre Dame,1629491,Signed on 04/11/26,0,1611661321
1611661321,2026,10,Kitija Laksa,Kitija,kitija-laksa,33,G,6-1,NA,"MAY 21, 1996",30,1,South Florida,1629490,Signed on 08/24/26,0,1611661321
1611661321,2026,10,Awak Kuier,Awak,awak-kuier,34,F,6-6,168,"AUG 19, 2001",25,3,Ragusa,1630386,#2 Pick in 2021 Draft,0,1611661321
1611661322,2026,10,Shakira Austin,Shakira,shakira-austin,0,C,6-5,200,"JUL 25, 2000",26,4,Mississippi,1631022,#3 Pick in 2022 Draft,0,1611661322
1611661322,2026,10,Alicia Florez,Alicia,alicia-florez,2,G,5-9,166,"APR 19, 2004",22,R,NA,1643644,Signed on 05/07/26,0,1611661322
1611661322,2026,10,Rori Harmon,Rori,rori-harmon,3,G,5-6,146,"JAN 29, 2003",23,R,Texas,1643450,#34 Pick in 2026 Draft,1,1611661322
1611661322,2026,10,Darianna Littlepage-Buggs,Darianna,darianna-littlepage-buggs,5,G-F,6-1,159,"SEP 23, 2003",22,R,Baylor,1643440,#30 Pick in 2026 Draft,1,1611661322
1611661322,2026,10,Georgia Amoore,Georgia,georgia-amoore,8,G,5-6,155,"APR 03, 2001",25,R,Kentucky,1642781,#6 Pick in 2025 Draft,0,1611661322
1611661322,2026,10,Michaela Onyenwere,Michaela,michaela-onyenwere,12,F,6-0,202,"AUG 10, 1999",27,5,UCLA,1630446,Signed on 04/12/26,0,1611661322
1611661322,2026,10,Cassandre Prosper,Cassandre,cassandre-prosper,18,G,6-3,182,"JUN 25, 2005",21,R,Notre Dame,1643467,#19 Pick in 2026 Draft,0,1611661322
1611661322,2026,10,Sonia Citron,Sonia,sonia-citron,22,G,6-1,175,"OCT 22, 2003",22,1,Notre Dame,1642785,#3 Pick in 2025 Draft,0,1611661322
1611661322,2026,10,Cotie McMahon,Cotie,cotie-mcmahon,23,G,6-0,203,"MAY 04, 2004",22,R,Mississippi,1643430,#11 Pick in 2026 Draft,0,1611661322
1611661322,2026,10,Angela Dugalic,Angela,angela-dugalic,32,F,6-4,199,"DEC 29, 2001",24,R,UCLA,1643455,#9 Pick in 2026 Draft,0,1611661322
1611661322,2026,10,Lucy Olsen,Lucy,lucy-olsen,33,G,5-10,141,"MAY 26, 2003",23,1,Iowa,1642802,#23 Pick in 2025 Draft,0,1611661322
1611661322,2026,10,Betnijah Laney-Hamilton,Betnijah,betnijah-laney-hamilton,44,G-F,6-0,166,"OCT 29, 1993",32,9,Rutgers,204335,Awarded on Waivers on 08/08/26,0,1611661322
1611661322,2026,10,Kiki Iriafen,Kiki,kiki-iriafen,44,F,6-3,202,"AUG 26, 2003",23,1,Southern California,1642792,#4 Pick in 2025 Draft,0,1611661322
1611661322,2026,10,Lauren Betts,Lauren,lauren-betts,51,C,6-7,NA,"OCT 15, 2003",22,R,UCLA,1643427,#4 Pick in 2026 Draft,0,1611661322
1611661323,2026,10,Diamond Miller,Diamond,diamond-miller,1,F,6-1,178,"FEB 11, 2001",25,3,Maryland,1641649,Traded from DAL on 04/09/26,0,1611661323
1611661323,2026,10,Hailey Van Lith,Hailey,hailey-van-lith,2,G,5-9,157,"SEP 09, 2001",24,1,TCU,1642817,Awarded on Waivers on 05/06/26,0,1611661323
1611661323,2026,10,Ashlon Jackson,Ashlon,ashlon-jackson,3,G,6-0,170,"JAN 06, 2004",22,R,Duke,1643437,Signed on 05/06/26,0,1611661323
1611661323,2026,10,Charlisse Leger-Walker,Charlisse,charlisse-leger-walker,4,G,5-10,190,"SEP 15, 2001",24,R,UCLA,1643449,#18 Pick in 2026 Draft,0,1611661323
1611661323,2026,10,Gianna Kneepkens,Gianna,gianna-kneepkens,5,G,5-11,174,"MAR 04, 2003",23,R,UCLA,1643429,#15 Pick in 2026 Draft,0,1611661323
1611661323,2026,10,Aaliyah Edwards,Aaliyah,aaliyah-edwards,8,F,6-3,206,"JUL 09, 2002",24,2,Connecticut,1642290,Traded from WAS on 08/07/25,0,1611661323
1611661323,2026,10,Olivia Nelson-Ododa,Olivia,olivia-nelson-ododa,10,C,6-5,179,"AUG 17, 2000",26,4,Connecticut,1631135,Traded from LAS on 01/16/23,0,1611661323
1611661323,2026,10,Rayah Marshall,Rayah,rayah-marshall,13,C-F,6-4,NA,"NOV 15, 2003",22,1,Southern California,1642796,Signed on 08/01/26,1,1611661323
1611661323,2026,10,Raegan Beers,Raegan,raegan-beers,15,F,6-4,244,"JUL 23, 2003",23,R,Oklahoma,1643441,Signed on 04/15/26,0,1611661323
1611661323,2026,10,Saniya Rivers,Saniya,saniya-rivers,22,G,6-1,159,"MAR 04, 2003",23,1,North Carolina State,1642809,#8 Pick in 2025 Draft,0,1611661323
1611661323,2026,10,Kennedy Burke,Kennedy,kennedy-burke,25,G-F,6-1,199,"FEB 14, 1997",29,6,UCLA,1629568,Signed on 04/12/26,0,1611661323
1611661323,2026,10,Nell Angloma,Nell,nell-angloma,33,F,6-1,NA,"JUN 12, 2006",20,R,NA,1643448,#12 Pick in 2026 Draft,0,1611661323
1611661323,2026,10,Brittney Griner,Brittney,brittney-griner,42,C,6-9,219,"OCT 18, 1990",35,12,Baylor,203398,Signed on 04/11/26,0,1611661323
1611661323,2026,10,Leila Lacan,Leila,leila-lacan,47,G,5-11,NA,"JUN 02, 2004",22,1,NA,1642303,#10 Pick in 2024 Draft,0,1611661323
1611661324,2026,10,Elena Buenavida,Elena,elena-buenavida,,G,5-9,NA,"MAR 08, 2004",22,R,NA,1643825,Signed on 08/11/26,1,1611661324
1611661324,2026,10,Natasha Howard,Natasha,natasha-howard,1,F,6-2,171,"SEP 02, 1991",34,12,Florida State,203827,Signed on 04/12/26,0,1611661324
1611661324,2026,10,Liatu King,Liatu,liatu-king,2,F,5-11,178,"FEB 10, 2002",24,1,Notre Dame,1642820,Signed on 04/16/26,1,1611661324
1611661324,2026,10,Maya Caldwell,Maya,maya-caldwell,3,G,5-11,159,"DEC 15, 1998",27,4,Georgia,1630471,Traded from PDX on 05/06/26,0,1611661324
1611661324,2026,10,Olivia Miles,Olivia,olivia-miles,5,G,5-10,168,"JAN 29, 2003",23,R,TCU,1643426,#2 Pick in 2026 Draft,0,1611661324
1611661324,2026,10,Anastasiia Olairi Kosu,Anastasiia Olairi,anastasiia-olairi-kosu,7,F,6-1,200,"APR 21, 2005",21,1,NA,1642797,#15 Pick in 2025 Draft,0,1611661324
1611661324,2026,10,Antonia Delaere,Antonia,antonia-delaere,8,G,5-11,155,"AUG 01, 1994",32,R,NA,1643489,Signed on 04/12/26,0,1611661324
1611661324,2026,10,Courtney Williams,Courtney,courtney-williams,10,G,5-8,147,"MAY 11, 1994",32,10,South Florida,1627675,Signed on 02/01/24,0,1611661324
1611661324,2026,10,Eliska Joklova,Eliska,eliska-joklova,11,G,6-0,162,"OCT 01, 2001",24,R,NA,1643490,Signed on 04/12/26,0,1611661324
1611661324,2026,10,Nia Coffey,Nia,nia-coffey,12,F,6-1,177,"JUN 11, 1995",31,9,Northwestern,1628269,Signed on 04/12/26,0,1611661324
1611661324,2026,10,Dorka Juhasz,Dorka,dorka-juhasz,14,F,6-5,190,"DEC 18, 1999",26,2,Connecticut,1641657,#16 Pick in 2023 Draft,0,1611661324
1611661324,2026,10,Kayla McBride,Kayla,kayla-mcbride,21,G,5-11,179,"JUN 25, 1992",34,12,Notre Dame,203825,Signed on 02/01/21,0,1611661324
1611661324,2026,10,Napheesa Collier,Napheesa,napheesa-collier,24,F,6-1,182,"SEP 23, 1996",29,7,Connecticut,1629483,#6 Pick in 2019 Draft,0,1611661324
1611661324,2026,10,Chloe Bibby,Chloe,chloe-bibby,55,F,6-2,191,"JUN 15, 1998",28,1,Maryland,1631064,Signed on 08/01/26,0,1611661324
1611661325,2026,10,Kelsey Mitchell,Kelsey,kelsey-mitchell,0,G,5-8,153,"NOV 12, 1995",30,8,Ohio State,1628909,#2 Pick in 2018 Draft,0,1611661325
1611661325,2026,10,Michelle Onyiah,Michelle,michelle-onyiah,1,F-C,6-3,NA,"MAR 12, 2002",24,R,California-Berkeley,1642803,Signed on 07/31/26,1,1611661325
1611661325,2026,10,Myisha Hines-Allen,Myisha,myisha-hines-allen,2,F,6-2,200,"MAY 30, 1995",31,8,Louisville,1628899,Signed on 04/17/26,0,1611661325
1611661325,2026,10,Raven Johnson,Raven,raven-johnson,3,G,5-8,167,"MAR 04, 2003",23,R,South Carolina,1643433,#10 Pick in 2026 Draft,0,1611661325
1611661325,2026,10,Mercedes Russell,Mercedes,mercedes-russell,5,C,6-6,195,"JUL 27, 1995",31,8,Tennessee,1628920,Signed on 08/10/26,0,1611661325
1611661325,2026,10,Aliyah Boston,Aliyah,aliyah-boston,7,C-F,6-5,217,"DEC 11, 2001",24,3,South Carolina,1641648,#1 Pick in 2023 Draft,0,1611661325
1611661325,2026,10,Sophie Cunningham,Sophie,sophie-cunningham,8,G,6-1,156,"AUG 16, 1996",30,7,Missouri,1629482,Traded from PHX on 02/02/25,0,1611661325
1611661325,2026,10,Lexie Hull,Lexie,lexie-hull,10,G,6-2,155,"SEP 13, 1999",26,4,Stanford,1631086,#6 Pick in 2022 Draft,0,1611661325
1611661325,2026,10,Grace VanSlooten,Grace,grace-vanslooten,14,F,6-3,NA,"JUN 16, 2004",22,R,Michigan State,1643453,Signed on 05/22/26,0,1611661325
1611661325,2026,10,Makayla Timpson,Makayla,makayla-timpson,21,F-C,6-2,177,"SEP 20, 2002",23,1,Florida State,1642815,#19 Pick in 2025 Draft,0,1611661325
1611661325,2026,10,Caitlin Clark,Caitlin,caitlin-clark,22,G,6-0,157,"JAN 22, 2002",24,2,Iowa,1642286,#1 Pick in 2024 Draft,0,1611661325
1611661325,2026,10,Bree Hall,Bree,bree-hall,23,G,6-1,161,"JUN 28, 2003",23,1,South Carolina,1642788,Signed on 09/04/25,1,1611661325
1611661325,2026,10,Monique Billings,Monique,monique-billings,25,F,6-4,190,"MAY 02, 1996",30,8,UCLA,1628881,Signed on 04/13/26,0,1611661325
1611661325,2026,10,Tyasha Harris,Tyasha,tyasha-harris,52,G,5-10,164,"MAY 01, 1998",28,6,South Carolina,1630112,Signed on 04/13/26,0,1611661325
1611661327,2026,10,Carla Leite,Carla,carla-leite,0,G,5-9,151,"APR 16, 2004",22,1,NA,1642304,Drafted in 2026 Expansion Draft,0,1611661327
1611661327,2026,10,Sania Feagin,Sania,sania-feagin,1,F,6-3,NA,"MAR 15, 2003",23,1,South Carolina,1642790,Signed on 06/24/26,1,1611661327
1611661327,2026,10,Jordan Harrison,Jordan,jordan-harrison,2,G,5-6,132,"APR 26, 2004",22,R,West Virginia,1643527,Signed on 04/15/26,0,1611661327
1611661327,2026,10,Bridget Carleton,Bridget,bridget-carleton,6,F,6-2,190,"MAY 22, 1997",29,7,Iowa State,1629524,Drafted in 2026 Expansion Draft,0,1611661327
1611661327,2026,10,Teja Oblak,Teja,teja-oblak,7,G,5-8,149,"DEC 20, 1990",35,R,NA,1643506,Signed on 04/14/26,0,1611661327
1611661327,2026,10,Amy Okonkwo,Amy,amy-okonkwo,8,F,6-2,NA,"AUG 26, 1996",30,1,TCU,1629539,Signed on 08/10/26,0,1611661327
1611661327,2026,10,Nyadiew Puoch,Nyadiew,nyadiew-puoch,13,F,6-3,167,"JUN 23, 2004",22,R,Southside,1642296,Drafted in 2026 Expansion Draft,0,1611661327
1611661327,2026,10,Luisa Geiselsoder,Luisa,luisa-geiselsoder,15,C,6-4,204,"FEB 10, 2000",26,1,                                   ,1630143,Drafted in 2026 Expansion Draft,0,1611661327
1611661327,2026,10,Megan DiLeo,Megan,megan-dileo,17,C,6-4,208,"DEC 13, 1996",29,7,Iowa,1629484,Signed on 04/12/26,0,1611661327
1611661327,2026,10,Frieda Buhner,Frieda,frieda-buhner,20,F-C,6-2,175,"MAY 28, 2004",22,R,NA,1643494,#17 Pick in 2026 Draft,0,1611661327
1611661327,2026,10,Emily Engstler,Emily,emily-engstler,21,F,6-1,184,"MAY 01, 2000",26,4,Louisville,1631083,Drafted in 2026 Expansion Draft,0,1611661327
1611661327,2026,10,Serah Williams,Serah,serah-williams,25,F,6-4,185,"JAN 17, 2004",22,R,Connecticut,1643436,Traded from CON on 04/13/26,0,1611661327
1611661327,2026,10,Karlie Samuelson,Karlie,karlie-samuelson,44,G,6-0,159,"MAY 10, 1995",31,7,Stanford,1628317,Signed on 04/11/26,0,1611661327
1611661327,2026,10,Holly Winterburn,Holly,holly-winterburn,77,G,5-11,NA,"OCT 01, 2000",25,R,Oregon,1641683,Signed on 05/13/26,0,1611661327
1611661328,2026,10,Natisha Hiedeman,Natisha,natisha-hiedeman,2,G,5-8,132,"FEB 10, 1997",29,7,Marquette,1629567,Signed on 04/11/26,0,1611661328
1611661328,2026,10,Taylor Thierry,Taylor,taylor-thierry,3,G-F,6-1,NA,"JAN 08, 2003",23,1,Ohio State,1642814,Signed on 05/14/26,0,1611661328
1611661328,2026,10,Flau'jae Johnson,Flau'jae,flaujae-johnson,4,G,5-10,NA,"NOV 03, 2003",22,R,Louisiana State,1643428,Traded from GSV on 04/13/26,0,1611661328
1611661328,2026,10,Jade Melbourne,Jade,jade-melbourne,5,G,5-10,145,"AUG 18, 2002",24,3,                                   ,1631141,Signed on 04/12/26,0,1611661328
1611661328,2026,10,Zia Cooke,Zia,zia-cooke,7,G,5-9,163,"JAN 09, 2001",25,3,South Carolina,1641660,Signed on 08/18/25,0,1611661328
1611661328,2026,10,Awa Fam,Awa,awa-fam,11,C,6-4,NA,"JUN 17, 2006",20,R,NA,1643443,#3 Pick in 2026 Draft,0,1611661328
1611661328,2026,10,Ezi Magbegor,Ezi,ezi-magbegor,13,F-C,6-4,181,"AUG 13, 1999",27,6,Melbourne,1629496,#12 Pick in 2019 Draft,0,1611661328
1611661328,2026,10,Dominique Malonga,Dominique,dominique-malonga,14,C,6-6,NA,"NOV 16, 2005",20,1,NA,1642798,#2 Pick in 2025 Draft,0,1611661328
1611661328,2026,10,Taina Mair,Taina,taina-mair,22,G,5-9,NA,"NOV 20, 2003",22,R,Duke,1643473,#14 Pick in 2026 Draft,1,1611661328
1611661328,2026,10,Jordan Horston,Jordan,jordan-horston,23,F,6-2,165,"MAY 21, 2001",25,2,Tennessee,1641651,#9 Pick in 2023 Draft,0,1611661328
1611661328,2026,10,Stefanie Dolson,Stefanie,stefanie-dolson,31,C,6-5,235,"JAN 08, 1992",34,12,Connecticut,203828,Signed on 04/12/26,0,1611661328
1611661328,2026,10,Katie Lou Samuelson,Katie Lou,katie-lou-samuelson,33,G,6-3,163,"JUN 13, 1997",29,5,Connecticut,1629478,Signed on 02/21/25,0,1611661328
1611661328,2026,10,Mackenzie Holmes,Mackenzie,mackenzie-holmes,54,F,6-3,NA,"NOV 01, 2000",25,1,Indiana,1642307,#26 Pick in 2024 Draft,0,1611661328
1611661329,2026,10,Jacy Sheldon,Jacy,jacy-sheldon,0,G,5-10,140,"AUG 23, 2000",26,2,Ohio State,1642292,Traded from WAS on 04/11/26,0,1611661329
1611661329,2026,10,Elizabeth Williams,Elizabeth,elizabeth-williams,1,C-F,6-3,200,"JUN 23, 1993",33,11,Duke,204322,Signed on 02/02/23,0,1611661329
1611661329,2026,10,Skylar Diggins,Skylar,skylar-diggins,4,G,5-9,140,"AUG 02, 1990",36,11,Notre Dame,203400,Signed on 04/11/26,0,1611661329
1611661329,2026,10,DiJonai Carrington,DiJonai,dijonai-carrington,7,G-F,5-11,175,"JAN 08, 1998",28,5,Baylor,1630096,Signed on 04/12/26,0,1611661329
1611661329,2026,10,Natasha Cloud,Natasha,natasha-cloud,9,G,5-10,160,"FEB 22, 1992",34,10,St. Joseph's (PA),204333,Signed on 05/04/26,0,1611661329
1611661329,2026,10,Kamilla Cardoso,Kamilla,kamilla-cardoso,10,C,6-7,215,"APR 30, 2001",25,2,South Carolina,1642289,#3 Pick in 2024 Draft,0,1611661329
1611661329,2026,10,Gabriela Jaquez,Gabriela,gabriela-jaquez,11,G,6-0,NA,"NOV 19, 2003",22,R,UCLA,1643447,#5 Pick in 2026 Draft,0,1611661329
1611661329,2026,10,Sydney Taylor,Sydney,sydney-taylor,12,G,5-9,NA,"JUN 21, 2001",25,R,Louisville,1642321,Signed on 04/13/26,0,1611661329
1611661329,2026,10,Morgan Maly,Morgan,morgan-maly,15,F,6-1,NA,"JAN 25, 2002",24,R,Creighton,1642835,Signed on 08/18/26,1,1611661329
1611661329,2026,10,Courtney Vandersloot,Courtney,courtney-vandersloot,22,G,5-8,137,"FEB 08, 1989",37,15,Gonzaga,202664,Signed on 02/02/25,0,1611661329
1611661329,2026,10,Rachel Banham,Rachel,rachel-banham,24,G,5-10,181,"JUL 15, 1993",33,10,Minnesota,1627671,Traded from CON on 07/17/24,0,1611661329
1611661329,2026,10,Azura Stevens,Azura,azura-stevens,30,F-C,6-6,180,"FEB 01, 1996",30,8,Connecticut,1628922,Signed on 04/11/26,0,1611661329
1611661329,2026,10,Aicha Coulibaly,Aicha,aicha-coulibaly,35,G,6-0,NA,"OCT 18, 2001",24,R,Texas A&M,1642786,#22 Pick in 2025 Draft,0,1611661329
1611661330,2026,10,Naz Hillmon,Naz,naz-hillmon,00,F,6-2,190,"APR 05, 2000",26,4,Michigan,1631044,#15 Pick in 2022 Draft,0,1611661330
1611661330,2026,10,Te-Hina Paopao,Te-Hina,te-hina-paopao,2,G,5-9,NA,"AUG 21, 2002",24,1,South Carolina,1642804,#18 Pick in 2025 Draft,0,1611661330
1611661330,2026,10,Jordin Canada,Jordin,jordin-canada,3,G,5-6,135,"AUG 11, 1995",31,8,UCLA,1628886,Traded from LAS on 02/01/24,0,1611661330
1611661330,2026,10,Angel Reese,Angel,angel-reese,5,F,6-4,165,"MAY 06, 2002",24,2,Louisiana State,1642291,Traded from CHI on 04/06/26,0,1611661330
1611661330,2026,10,Rhyne Howard,Rhyne,rhyne-howard,10,G,6-2,175,"APR 29, 2000",26,4,Kentucky,1631009,#1 Pick in 2022 Draft,0,1611661330
1611661330,2026,10,Madina Okot,Madina,madina-okot,11,C,6-6,NA,"AUG 23, 2004",22,R,South Carolina,1643431,#13 Pick in 2026 Draft,0,1611661330
1611661330,2026,10,Allisha Gray,Allisha,allisha-gray,15,G,6-0,167,"JAN 12, 1995",31,9,South Carolina,1628277,Traded from DAL on 01/21/23,0,1611661330
1611661330,2026,10,Isobel Borlase,Isobel,isobel-borlase,20,G,5-11,NA,"SEP 12, 2004",21,R,Adelaide,1642302,#20 Pick in 2024 Draft,0,1611661330
1611661330,2026,10,Indya Nivar,Indya,indya-nivar,21,G,5-10,NA,"JAN 16, 2004",22,R,North Carolina,1643469,#28 Pick in 2026 Draft,1,1611661330
1611661330,2026,10,Sika Kone,Sika,sika-kone,23,F,6-3,180,"JUL 13, 2002",24,3,Spain,1631021,Signed on 08/15/25,0,1611661330
1611661330,2026,10,DeWanna Bonner,DeWanna,dewanna-bonner,24,F-G,6-4,140,"AUG 21, 1987",39,16,Auburn,201886,Signed on 08/27/26,0,1611661330
1611661330,2026,10,Shatori Walker-Kimbrough,Shatori,shatori-walker-kimbrough,33,G,5-9,140,"MAY 18, 1995",31,9,Maryland,1628278,Signed on 07/07/26,0,1611661330
1611661330,2026,10,Brionna Jones,Brionna,brionna-jones,42,F,6-3,215,"DEC 18, 1995",30,9,Maryland,1628280,Signed on 02/01/25,0,1611661330
1611661331,2026,10,Gabby Williams,Gabby,gabby-williams,1,F,5-11,172,"SEP 09, 1996",29,7,Connecticut,1628931,Signed on 04/12/26,0,1611661331
1611661331,2026,10,Kaitlyn Chen,Kaitlyn,kaitlyn-chen,2,G,5-9,NA,"FEB 22, 2002",24,1,Connecticut,1642822,#30 Pick in 2025 Draft,0,1611661331
1611661331,2026,10,Laeticia Amihere,Laeticia,laeticia-amihere,3,F,6-3,185,"JUL 10, 2001",25,3,South Carolina,1641656,Awarded on Waivers on 02/06/25,0,1611661331
1611661331,2026,10,Juste Jocyte,Juste,juste-jocyte,4,G-F,6-0,NA,"NOV 19, 2005",20,R,NA,1642794,#5 Pick in 2025 Draft,0,1611661331
1611661331,2026,10,Kayla Thornton,Kayla,kayla-thornton,5,F,6-1,190,"OCT 20, 1992",33,10,Texas-El Paso,203866,Drafted in 2024 Expansion Draft,0,1611661331
1611661331,2026,10,Kaila Charles,Kaila,kaila-charles,6,G-F,6-1,168,"MAR 23, 1998",28,5,Maryland,1630097,Signed on 08/01/25,0,1611661331
1611661331,2026,10,Miela Sowah,Miela,miela-sowah,7,G,5-10,148,"JUN 04, 2000",26,R,Duke,1631039,Signed on 04/12/26,1,1611661331
1611661331,2026,10,Ashten Prechtel,Ashten,ashten-prechtel,11,F,6-5,NA,"MAY 11, 2001",25,R,Stanford,1641695,Signed on 05/10/26,1,1611661331
1611661331,2026,10,Iliana Rupert,Iliana,iliana-rupert,12,C,6-4,189,"JUL 12, 2001",25,3,Tango Bourges,1630387,Drafted in 2024 Expansion Draft,0,1611661331
1611661331,2026,10,Janelle Salaun,Janelle,janelle-salaun,13,F,6-2,NA,"SEP 05, 2001",24,1,NA,1642767,Signed on 02/05/25,0,1611661331
1611661331,2026,10,Tiffany Hayes,Tiffany,tiffany-hayes,15,G,5-10,155,"SEP 20, 1989",36,13,Connecticut,203026,Signed on 02/06/25,0,1611661331
1611661331,2026,10,Veronica Burton,Veronica,veronica-burton,22,G,5-9,155,"JUL 12, 2000",26,4,Northwestern,1631007,Drafted in 2024 Expansion Draft,0,1611661331
1611661331,2026,10,Cecilia Zandalasini,Cecilia,cecilia-zandalasini,24,F,6-2,175,"MAR 16, 1996",30,4,PF Schio,1628508,Drafted in 2024 Expansion Draft,0,1611661331
1611661331,2026,10,Kiah Stokes,Kiah,kiah-stokes,41,C,6-3,191,"MAR 30, 1993",33,10,Connecticut,204329,Signed on 04/13/26,0,1611661331
1611661331,2026,10,Nadia Fingall,Nadia,nadia-fingall,45,C,6-4,NA,"AUG 12, 1998",28,R,Stanford,1643686,Signed on 06/07/26,0,1611661331
1611661332,2026,10,Zaay Green,Zaay,zaay-green,00,G,6-2,NA,"MAR 25, 2000",26,R,Alabama,1642791,Signed on 08/11/26,1,1611661332
1611661332,2026,10,Kiki Rice,Kiki,kiki-rice,1,G,5-11,166,"JAN 14, 2004",22,R,UCLA,1643445,#6 Pick in 2026 Draft,0,1611661332
1611661332,2026,10,Laura Juskaite,Laura,laura-juskaite,2,F,6-4,188,"SEP 22, 1997",28,R,NA,1643420,Signed on 04/11/26,0,1611661332
1611661332,2026,10,Marina Mabrey,Marina,marina-mabrey,3,G,6-1,186,"SEP 14, 1996",29,7,Notre Dame,1629497,Drafted in 2026 Expansion Draft,0,1611661332
1611661332,2026,10,Teonni Key,Teonni,teonni-key,7,F,6-4,170,"JUL 10, 2003",23,R,Kentucky,1643457,#22 Pick in 2026 Draft,0,1611661332
1611661332,2026,10,Nyara Sabally,Nyara,nyara-sabally,8,F,6-5,214,"FEB 26, 2000",26,3,Oregon,1631055,Drafted in 2026 Expansion Draft,0,1611661332
1611661332,2026,10,Maria Conde,Maria,maria-conde,10,F,6-3,168,"JAN 14, 1997",29,R,Florida State,1629576,Drafted in 2026 Expansion Draft,0,1611661332
1611661332,2026,10,Kia Nurse,Kia,kia-nurse,11,G,6-0,195,"FEB 22, 1996",30,7,Connecticut,1628915,Signed on 04/14/26,0,1611661332
1611661332,2026,10,Temi Fagbenle,Temi,temi-fagbenle,14,C,6-5,180,"SEP 08, 1992",33,5,Harvard,1627701,Signed on 04/14/26,0,1611661332
1611661332,2026,10,Brittney Sykes,Brittney,brittney-sykes,20,G,5-11,152,"FEB 07, 1994",32,9,Syracuse,1628279,Signed on 04/11/26,0,1611661332
1611661332,2026,10,Isabelle Harrison,Isabelle,isabelle-harrison,21,F,6-5,193,"SEP 27, 1993",32,8,Tennessee,204330,Signed on 04/12/26,0,1611661332
1611661332,2026,10,Julie Allemand,Julie,julie-allemand,22,G,5-10,152,"JUL 07, 1996",30,3,Castors Braine,1627700,Drafted in 2026 Expansion Draft,0,1611661332
1611661332,2026,10,Aneesah Morrow,Aneesah,aneesah-morrow,24,F,6-1,178,"FEB 02, 2003",23,1,Louisiana State,1642800,Traded from CON on 07/31/26,0,1611661332
1611661332,2026,10,Ornella Bankole,Ornella,ornella-bankole,33,F,5-11,NA,"SEP 17, 1997",28,R,NA,1643706,Signed on 06/29/26,1,1611661332
