game_id,season,season_type,game_date,matchup,home_team_id,home_team_abbreviation,home_team_name,home_pts,home_wl,away_team_id,away_team_abbreviation,away_team_name,away_pts,away_wl
1022600001,2026,regular-season,2026-05-08,NYL vs. CON,1611661313,NYL,New York Liberty,106,W,1611661323,CON,Connecticut Sun,75,L
1022600002,2026,regular-season,2026-05-08,TOR vs. WAS,1611661332,TOR,Toronto Tempo,65,L,1611661322,WAS,Washington Mystics,68,W
1022600003,2026,regular-season,2026-05-08,SEA vs. GSV,1611661328,SEA,Seattle Storm,80,L,1611661331,GSV,Golden State Valkyries,91,W
1022600004,2026,regular-season,2026-05-09,IND vs. DAL,1611661325,IND,Indiana Fever,104,L,1611661321,DAL,Dallas Wings,107,W
1022600005,2026,regular-season,2026-05-09,LVA vs. PHX,1611661319,LVA,Las Vegas Aces,66,L,1611661317,PHX,Phoenix Mercury,99,W
1022600006,2026,regular-season,2026-05-09,PDX vs. CHI,1611661327,PDX,Portland Fire,83,L,1611661329,CHI,Chicago Sky,98,W
1022600007,2026,regular-season,2026-05-10,CON vs. SEA,1611661323,CON,Connecticut Sun,82,L,1611661328,SEA,Seattle Storm,89,W
1022600008,2026,regular-season,2026-05-10,WAS vs. NYL,1611661322,WAS,Washington Mystics,93,L,1611661313,NYL,New York Liberty,98,W
1022600009,2026,regular-season,2026-05-10,LAS vs. LVA,1611661320,LAS,Los Angeles Sparks,78,L,1611661319,LVA,Las Vegas Aces,105,W
1022600010,2026,regular-season,2026-05-09,MIN vs. ATL,1611661324,MIN,Minnesota Lynx,90,L,1611661330,ATL,Atlanta Dream,91,W
1022600011,2026,regular-season,2026-05-10,GSV vs. PHX,1611661331,GSV,Golden State Valkyries,95,W,1611661317,PHX,Phoenix Mercury,79,L
1022600012,2026,regular-season,2026-05-12,DAL vs. ATL,1611661321,DAL,Dallas Wings,72,L,1611661330,ATL,Atlanta Dream,77,W
1022600013,2026,regular-season,2026-05-12,PHX vs. MIN,1611661317,PHX,Phoenix Mercury,84,L,1611661324,MIN,Minnesota Lynx,88,W
1022600014,2026,regular-season,2026-05-12,PDX vs. NYL,1611661327,PDX,Portland Fire,98,W,1611661313,NYL,New York Liberty,96,L
1022600015,2026,regular-season,2026-05-13,TOR vs. SEA,1611661332,TOR,Toronto Tempo,86,W,1611661328,SEA,Seattle Storm,73,L
1022600016,2026,regular-season,2026-05-13,CON vs. LVA,1611661323,CON,Connecticut Sun,69,L,1611661319,LVA,Las Vegas Aces,98,W
1022600017,2026,regular-season,2026-05-13,GSV vs. CHI,1611661331,GSV,Golden State Valkyries,63,L,1611661329,CHI,Chicago Sky,69,W
1022600018,2026,regular-season,2026-05-13,LAS vs. IND,1611661320,LAS,Los Angeles Sparks,78,L,1611661325,IND,Indiana Fever,87,W
1022600019,2026,regular-season,2026-05-14,DAL vs. MIN,1611661321,DAL,Dallas Wings,86,L,1611661324,MIN,Minnesota Lynx,90,W
1022600020,2026,regular-season,2026-05-14,PDX vs. NYL,1611661327,PDX,Portland Fire,82,L,1611661313,NYL,New York Liberty,100,W
1022600021,2026,regular-season,2026-05-15,CON vs. LVA,1611661323,CON,Connecticut Sun,94,L,1611661319,LVA,Las Vegas Aces,101,W
1022600022,2026,regular-season,2026-05-15,IND vs. WAS,1611661325,IND,Indiana Fever,102,L,1611661322,WAS,Washington Mystics,104,W
1022600023,2026,regular-season,2026-05-15,LAS vs. TOR,1611661320,LAS,Los Angeles Sparks,99,W,1611661332,TOR,Toronto Tempo,95,L
1022600024,2026,regular-season,2026-05-15,PHX vs. CHI,1611661317,PHX,Phoenix Mercury,91,W,1611661329,CHI,Chicago Sky,83,L
1022600025,2026,regular-season,2026-05-17,MIN vs. CHI,1611661324,MIN,Minnesota Lynx,79,L,1611661329,CHI,Chicago Sky,86,W
1022600026,2026,regular-season,2026-05-17,ATL vs. LVA,1611661330,ATL,Atlanta Dream,84,L,1611661319,LVA,Las Vegas Aces,85,W
1022600027,2026,regular-season,2026-05-17,IND vs. SEA,1611661325,IND,Indiana Fever,89,W,1611661328,SEA,Seattle Storm,78,L
1022600028,2026,regular-season,2026-05-17,LAS vs. TOR,1611661320,LAS,Los Angeles Sparks,96,L,1611661332,TOR,Toronto Tempo,106,W
1022600029,2026,regular-season,2026-05-18,DAL vs. WAS,1611661321,DAL,Dallas Wings,92,W,1611661322,WAS,Washington Mystics,69,L
1022600030,2026,regular-season,2026-05-18,PDX vs. CON,1611661327,PDX,Portland Fire,83,W,1611661323,CON,Connecticut Sun,82,L
1022600031,2026,regular-season,2026-05-19,PHX vs. TOR,1611661317,PHX,Phoenix Mercury,90,L,1611661332,TOR,Toronto Tempo,98,W
1022600032,2026,regular-season,2026-05-20,IND vs. PDX,1611661325,IND,Indiana Fever,90,W,1611661327,PDX,Portland Fire,73,L
1022600033,2026,regular-season,2026-05-20,CHI vs. DAL,1611661329,CHI,Chicago Sky,89,L,1611661321,DAL,Dallas Wings,99,W
1022600034,2026,regular-season,2026-05-20,SEA vs. CON,1611661328,SEA,Seattle Storm,78,L,1611661323,CON,Connecticut Sun,80,W
1022600035,2026,regular-season,2026-05-21,NYL vs. GSV,1611661313,NYL,New York Liberty,70,L,1611661331,GSV,Golden State Valkyries,87,W
1022600036,2026,regular-season,2026-05-21,MIN vs. TOR,1611661324,MIN,Minnesota Lynx,100,W,1611661332,TOR,Toronto Tempo,72,L
1022600037,2026,regular-season,2026-05-21,PHX vs. LAS,1611661317,PHX,Phoenix Mercury,88,L,1611661320,LAS,Los Angeles Sparks,97,W
1022600038,2026,regular-season,2026-05-22,ATL vs. DAL,1611661330,ATL,Atlanta Dream,86,W,1611661321,DAL,Dallas Wings,69,L
1022600039,2026,regular-season,2026-05-22,IND vs. GSV,1611661325,IND,Indiana Fever,90,W,1611661331,GSV,Golden State Valkyries,82,L
1022600040,2026,regular-season,2026-05-22,SEA vs. CON,1611661328,SEA,Seattle Storm,77,W,1611661323,CON,Connecticut Sun,59,L
1022600041,2026,regular-season,2026-05-23,CHI vs. MIN,1611661329,CHI,Chicago Sky,75,L,1611661324,MIN,Minnesota Lynx,85,W
1022600042,2026,regular-season,2026-05-23,TOR vs. PDX,1611661332,TOR,Toronto Tempo,80,L,1611661327,PDX,Portland Fire,99,W
1022600043,2026,regular-season,2026-05-23,LVA vs. LAS,1611661319,LVA,Las Vegas Aces,95,L,1611661320,LAS,Los Angeles Sparks,101,W
1022600044,2026,regular-season,2026-05-24,ATL vs. PHX,1611661330,ATL,Atlanta Dream,82,W,1611661317,PHX,Phoenix Mercury,80,L
1022600045,2026,regular-season,2026-05-24,NYL vs. DAL,1611661313,NYL,New York Liberty,76,L,1611661321,DAL,Dallas Wings,91,W
1022600046,2026,regular-season,2026-05-24,SEA vs. WAS,1611661328,SEA,Seattle Storm,97,W,1611661322,WAS,Washington Mystics,85,L
1022600047,2026,regular-season,2026-05-25,NYL vs. PDX,1611661313,NYL,New York Liberty,74,L,1611661327,PDX,Portland Fire,81,W
1022600048,2026,regular-season,2026-05-25,GSV vs. CON,1611661331,GSV,Golden State Valkyries,97,W,1611661323,CON,Connecticut Sun,70,L
1022600049,2026,regular-season,2026-05-27,NYL vs. PHX,1611661313,NYL,New York Liberty,84,W,1611661317,PHX,Phoenix Mercury,74,L
1022600050,2026,regular-season,2026-05-27,CHI vs. TOR,1611661329,CHI,Chicago Sky,104,L,1611661332,TOR,Toronto Tempo,111,W
1022600051,2026,regular-season,2026-05-27,MIN vs. ATL,1611661324,MIN,Minnesota Lynx,96,W,1611661330,ATL,Atlanta Dream,81,L
1022600052,2026,regular-season,2026-05-27,PDX vs. CON,1611661327,PDX,Portland Fire,71,W,1611661323,CON,Connecticut Sun,61,L
1022600053,2026,regular-season,2026-05-27,SEA vs. WAS,1611661328,SEA,Seattle Storm,64,L,1611661322,WAS,Washington Mystics,78,W
1022600054,2026,regular-season,2026-05-28,DAL vs. LVA,1611661321,DAL,Dallas Wings,95,W,1611661319,LVA,Las Vegas Aces,87,L
1022600055,2026,regular-season,2026-05-28,GSV vs. IND,1611661331,GSV,Golden State Valkyries,90,W,1611661325,IND,Indiana Fever,88,L
1022600056,2026,regular-season,2026-05-29,NYL vs. PHX,1611661313,NYL,New York Liberty,75,W,1611661317,PHX,Phoenix Mercury,68,L
1022600057,2026,regular-season,2026-05-29,WAS vs. LAS,1611661322,WAS,Washington Mystics,87,L,1611661320,LAS,Los Angeles Sparks,92,W
1022600058,2026,regular-season,2026-05-29,CHI vs. MIN,1611661329,CHI,Chicago Sky,58,L,1611661324,MIN,Minnesota Lynx,79,W
1022600059,2026,regular-season,2026-05-29,PDX vs. ATL,1611661327,PDX,Portland Fire,66,L,1611661330,ATL,Atlanta Dream,86,W
1022600060,2026,regular-season,2026-05-30,TOR vs. SEA,1611661332,TOR,Toronto Tempo,93,W,1611661328,SEA,Seattle Storm,72,L
1022600061,2026,regular-season,2026-05-30,CON vs. LAS,1611661323,CON,Connecticut Sun,84,W,1611661320,LAS,Los Angeles Sparks,81,L
1022600062,2026,regular-season,2026-05-30,PDX vs. IND,1611661327,PDX,Portland Fire,100,W,1611661325,IND,Indiana Fever,84,L
1022600063,2026,regular-season,2026-05-31,GSV vs. LVA,1611661331,GSV,Golden State Valkyries,81,L,1611661319,LVA,Las Vegas Aces,91,W
1022600064,2026,regular-season,2026-06-01,DAL vs. SEA,1611661321,DAL,Dallas Wings,79,W,1611661328,SEA,Seattle Storm,56,L
1022600065,2026,regular-season,2026-06-01,PHX vs. MIN,1611661317,PHX,Phoenix Mercury,77,L,1611661324,MIN,Minnesota Lynx,111,W
1022600066,2026,regular-season,2026-06-02,ATL vs. CON,1611661330,ATL,Atlanta Dream,91,W,1611661323,CON,Connecticut Sun,75,L
1022600067,2026,regular-season,2026-06-02,WAS vs. CHI,1611661322,WAS,Washington Mystics,90,W,1611661329,CHI,Chicago Sky,72,L
1022600068,2026,regular-season,2026-06-02,GSV vs. PDX,1611661331,GSV,Golden State Valkyries,95,W,1611661327,PDX,Portland Fire,77,L
1022600069,2026,regular-season,2026-06-02,LAS vs. LVA,1611661320,LAS,Los Angeles Sparks,69,L,1611661319,LVA,Las Vegas Aces,79,W
1022600070,2026,regular-season,2026-06-03,NYL vs. TOR,1611661313,NYL,New York Liberty,97,W,1611661332,TOR,Toronto Tempo,82,L
1022600071,2026,regular-season,2026-06-03,SEA vs. PHX,1611661328,SEA,Seattle Storm,68,L,1611661317,PHX,Phoenix Mercury,72,W
1022600072,2026,regular-season,2026-06-04,IND vs. ATL,1611661325,IND,Indiana Fever,83,W,1611661330,ATL,Atlanta Dream,71,L
1022600073,2026,regular-season,2026-06-04,MIN vs. GSV,1611661324,MIN,Minnesota Lynx,87,W,1611661331,GSV,Golden State Valkyries,84,L
1022600074,2026,regular-season,2026-06-05,CHI vs. CON,1611661329,CHI,Chicago Sky,85,W,1611661323,CON,Connecticut Sun,80,L
1022600075,2026,regular-season,2026-06-05,LAS vs. DAL,1611661320,LAS,Los Angeles Sparks,96,L,1611661321,DAL,Dallas Wings,104,W
1022600076,2026,regular-season,2026-06-05,PDX vs. PHX,1611661327,PDX,Portland Fire,72,L,1611661317,PHX,Phoenix Mercury,78,W
1022600077,2026,regular-season,2026-06-06,MIN vs. SEA,1611661324,MIN,Minnesota Lynx,88,W,1611661328,SEA,Seattle Storm,68,L
1022600078,2026,regular-season,2026-06-06,LVA vs. GSV,1611661319,LVA,Las Vegas Aces,84,W,1611661331,GSV,Golden State Valkyries,79,L
1022600079,2026,regular-season,2026-06-06,ATL vs. WAS,1611661330,ATL,Atlanta Dream,109,W,1611661322,WAS,Washington Mystics,77,L
1022600080,2026,regular-season,2026-06-06,NYL vs. IND,1611661313,NYL,New York Liberty,83,W,1611661325,IND,Indiana Fever,75,L
1022600081,2026,regular-season,2026-06-07,TOR vs. CHI,1611661332,TOR,Toronto Tempo,85,W,1611661329,CHI,Chicago Sky,68,L
1022600082,2026,regular-season,2026-06-07,LAS vs. PDX,1611661320,LAS,Los Angeles Sparks,89,W,1611661327,PDX,Portland Fire,72,L
1022600083,2026,regular-season,2026-06-08,CON vs. NYL,1611661323,CON,Connecticut Sun,80,L,1611661313,NYL,New York Liberty,89,W
1022600084,2026,regular-season,2026-06-08,WAS vs. IND,1611661322,WAS,Washington Mystics,76,L,1611661325,IND,Indiana Fever,78,W
1022600085,2026,regular-season,2026-06-08,LVA vs. SEA,1611661319,LVA,Las Vegas Aces,101,W,1611661328,SEA,Seattle Storm,91,L
1022600086,2026,regular-season,2026-06-09,CHI vs. ATL,1611661329,CHI,Chicago Sky,75,L,1611661330,ATL,Atlanta Dream,82,W
1022600087,2026,regular-season,2026-06-09,MIN vs. DAL,1611661324,MIN,Minnesota Lynx,100,W,1611661321,DAL,Dallas Wings,76,L
1022600088,2026,regular-season,2026-06-09,GSV vs. PHX,1611661331,GSV,Golden State Valkyries,87,W,1611661317,PHX,Phoenix Mercury,81,L
1022600089,2026,regular-season,2026-06-10,TOR vs. CON,1611661332,TOR,Toronto Tempo,106,W,1611661323,CON,Connecticut Sun,102,L
1022600090,2026,regular-season,2026-06-10,SEA vs. LAS,1611661328,SEA,Seattle Storm,83,L,1611661320,LAS,Los Angeles Sparks,88,W
1022600091,2026,regular-season,2026-06-11,IND vs. CHI,1611661325,IND,Indiana Fever,114,W,1611661329,CHI,Chicago Sky,106,L
1022600092,2026,regular-season,2026-06-11,ATL vs. NYL,1611661330,ATL,Atlanta Dream,90,L,1611661313,NYL,New York Liberty,104,W
1022600093,2026,regular-season,2026-06-11,DAL vs. PHX,1611661321,DAL,Dallas Wings,85,W,1611661317,PHX,Phoenix Mercury,70,L
1022600094,2026,regular-season,2026-06-11,PDX vs. LVA,1611661327,PDX,Portland Fire,89,L,1611661319,LVA,Las Vegas Aces,105,W
1022600095,2026,regular-season,2026-06-12,WAS vs. TOR,1611661322,WAS,Washington Mystics,86,W,1611661332,TOR,Toronto Tempo,85,L
1022600096,2026,regular-season,2026-06-12,SEA vs. GSV,1611661328,SEA,Seattle Storm,72,L,1611661331,GSV,Golden State Valkyries,76,W
1022600097,2026,regular-season,2026-06-13,CON vs. IND,1611661323,CON,Connecticut Sun,75,L,1611661325,IND,Indiana Fever,85,W
1022600098,2026,regular-season,2026-06-13,LVA vs. MIN,1611661319,LVA,Las Vegas Aces,100,W,1611661324,MIN,Minnesota Lynx,97,L
1022600099,2026,regular-season,2026-06-13,PDX vs. DAL,1611661327,PDX,Portland Fire,84,W,1611661321,DAL,Dallas Wings,83,L
1022600100,2026,regular-season,2026-06-13,PHX vs. LAS,1611661317,PHX,Phoenix Mercury,102,L,1611661320,LAS,Los Angeles Sparks,111,W
1022600101,2026,regular-season,2026-06-14,NYL vs. WAS,1611661313,NYL,New York Liberty,86,W,1611661322,WAS,Washington Mystics,64,L
1022600102,2026,regular-season,2026-06-14,TOR vs. ATL,1611661332,TOR,Toronto Tempo,77,L,1611661330,ATL,Atlanta Dream,102,W
1022600103,2026,regular-season,2026-06-15,DAL vs. LVA,1611661321,DAL,Dallas Wings,96,W,1611661319,LVA,Las Vegas Aces,66,L
1022600104,2026,regular-season,2026-06-15,MIN vs. PDX,1611661324,MIN,Minnesota Lynx,107,W,1611661327,PDX,Portland Fire,74,L
1022600105,2026,regular-season,2026-06-15,GSV vs. LAS,1611661331,GSV,Golden State Valkyries,78,W,1611661320,LAS,Los Angeles Sparks,58,L
1022600106,2026,regular-season,2026-06-16,IND vs. TOR,1611661325,IND,Indiana Fever,113,W,1611661332,TOR,Toronto Tempo,91,L
1022600107,2026,regular-season,2026-06-17,CON vs. WAS,1611661323,CON,Connecticut Sun,81,L,1611661322,WAS,Washington Mystics,88,W
1022600108,2026,regular-season,2026-06-17,CHI vs. NYL,1611661329,CHI,Chicago Sky,95,L,1611661313,NYL,New York Liberty,96,W
1022600109,2026,regular-season,2026-06-17,GSV vs. DAL,1611661331,GSV,Golden State Valkyries,91,W,1611661321,DAL,Dallas Wings,80,L
1022600110,2026,regular-season,2026-06-17,LAS vs. MIN,1611661320,LAS,Los Angeles Sparks,83,L,1611661324,MIN,Minnesota Lynx,99,W
1022600111,2026,regular-season,2026-06-17,PHX vs. LVA,1611661317,PHX,Phoenix Mercury,76,L,1611661319,LVA,Las Vegas Aces,86,W
1022600112,2026,regular-season,2026-06-17,PDX vs. SEA,1611661327,PDX,Portland Fire,94,W,1611661328,SEA,Seattle Storm,89,L
1022600113,2026,regular-season,2026-06-18,IND vs. ATL,1611661325,IND,Indiana Fever,101,L,1611661330,ATL,Atlanta Dream,108,W
1022600114,2026,regular-season,2026-06-19,CON vs. TOR,1611661323,CON,Connecticut Sun,97,L,1611661332,TOR,Toronto Tempo,101,W
1022600115,2026,regular-season,2026-06-19,NYL vs. WAS,1611661313,NYL,New York Liberty,83,L,1611661322,WAS,Washington Mystics,86,W
1022600116,2026,regular-season,2026-06-19,GSV vs. MIN,1611661331,GSV,Golden State Valkyries,75,L,1611661324,MIN,Minnesota Lynx,81,W
1022600117,2026,regular-season,2026-06-20,ATL vs. IND,1611661330,ATL,Atlanta Dream,113,W,1611661325,IND,Indiana Fever,96,L
1022600118,2026,regular-season,2026-06-20,PHX vs. SEA,1611661317,PHX,Phoenix Mercury,93,W,1611661328,SEA,Seattle Storm,73,L
1022600119,2026,regular-season,2026-06-20,DAL vs. CHI,1611661321,DAL,Dallas Wings,93,W,1611661329,CHI,Chicago Sky,92,L
1022600120,2026,regular-season,2026-06-21,LVA vs. GSV,1611661319,LVA,Las Vegas Aces,92,W,1611661331,GSV,Golden State Valkyries,73,L
1022600121,2026,regular-season,2026-06-21,MIN vs. WAS,1611661324,MIN,Minnesota Lynx,79,L,1611661322,WAS,Washington Mystics,84,W
1022600122,2026,regular-season,2026-06-21,LAS vs. NYL,1611661320,LAS,Los Angeles Sparks,98,W,1611661313,NYL,New York Liberty,97,L
1022600123,2026,regular-season,2026-06-22,CON vs. CHI,1611661323,CON,Connecticut Sun,92,W,1611661329,CHI,Chicago Sky,63,L
1022600124,2026,regular-season,2026-06-22,ATL vs. TOR,1611661330,ATL,Atlanta Dream,94,W,1611661332,TOR,Toronto Tempo,87,L
1022600125,2026,regular-season,2026-06-22,IND vs. PHX,1611661325,IND,Indiana Fever,86,W,1611661317,PHX,Phoenix Mercury,77,L
1022600126,2026,regular-season,2026-06-22,SEA vs. DAL,1611661328,SEA,Seattle Storm,110,L,1611661321,DAL,Dallas Wings,112,W
1022600127,2026,regular-season,2026-06-23,LVA vs. NYL,1611661319,LVA,Las Vegas Aces,76,L,1611661313,NYL,New York Liberty,87,W
1022600128,2026,regular-season,2026-06-24,IND vs. PHX,1611661325,IND,Indiana Fever,109,L,1611661317,PHX,Phoenix Mercury,111,W
1022600129,2026,regular-season,2026-06-24,WAS vs. MIN,1611661322,WAS,Washington Mystics,76,L,1611661324,MIN,Minnesota Lynx,78,W
1022600130,2026,regular-season,2026-06-24,CHI vs. PDX,1611661329,CHI,Chicago Sky,101,W,1611661327,PDX,Portland Fire,78,L
1022600131,2026,regular-season,2026-06-24,GSV vs. ATL,1611661331,GSV,Golden State Valkyries,77,W,1611661330,ATL,Atlanta Dream,66,L
1022600132,2026,regular-season,2026-06-25,TOR vs. LAS,1611661332,TOR,Toronto Tempo,125,W,1611661320,LAS,Los Angeles Sparks,97,L
1022600133,2026,regular-season,2026-06-25,LVA vs. DAL,1611661319,LVA,Las Vegas Aces,99,W,1611661321,DAL,Dallas Wings,84,L
1022600134,2026,regular-season,2026-06-25,SEA vs. NYL,1611661328,SEA,Seattle Storm,99,W,1611661313,NYL,New York Liberty,88,L
1022600135,2026,regular-season,2026-06-26,CON vs. WAS,1611661323,CON,Connecticut Sun,68,W,1611661322,WAS,Washington Mystics,57,L
1022600136,2026,regular-season,2026-06-26,CHI vs. PDX,1611661329,CHI,Chicago Sky,124,W,1611661327,PDX,Portland Fire,94,L
1022600137,2026,regular-season,2026-06-26,GSV vs. ATL,1611661331,GSV,Golden State Valkyries,78,W,1611661330,ATL,Atlanta Dream,75,L
1022600138,2026,regular-season,2026-06-27,TOR vs. PHX,1611661332,TOR,Toronto Tempo,80,L,1611661317,PHX,Phoenix Mercury,89,W
1022600139,2026,regular-season,2026-06-27,IND vs. LAS,1611661325,IND,Indiana Fever,111,W,1611661320,LAS,Los Angeles Sparks,87,L
1022600140,2026,regular-season,2026-06-27,SEA vs. ATL,1611661328,SEA,Seattle Storm,105,W,1611661330,ATL,Atlanta Dream,90,L
1022600141,2026,regular-season,2026-06-28,DAL vs. MIN,1611661321,DAL,Dallas Wings,77,L,1611661324,MIN,Minnesota Lynx,85,W
1022600142,2026,regular-season,2026-06-28,WAS vs. PDX,1611661322,WAS,Washington Mystics,124,W,1611661327,PDX,Portland Fire,123,L
1022600143,2026,regular-season,2026-06-28,CHI vs. LVA,1611661329,CHI,Chicago Sky,99,L,1611661319,LVA,Las Vegas Aces,107,W
1022600144,2026,regular-season,2026-06-28,GSV vs. NYL,1611661331,GSV,Golden State Valkyries,76,W,1611661313,NYL,New York Liberty,67,L
1022600145,2026,regular-season,2026-07-02,WAS vs. ATL,1611661322,WAS,Washington Mystics,81,W,1611661330,ATL,Atlanta Dream,76,L
1022600146,2026,regular-season,2026-07-02,CON vs. DAL,1611661323,CON,Connecticut Sun,83,L,1611661321,DAL,Dallas Wings,86,W
1022600147,2026,regular-season,2026-07-02,PHX vs. SEA,1611661317,PHX,Phoenix Mercury,90,W,1611661328,SEA,Seattle Storm,67,L
1022600148,2026,regular-season,2026-07-03,NYL vs. MIN,1611661313,NYL,New York Liberty,99,W,1611661324,MIN,Minnesota Lynx,86,L
1022600149,2026,regular-season,2026-07-03,LVA vs. CHI,1611661319,LVA,Las Vegas Aces,98,W,1611661329,CHI,Chicago Sky,90,L
1022600150,2026,regular-season,2026-07-04,ATL vs. GSV,1611661330,ATL,Atlanta Dream,83,L,1611661331,GSV,Golden State Valkyries,88,W
1022600151,2026,regular-season,2026-07-04,SEA vs. PDX,1611661328,SEA,Seattle Storm,72,L,1611661327,PDX,Portland Fire,77,W
1022600152,2026,regular-season,2026-07-05,TOR vs. DAL,1611661332,TOR,Toronto Tempo,76,L,1611661321,DAL,Dallas Wings,89,W
1022600153,2026,regular-season,2026-07-05,LVA vs. IND,1611661319,LVA,Las Vegas Aces,68,L,1611661325,IND,Indiana Fever,84,W
1022600154,2026,regular-season,2026-07-06,WAS vs. GSV,1611661322,WAS,Washington Mystics,49,L,1611661331,GSV,Golden State Valkyries,62,W
1022600155,2026,regular-season,2026-07-06,MIN vs. CON,1611661324,MIN,Minnesota Lynx,89,L,1611661323,CON,Connecticut Sun,90,W
1022600156,2026,regular-season,2026-07-06,LAS vs. SEA,1611661320,LAS,Los Angeles Sparks,64,L,1611661328,SEA,Seattle Storm,82,W
1022600157,2026,regular-season,2026-07-07,NYL vs. DAL,1611661313,NYL,New York Liberty,77,L,1611661321,DAL,Dallas Wings,88,W
1022600158,2026,regular-season,2026-07-07,PHX vs. CHI,1611661317,PHX,Phoenix Mercury,66,L,1611661329,CHI,Chicago Sky,77,W
1022600159,2026,regular-season,2026-07-08,TOR vs. GSV,1611661332,TOR,Toronto Tempo,75,L,1611661331,GSV,Golden State Valkyries,83,W
1022600160,2026,regular-season,2026-07-08,CON vs. MIN,1611661323,CON,Connecticut Sun,80,L,1611661324,MIN,Minnesota Lynx,86,W
1022600161,2026,regular-season,2026-07-08,LAS vs. IND,1611661320,LAS,Los Angeles Sparks,106,W,1611661325,IND,Indiana Fever,92,L
1022600162,2026,regular-season,2026-07-09,ATL vs. SEA,1611661330,ATL,Atlanta Dream,89,W,1611661328,SEA,Seattle Storm,78,L
1022600163,2026,regular-season,2026-07-09,PHX vs. IND,1611661317,PHX,Phoenix Mercury,89,L,1611661325,IND,Indiana Fever,92,W
1022600164,2026,regular-season,2026-07-09,PDX vs. LVA,1611661327,PDX,Portland Fire,80,L,1611661319,LVA,Las Vegas Aces,88,W
1022600165,2026,regular-season,2026-07-10,CON vs. GSV,1611661323,CON,Connecticut Sun,64,L,1611661331,GSV,Golden State Valkyries,79,W
1022600166,2026,regular-season,2026-07-10,TOR vs. DAL,1611661332,TOR,Toronto Tempo,95,L,1611661321,DAL,Dallas Wings,108,W
1022600167,2026,regular-season,2026-07-10,LAS vs. CHI,1611661320,LAS,Los Angeles Sparks,102,W,1611661329,CHI,Chicago Sky,87,L
1022600168,2026,regular-season,2026-07-11,MIN vs. NYL,1611661324,MIN,Minnesota Lynx,90,W,1611661313,NYL,New York Liberty,85,L
1022600169,2026,regular-season,2026-07-11,LVA vs. PHX,1611661319,LVA,Las Vegas Aces,106,W,1611661317,PHX,Phoenix Mercury,58,L
1022600170,2026,regular-season,2026-07-11,ATL vs. PDX,1611661330,ATL,Atlanta Dream,92,L,1611661327,PDX,Portland Fire,102,W
1022600171,2026,regular-season,2026-07-12,TOR vs. NYL,1611661332,TOR,Toronto Tempo,93,W,1611661313,NYL,New York Liberty,91,L
1022600172,2026,regular-season,2026-07-12,WAS vs. SEA,1611661322,WAS,Washington Mystics,84,W,1611661328,SEA,Seattle Storm,79,L
1022600173,2026,regular-season,2026-07-12,DAL vs. CHI,1611661321,DAL,Dallas Wings,96,W,1611661329,CHI,Chicago Sky,91,L
1022600174,2026,regular-season,2026-07-12,LVA vs. IND,1611661319,LVA,Las Vegas Aces,75,L,1611661325,IND,Indiana Fever,109,W
1022600175,2026,regular-season,2026-07-13,ATL vs. LAS,1611661330,ATL,Atlanta Dream,101,W,1611661320,LAS,Los Angeles Sparks,92,L
1022600176,2026,regular-season,2026-07-13,MIN vs. PHX,1611661324,MIN,Minnesota Lynx,104,W,1611661317,PHX,Phoenix Mercury,100,L
1022600177,2026,regular-season,2026-07-14,CON vs. PDX,1611661323,CON,Connecticut Sun,90,W,1611661327,PDX,Portland Fire,87,L
1022600178,2026,regular-season,2026-07-14,TOR vs. WAS,1611661332,TOR,Toronto Tempo,62,L,1611661322,WAS,Washington Mystics,79,W
1022600179,2026,regular-season,2026-07-15,CHI vs. SEA,1611661329,CHI,Chicago Sky,95,W,1611661328,SEA,Seattle Storm,90,L
1022600180,2026,regular-season,2026-07-15,MIN vs. LAS,1611661324,MIN,Minnesota Lynx,96,W,1611661320,LAS,Los Angeles Sparks,87,L
1022600181,2026,regular-season,2026-07-15,IND vs. GSV,1611661325,IND,Indiana Fever,75,L,1611661331,GSV,Golden State Valkyries,88,W
1022600182,2026,regular-season,2026-07-16,WAS vs. PDX,1611661322,WAS,Washington Mystics,56,L,1611661327,PDX,Portland Fire,75,W
1022600183,2026,regular-season,2026-07-20,DAL vs. NYL,1611661321,DAL,Dallas Wings,98,L,1611661313,NYL,New York Liberty,99,W
1022600184,2026,regular-season,2026-07-17,IND vs. SEA,1611661325,IND,Indiana Fever,110,W,1611661328,SEA,Seattle Storm,107,L
1022600185,2026,regular-season,2026-07-17,TOR vs. ATL,1611661332,TOR,Toronto Tempo,92,L,1611661330,ATL,Atlanta Dream,111,W
1022600186,2026,regular-season,2026-07-17,CHI vs. LAS,1611661329,CHI,Chicago Sky,96,W,1611661320,LAS,Los Angeles Sparks,82,L
1022600187,2026,regular-season,2026-07-17,PHX vs. CON,1611661317,PHX,Phoenix Mercury,83,L,1611661323,CON,Connecticut Sun,96,W
1022600188,2026,regular-season,2026-07-18,IND vs. NYL,1611661325,IND,Indiana Fever,108,W,1611661313,NYL,New York Liberty,88,L
1022600189,2026,regular-season,2026-07-18,MIN vs. PDX,1611661324,MIN,Minnesota Lynx,101,W,1611661327,PDX,Portland Fire,93,L
1022600190,2026,regular-season,2026-07-18,GSV vs. WAS,1611661331,GSV,Golden State Valkyries,74,W,1611661322,WAS,Washington Mystics,69,L
1022600191,2026,regular-season,2026-07-19,DAL vs. LAS,1611661321,DAL,Dallas Wings,90,W,1611661320,LAS,Los Angeles Sparks,82,L
1022600192,2026,regular-season,2026-07-19,ATL vs. CHI,1611661330,ATL,Atlanta Dream,93,W,1611661329,CHI,Chicago Sky,91,L
1022600193,2026,regular-season,2026-07-19,PHX vs. CON,1611661317,PHX,Phoenix Mercury,72,W,1611661323,CON,Connecticut Sun,63,L
1022600194,2026,regular-season,2026-07-20,TOR vs. LVA,1611661332,TOR,Toronto Tempo,83,L,1611661319,LVA,Las Vegas Aces,109,W
1022600195,2026,regular-season,2026-07-20,GSV vs. WAS,1611661331,GSV,Golden State Valkyries,82,L,1611661322,WAS,Washington Mystics,90,W
1022600196,2026,regular-season,2026-07-20,SEA vs. MIN,1611661328,SEA,Seattle Storm,102,L,1611661324,MIN,Minnesota Lynx,105,W
1022600197,2026,regular-season,2026-07-22,LAS vs. PHX,1611661320,LAS,Los Angeles Sparks,82,L,1611661317,PHX,Phoenix Mercury,86,W
1022600198,2026,regular-season,2026-07-22,SEA vs. MIN,1611661328,SEA,Seattle Storm,76,L,1611661324,MIN,Minnesota Lynx,86,W
1022600199,2026,regular-season,2026-07-22,NYL vs. CHI,1611661313,NYL,New York Liberty,95,W,1611661329,CHI,Chicago Sky,94,L
1022600200,2026,regular-season,2026-07-22,WAS vs. LVA,1611661322,WAS,Washington Mystics,100,W,1611661319,LVA,Las Vegas Aces,99,L
1022600201,2026,regular-season,2026-07-22,IND vs. CON,1611661325,IND,Indiana Fever,123,W,1611661323,CON,Connecticut Sun,88,L
1022600202,2026,regular-season,2026-07-22,PDX vs. DAL,1611661327,PDX,Portland Fire,97,L,1611661321,DAL,Dallas Wings,101,W
